00000000: 4d5a 9000 0300 0000 0400 0000 ffff 0000  MZ..............
00000010: b800 0000 0000 0000 4000 0000 0000 0000  ........@.......
00000020: 0000 0000 0000 0000 0000 0000 0000 0000  ................
00000030: 0000 0000 0000 0000 0000 0000 8000 0000  ................
00000040: 0e1f ba0e 00b4 09cd 21b8 014c cd21 5468  ........!..L.!Th
00000050: 6973 2070 726f 6772 616d 2063 616e 6e6f  is program canno
00000060: 7420 6265 2072 756e 2069 6e20 444f 5320  t be run in DOS 
00000070: 6d6f 6465 2e0d 0d0a 2400 0000 0000 0000  mode....$.......
00000080: 5045 0000 4c01 0300 912b f9c8 0000 0000  PE..L....+......
00000090: 0000 0000 e000 0221 0b01 3000 00ee 0200  .......!..0.....
000000a0: 0006 0000 0000 0000 9e0c 0300 0020 0000  ............. ..
000000b0: 0000 0000 0000 4000 0020 0000 0002 0000  ......@.. ......
000000c0: 0400 0000 0000 0000 0400 0000 0000 0000  ................
000000d0: 0060 0300 0002 0000 0000 0000 0300 6085  .`............`.
000000e0: 0000 1000 0010 0000 0000 1000 0010 0000  ................
000000f0: 0000 0000 1000 0000 0000 0000 0000 0000  ................
00000100: 440c 0300 5700 0000 0020 0300 5c03 0000  D...W.... ..\...
00000110: 0000 0000 0000 0000 0000 0000 0000 0000  ................
00000120: 0040 0300 0c00 0000 b40b 0300 3800 0000  .@..........8...
00000130: 0000 0000 0000 0000 0000 0000 0000 0000  ................
00000140: 0000 0000 0000 0000 0000 0000 0000 0000  ................
00000150: 0000 0000 0000 0000 0020 0000 0800 0000  ......... ......
00000160: 0000 0000 0000 0000 0820 0000 4800 0000  ......... ..H...
00000170: 0000 0000 0000 0000 2e74 6578 7400 0000  .........text...
00000180: a4ec 0200 0020 0000 00ee 0200 0002 0000  ..... ..........
00000190: 0000 0000 0000 0000 0000 0000 2000 0060  ............ ..`
000001a0: 2e72 7372 6300 0000 5c03 0000 0020 0300  .rsrc...\.... ..
000001b0: 0004 0000 00f0 0200 0000 0000 0000 0000  ................
000001c0: 0000 0000 4000 0040 2e72 656c 6f63 0000  ....@..@.reloc..
000001d0: 0c00 0000 0040 0300 0002 0000 00f4 0200  .....@..........
000001e0: 0000 0000 0000 0000 0000 0000 4000 0042  ............@..B
000001f0: 0000 0000 0000 0000 0000 0000 0000 0000  ................
00000200: 800c 0300 0000 0000 4800 0000 0200 0500  ........H.......
00000210: 34d0 0100 803b 0100 0100 0000 0000 0000  4....;..........
00000220: 0000 0000 0000 0000 0000 0000 0000 0000  ................
00000230: 0000 0000 0000 0000 0000 0000 0000 0000  ................
00000240: 0000 0000 0000 0000 0000 0000 0000 0000  ................
00000250: 2202 2801 0000 0a00 2a3e 0228 0100 000a  ".(.....*>.(....
00000260: 0002 037d 0100 0004 2a00 0000 1330 0600  ...}....*....0..
00000270: a200 0000 0000 0000 0228 0600 000a 0000  .........(......
00000280: 0228 0500 0006 0002 2839 0000 0600 0272  .(......(9.....r
00000290: 0100 0070 7203 0000 7002 fe06 3b00 0006  ...pr...p...;...
000002a0: 7307 0000 0a16 1673 0800 000a 7d02 0000  s......s....}...
000002b0: 0402 7201 0000 7072 3500 0070 02fe 063c  ..r...pr5..p...<
000002c0: 0000 0673 0700 000a 1616 7308 0000 0a7d  ...s......s....}
000002d0: 0400 0004 0272 0100 0070 2809 0000 0a6f  .....r...p(....o
000002e0: 0a00 000a 7255 0000 706f 0b00 000a 7416  ....rU..po....t.
000002f0: 0000 0102 fe06 3d00 0006 7307 0000 0a16  ......=...s.....
00000300: 1673 0800 000a 7d03 0000 0402 2836 0000  .s....}.....(6..
00000310: 0600 0228 0a00 0006 002a 1a7e 1b00 0004  ...(.....*.~....
00000320: 2a1e 0280 1b00 0004 2a00 0000 1330 0200  *.......*....0..
00000330: 3b00 0000 0100 0011 73f9 0000 060a 0628  ;.......s......(
00000340: 0c00 000a 7d75 0100 0406 027d 7801 0004  ....}u.....}x...
00000350: 0603 7d76 0100 0406 047d 7701 0004 0615  ..}v.....}w.....
00000360: 7d74 0100 0406 7c75 0100 0412 0028 0100  }t....|u.....(..
00000370: 002b 2a00 1330 0200 3b00 0000 0200 0011  .+*..0..;.......
00000380: 73e4 0000 060a 0628 0c00 000a 7d36 0100  s......(....}6..
00000390: 0406 027d 3901 0004 0603 7d37 0100 0406  ...}9.....}7....
000003a0: 047d 3801 0004 0615 7d35 0100 0406 7c36  .}8.....}5....|6
000003b0: 0100 0412 0028 0200 002b 2a00 1330 0200  .....(...+*..0..
000003c0: 3b00 0000 0300 0011 73f3 0000 060a 0628  ;.......s......(
000003d0: 0c00 000a 7d65 0100 0406 027d 6801 0004  ....}e.....}h...
000003e0: 0603 7d66 0100 0406 047d 6701 0004 0615  ..}f.....}g.....
000003f0: 7d64 0100 0406 7c65 0100 0412 0028 0300  }d....|e.....(..
00000400: 002b 2a00 1330 0200 3b00 0000 0400 0011  .+*..0..;.......
00000410: 73e7 0000 060a 0628 0c00 000a 7d3e 0100  s......(....}>..
00000420: 0406 027d 4101 0004 0603 7d3f 0100 0406  ...}A.....}?....
00000430: 047d 4001 0004 0615 7d3d 0100 0406 7c3e  .}@.....}=....|>
00000440: 0100 0412 0028 0400 002b 2a00 1330 0200  .....(...+*..0..
00000450: 2d00 0000 0500 0011 73b7 0000 060a 0628  -.......s......(
00000460: 0c00 000a 7db8 0000 0406 027d b900 0004  ....}......}....
00000470: 0615 7db7 0000 0406 7cb8 0000 0412 0028  ..}.....|......(
00000480: 0500 002b 2a00 0000 1330 0200 3800 0000  ...+*....0..8...
00000490: 0600 0011 73ae 0000 060a 0628 1000 000a  ....s......(....
000004a0: 7d9f 0000 0406 027d a000 0004 0615 7d9e  }......}......}.
000004b0: 0000 0406 7c9f 0000 0412 0028 0600 002b  ....|......(...+
000004c0: 067c 9f00 0004 2812 0000 0a2a 1b30 0200  .|....(....*.0..
000004d0: 9100 0000 0700 0011 0000 2813 0000 0a0b  ..........(.....
000004e0: 070a 0645 0600 0000 0200 0000 1500 0000  ...E............
000004f0: 6000 0000 2800 0000 3b00 0000 4e00 0000  `...(...;...N...
00000500: 2b5e 726d 0000 7017 7314 0000 0a28 1500  +^rm..p.s....(..
00000510: 000a 002b 4b72 c900 0070 1773 1400 000a  ...+Kr...p.s....
00000520: 2815 0000 0a00 2b38 7217 0100 7017 7314  (.....+8r...p.s.
00000530: 0000 0a28 1500 000a 002b 2572 8501 0070  ...(.....+%r...p
00000540: 1773 1400 000a 2815 0000 0a00 2b12 72cd  .s....(.....+.r.
00000550: 0100 7073 1600 000a 2815 0000 0a00 2b00  ..ps....(.....+.
00000560: 00de 050c 0000 de00 2a00 0000 0110 0000  ........*.......
00000570: 0000 0100 8a8b 0005 1f00 0001 1330 0200  .............0..
00000580: 3b00 0000 0800 0011 7305 0100 060a 0628  ;.......s......(
00000590: 0c00 000a 7da1 0100 0406 027d a401 0004  ....}......}....
000005a0: 0603 7da2 0100 0406 047d a301 0004 0615  ..}......}......
000005b0: 7da0 0100 0406 7ca1 0100 0412 0028 0700  }.....|......(..
000005c0: 002b 2a00 1330 0200 3b00 0000 0900 0011  .+*..0..;.......
000005d0: 73cf 0000 060a 0628 0c00 000a 7dfe 0000  s......(....}...
000005e0: 0406 027d 0101 0004 0603 7dff 0000 0406  ...}......}.....
000005f0: 047d 0001 0004 0615 7dfd 0000 0406 7cfe  .}......}.....|.
00000600: 0000 0412 0028 0800 002b 2a00 1330 0200  .....(...+*..0..
00000610: 3100 0000 0a00 0011 0028 1700 000a 6f18  1........(....o.
00000620: 0000 0a0a 062c 0f02 7b1a 0000 0416 6f19  .....,..{.....o.
00000630: 0000 0a00 2b12 02fe 063e 0000 0673 0700  ....+....>...s..
00000640: 000a 281a 0000 0a00 2a00 0000 1330 0200  ..(.....*....0..
00000650: 2d00 0000 0b00 0011 73bd 0000 060a 0628  -.......s......(
00000660: 0c00 000a 7dc1 0000 0406 027d c200 0004  ....}......}....
00000670: 0615 7dc0 0000 0406 7cc1 0000 0412 0028  ..}.....|......(
00000680: 0900 002b 2a00 0000 1330 0200 2300 0000  ...+*....0..#...
00000690: 0c00 0011 0028 1b00 000a 16fe 010a 062c  .....(.........,
000006a0: 0902 6f11 0000 060b 2b0b 0228 1200 0006  ..o.....+..(....
000006b0: 0017 0b2b 0007 2a00 1330 0200 2d00 0000  ...+..*..0..-...
000006c0: 0d00 0011 73a8 0000 060a 0628 0c00 000a  ....s......(....
000006d0: 7d91 0000 0406 027d 9200 0004 0615 7d90  }......}......}.
000006e0: 0000 0406 7c91 0000 0412 0028 0a00 002b  ....|......(...+
000006f0: 2a00 0000 1330 0200 2d00 0000 0e00 0011  *....0..-.......
00000700: 73b4 0000 060a 0628 0c00 000a 7db3 0000  s......(....}...
00000710: 0406 027d b400 0004 0615 7db2 0000 0406  ...}......}.....
00000720: 7cb3 0000 0412 0028 0b00 002b 2a00 0000  |......(...+*...
00000730: 1330 0200 3800 0000 0f00 0011 73c6 0000  .0..8.......s...
00000740: 060a 0628 1000 000a 7dcf 0000 0406 027d  ...(....}......}
00000750: d000 0004 0615 7dce 0000 0406 7ccf 0000  ......}.....|...
00000760: 0412 0028 0c00 002b 067c cf00 0004 2812  ...(...+.|....(.
00000770: 0000 0a2a 1330 0400 dd00 0000 1000 0011  ...*.0..........
00000780: 0028 1c00 000a 0a06 0c12 0228 1d00 000a  .(.........(....
00000790: 18fe 010b 072c 6c00 027b 1000 0004 6f1e  .....,l..{....o.
000007a0: 0000 0a6f 1f00 000a 17fe 0116 fe01 0d09  ...o............
000007b0: 2c05 38a5 0000 0002 7b10 0000 046f 1e00  ,.8.....{....o..
000007c0: 000a 7320 0000 0a25 2821 0000 0a6f 2200  ..s ...%(!...o".
000007d0: 000a 006f 2300 000a 0002 7b15 0000 0417  ...o#.....{.....
000007e0: 2824 0000 0a00 027b 1500 0004 1728 2500  ($.....{.....(%.
000007f0: 000a 0002 7b1a 0000 0418 2826 0000 0a00  ....{.....(&....
00000800: 002b 5900 027b 1000 0004 6f1e 0000 0a6f  .+Y..{....o....o
00000810: 1f00 000a 18fe 0116 fe01 1304 1104 2c02  ..............,.
00000820: 2b3a 027b 1500 0004 1628 2400 000a 0002  +:.{.....($.....
00000830: 7b15 0000 0418 2825 0000 0a00 027b 1a00  {.....(%.....{..
00000840: 0004 1728 2600 000a 0002 7b10 0000 046f  ...(&.....{....o
00000850: 1e00 000a 176f 2700 000a 0000 2a00 0000  .....o'.....*...
00000860: 1330 0200 3800 0000 1100 0011 73ba 0000  .0..8.......s...
00000870: 060a 0628 1000 000a 7dbe 0000 0406 027d  ...(....}......}
00000880: bf00 0004 0615 7dbd 0000 0406 7cbe 0000  ......}.....|...
00000890: 0412 0028 0d00 002b 067c be00 0004 2812  ...(...+.|....(.
000008a0: 0000 0a2a 1b30 0300 2f02 0000 1200 0011  ...*.0../.......
000008b0: 0014 8028 0000 0a16 8029 0000 0a28 2a00  ...(.....)...(*.
000008c0: 000a 2c0c 2817 0000 0a6f 2b00 000a 2b01  ..,.(....o+...+.
000008d0: 160a 062c 5600 282c 0000 0a6f 0a00 000a  ...,V.(,...o....
000008e0: 7215 0200 706f 0b00 000a a52e 0000 010b  r...po..........
000008f0: 282c 0000 0a6f 0a00 000a 7215 0200 707e  (,...o....r...p~
00000900: 2d00 000a 8c2e 0000 016f 2e00 000a 0028  -........o.....(
00000910: 2c00 000a 6f0a 0000 0a72 1502 0070 078c  ,...o....r...p..
00000920: 2e00 0001 6f2e 0000 0a00 007e 2f00 000a  ....o......~/...
00000930: 166f 3000 000a 0016 280e 0000 2b6f 3200  .o0.....(...+o2.
00000940: 000a 0028 1700 000a 6f18 0000 0a2c 1302  ...(....o....,..
00000950: 2833 0000 0a02 7b02 0000 046f 3400 000a  (3....{....o4...
00000960: 2b01 160c 082c 1202 2833 0000 0a02 7b02  +....,..(3....{.
00000970: 0000 046f 3500 000a 2628 1700 000a 6f18  ...o5...&(....o.
00000980: 0000 0a0d 092c 1100 027b 1a00 0004 166f  .....,...{.....o
00000990: 1900 000a 0000 2b34 0028 1300 000a 172e  ......+4.(......
000009a0: 0a28 1300 000a 16fe 012b 0117 1304 1104  .(.......+......
000009b0: 2c0c 1628 0f00 002b 6f36 0000 0a00 027b  ,..(...+o6.....{
000009c0: 1a00 0004 176f 1900 000a 0000 0228 3700  .....o.......(7.
000009d0: 000a 2838 0000 0a00 7e2f 0000 0a6f 3900  ..(8....~/...o9.
000009e0: 000a 1a2e 0f7e 2f00 000a 6f39 0000 0a18  .....~/...o9....
000009f0: fe01 2b01 1713 0511 0539 9100 0000 0000  ..+......9......
00000a00: 7e2f 0000 0a6f 3a00 000a 6f3b 0000 0a73  ~/...o:...o;...s
00000a10: 3c00 000a 7e2a 0000 0425 2d17 267e 2600  <...~*...%-.&~&.
00000a20: 0004 fe06 4e00 0006 733d 0000 0a25 802a  ....N...s=...%.*
00000a30: 0000 0428 1000 002b 7e2b 0000 0425 2d17  ...(...+~+...%-.
00000a40: 267e 2600 0004 fe06 4f00 0006 733f 0000  &~&.....O...s?..
00000a50: 0a25 802b 0000 0428 1100 002b 6f41 0000  .%.+...(...+oA..
00000a60: 0a13 062b 1111 066f 4200 000a 1307 1107  ...+...oB.......
00000a70: 6f43 0000 0a00 1106 6f44 0000 0a2d e6de  oC......oD...-..
00000a80: 0d11 062c 0811 066f 4500 000a 00dc 0028  ...,...oE......(
00000a90: 4600 000a 252d 0326 2b06 2847 0000 0a00  F...%-.&+.(G....
00000aa0: 7e2f 0000 0a6f 3900 000a 1a33 1628 4800  ~/...o9....3.(H.
00000ab0: 000a 6f49 0000 0a2d 0a28 4a00 000a 16fe  ..oI...-.(J.....
00000ac0: 012b 0116 1308 1108 2c06 284b 0000 0a00  .+......,.(K....
00000ad0: 0228 0f00 0006 0002 2820 0000 0600 2a00  .(......( ....*.
00000ae0: 0110 0000 0200 b301 1ed1 010d 0000 0000  ................
00000af0: 0a00 2a52 0002 fe06 3f00 0006 7307 0000  ..*R....?...s...
00000b00: 0a28 1a00 000a 002a 1330 0200 2d00 0000  .(.....*.0..-...
00000b10: 0a00 0011 007e 2f00 000a 6f39 0000 0a1a  .....~/...o9....
00000b20: 3310 027b 0800 0004 6f4c 0000 0a16 fe01  3..{....oL......
00000b30: 2b01 170a 062c 022b 0702 281b 0000 0600  +....,.+..(.....
00000b40: 2a52 0002 fe06 4000 0006 7307 0000 0a28  *R....@...s....(
00000b50: 1a00 000a 002a 0000 1330 0200 3b00 0000  .....*...0..;...
00000b60: 1300 0011 73d2 0000 060a 0628 0c00 000a  ....s......(....
00000b70: 7d06 0100 0406 027d 0901 0004 0603 7d07  }......}......}.
00000b80: 0100 0406 047d 0801 0004 0615 7d05 0100  .....}......}...
00000b90: 0406 7c06 0100 0412 0028 1200 002b 2a00  ..|......(...+*.
00000ba0: 1330 0200 3b00 0000 1400 0011 73db 0000  .0..;.......s...
00000bb0: 060a 0628 0c00 000a 7d20 0100 0406 027d  ...(....} .....}
00000bc0: 2301 0004 0603 7d21 0100 0406 047d 2201  #.....}!.....}".
00000bd0: 0004 0615 7d1f 0100 0406 7c20 0100 0412  ....}.....| ....
00000be0: 0028 1300 002b 2a00 1330 0200 3b00 0000  .(...+*..0..;...
00000bf0: 1500 0011 73ff 0000 060a 0628 0c00 000a  ....s......(....
00000c00: 7d85 0100 0406 027d 8801 0004 0603 7d86  }......}......}.
00000c10: 0100 0406 047d 8701 0004 0615 7d84 0100  .....}......}...
00000c20: 0406 7c85 0100 0412 0028 1400 002b 2a00  ..|......(...+*.
00000c30: 1330 0200 4500 0000 0a00 0011 0028 1b00  .0..E........(..
00000c40: 000a 0a06 2c11 284d 0000 0a25 2d03 262b  ....,.(M...%-.&+
00000c50: 066f 4e00 000a 007e 2f00 000a 166f 4f00  .oN....~/....oO.
00000c60: 000a 0028 4800 000a 6f50 0000 0a00 7e51  ...(H...oP....~Q
00000c70: 0000 0a6f 5200 000a 0002 2828 0000 0626  ...oR.....((...&
00000c80: 2a00 0000 1b30 0300 7007 0000 1600 0011  *....0..p.......
00000c90: 0028 5300 000a 16fe 010a 062c 1900 02fe  .(S........,....
00000ca0: 0641 0000 0673 0700 000a 281a 0000 0a00  .A...s....(.....
00000cb0: 0038 4907 0000 0000 7e2f 0000 0a6f 3900  .8I.....~/...o9.
00000cc0: 000a 0c08 0b07 4506 0000 0005 0000 007e  ......E........~
00000cd0: 0100 007f 0200 0080 0300 0081 0400 0014  ................
00000ce0: 0600 0038 0d07 0000 027b 0d00 0004 166f  ...8.....{.....o
00000cf0: 1900 000a 0002 7b0e 0000 0416 6f19 0000  ......{.....o...
00000d00: 0a00 027b 0f00 0004 166f 1900 000a 0002  ...{.....o......
00000d10: 7b08 0000 0416 6f54 0000 0a00 027b 1600  {.....oT.....{..
00000d20: 0004 176f 5400 000a 0002 7b17 0000 0417  ...oT.....{.....
00000d30: 6f54 0000 0a00 027b 1800 0004 7e55 0000  oT.....{....~U..
00000d40: 0a6f 5600 000a 0002 7b18 0000 0417 6f54  .oV.....{.....oT
00000d50: 0000 0a00 027b 1200 0004 724f 0200 7028  .....{....rO..p(
00000d60: 5700 000a 6f58 0000 0a00 027b 1200 0004  W...oX.....{....
00000d70: 282c 0000 0a6f 0a00 000a 7287 0200 706f  (,...o....r...po
00000d80: 0b00 000a a52e 0000 016f 5900 000a 0002  .........oY.....
00000d90: 7b13 0000 0472 4f02 0070 2857 0000 0a6f  {....rO..p(W...o
00000da0: 5800 000a 0002 7b13 0000 0428 2c00 000a  X.....{....(,...
00000db0: 6f0a 0000 0a72 8702 0070 6f0b 0000 0aa5  o....r...po.....
00000dc0: 2e00 0001 6f59 0000 0a00 027b 1600 0004  ....oY.....{....
00000dd0: 176f 1900 000a 0002 7b18 0000 0416 6f19  .o......{.....o.
00000de0: 0000 0a00 027b 1700 0004 176f 1900 000a  .....{.....o....
00000df0: 0002 7b19 0000 0416 6f19 0000 0a00 027b  ..{.....o......{
00000e00: 1800 0004 176f 5400 000a 0028 1700 000a  .....oT....(....
00000e10: 6f5a 0000 0a2c 3402 7b0a 0000 046f 5b00  oZ...,4.{....o[.
00000e20: 000a 7e2c 0000 0425 2d17 267e 2600 0004  ..~,...%-.&~&...
00000e30: fe06 5000 0006 735c 0000 0a25 802c 0000  ..P...s\...%.,..
00000e40: 0428 1500 002b 16fe 012b 0117 0d09 2c05  .(...+...+....,.
00000e50: 38a0 0500 0002 2836 0000 0600 3894 0500  8.....(6....8...
00000e60: 0002 7b0d 0000 0416 6f19 0000 0a00 027b  ..{.....o......{
00000e70: 0e00 0004 166f 1900 000a 0002 7b0f 0000  .....o......{...
00000e80: 0416 6f19 0000 0a00 027b 0800 0004 166f  ..o......{.....o
00000e90: 5400 000a 0002 7b18 0000 047e 5500 000a  T.....{....~U...
00000ea0: 6f56 0000 0a00 027b 1200 0004 72a1 0200  oV.....{....r...
00000eb0: 7028 5700 000a 6f58 0000 0a00 027b 1200  p(W...oX.....{..
00000ec0: 0004 282c 0000 0a6f 0a00 000a 72d5 0200  ..(,...o....r...
00000ed0: 706f 0b00 000a a52e 0000 016f 5900 000a  po.........oY...
00000ee0: 0002 7b13 0000 0472 4f02 0070 2857 0000  ..{....rO..p(W..
00000ef0: 0a6f 5800 000a 0002 7b13 0000 0428 2c00  .oX.....{....(,.
00000f00: 000a 6f0a 0000 0a72 8702 0070 6f0b 0000  ..o....r...po...
00000f10: 0aa5 2e00 0001 6f59 0000 0a00 027b 1600  ......oY.....{..
00000f20: 0004 166f 1900 000a 0002 7b18 0000 0417  ...o......{.....
00000f30: 6f19 0000 0a00 027b 1700 0004 166f 1900  o......{.....o..
00000f40: 000a 0002 7b19 0000 0416 6f19 0000 0a00  ....{.....o.....
00000f50: 027b 1800 0004 176f 5400 000a 0038 9304  .{.....oT....8..
00000f60: 0000 027b 0d00 0004 166f 1900 000a 0002  ...{.....o......
00000f70: 7b0e 0000 0416 6f19 0000 0a00 027b 0f00  {.....o......{..
00000f80: 0004 166f 1900 000a 0002 7b08 0000 0416  ...o......{.....
00000f90: 6f54 0000 0a00 027b 1800 0004 7e55 0000  oT.....{....~U..
00000fa0: 0a6f 5600 000a 0002 7b12 0000 0472 f502  .oV.....{....r..
00000fb0: 0070 2857 0000 0a6f 5800 000a 0002 7b12  .p(W...oX.....{.
00000fc0: 0000 0428 2c00 000a 6f0a 0000 0a72 2703  ...(,...o....r'.
00000fd0: 0070 6f0b 0000 0aa5 2e00 0001 6f59 0000  .po.........oY..
00000fe0: 0a00 027b 1300 0004 724f 0200 7028 5700  ...{....rO..p(W.
00000ff0: 000a 6f58 0000 0a00 027b 1300 0004 282c  ..oX.....{....(,
00001000: 0000 0a6f 0a00 000a 7287 0200 706f 0b00  ...o....r...po..
00001010: 000a a52e 0000 016f 5900 000a 0002 7b16  .......oY.....{.
00001020: 0000 0416 6f19 0000 0a00 027b 1800 0004  ....o......{....
00001030: 176f 1900 000a 0002 7b17 0000 0416 6f19  .o......{.....o.
00001040: 0000 0a00 027b 1900 0004 166f 1900 000a  .....{.....o....
00001050: 0002 7b18 0000 0417 6f54 0000 0a00 3892  ..{.....oT....8.
00001060: 0300 0002 7b0d 0000 0417 6f19 0000 0a00  ....{.....o.....
00001070: 027b 0e00 0004 176f 1900 000a 0002 7b0f  .{.....o......{.
00001080: 0000 0417 6f19 0000 0a00 027b 0800 0004  ....o......{....
00001090: 166f 5400 000a 0002 7b18 0000 047e 5500  .oT.....{....~U.
000010a0: 000a 6f56 0000 0a00 027b 1200 0004 72f5  ..oV.....{....r.
000010b0: 0200 7028 5700 000a 6f58 0000 0a00 027b  ..p(W...oX.....{
000010c0: 1200 0004 282c 0000 0a6f 0a00 000a 7227  ....(,...o....r'
000010d0: 0300 706f 0b00 000a a52e 0000 016f 5900  ..po.........oY.
000010e0: 000a 0002 7b13 0000 0472 a102 0070 2857  ....{....r...p(W
000010f0: 0000 0a6f 5800 000a 0002 7b13 0000 0428  ...oX.....{....(
00001100: 2c00 000a 6f0a 0000 0a72 d502 0070 6f0b  ,...o....r...po.
00001110: 0000 0aa5 2e00 0001 6f59 0000 0a00 027b  ........oY.....{
00001120: 1600 0004 166f 1900 000a 0002 7b18 0000  .....o......{...
00001130: 0417 6f19 0000 0a00 027b 1700 0004 166f  ..o......{.....o
00001140: 1900 000a 0002 7b19 0000 0416 6f19 0000  ......{.....o...
00001150: 0a00 027b 1800 0004 176f 5400 000a 0038  ...{.....oT....8
00001160: 9102 0000 027b 0d00 0004 176f 1900 000a  .....{.....o....
00001170: 0002 7b0e 0000 0417 6f19 0000 0a00 027b  ..{.....o......{
00001180: 0f00 0004 176f 1900 000a 0002 7b08 0000  .....o......{...
00001190: 0417 6f54 0000 0a00 027b 1200 0004 72f5  ..oT.....{....r.
000011a0: 0200 7028 5700 000a 6f58 0000 0a00 027b  ..p(W...oX.....{
000011b0: 1200 0004 282c 0000 0a6f 0a00 000a 7227  ....(,...o....r'
000011c0: 0300 706f 0b00 000a a52e 0000 016f 5900  ..po.........oY.
000011d0: 000a 0002 7b13 0000 0472 f502 0070 2857  ....{....r...p(W
000011e0: 0000 0a6f 5800 000a 0002 7b13 0000 0428  ...oX.....{....(
000011f0: 2c00 000a 6f0a 0000 0a72 2703 0070 6f0b  ,...o....r'..po.
00001200: 0000 0aa5 2e00 0001 6f59 0000 0a00 2848  ........oY....(H
00001210: 0000 0a6f 4900 000a 1304 1104 2c58 0002  ...oI.......,X..
00001220: 7b18 0000 047e 5500 000a 6f56 0000 0a00  {....~U...oV....
00001230: 027b 1800 0004 176f 5400 000a 0002 7b18  .{.....oT.....{.
00001240: 0000 0416 6f19 0000 0a00 027b 1900 0004  ....o......{....
00001250: 176f 1900 000a 0002 7b16 0000 0416 6f19  .o......{.....o.
00001260: 0000 0a00 027b 1700 0004 166f 1900 000a  .....{.....o....
00001270: 0038 7f01 0000 027b 1800 0004 7e55 0000  .8.....{....~U..
00001280: 0a6f 5600 000a 0002 7b18 0000 0417 6f54  .oV.....{.....oT
00001290: 0000 0a00 027b 1800 0004 176f 1900 000a  .....{.....o....
000012a0: 0002 7b19 0000 0416 6f19 0000 0a00 027b  ..{.....o......{
000012b0: 1600 0004 166f 1900 000a 0002 7b17 0000  .....o......{...
000012c0: 0416 6f19 0000 0a00 2817 0000 0a6f 5a00  ..o.....(....oZ.
000012d0: 000a 2c0b 1628 5e00 000a 16fe 012b 0117  ..,..(^......+..
000012e0: 1305 1105 2c05 380a 0100 0002 2836 0000  ....,.8.....(6..
000012f0: 0600 38fe 0000 0002 7b0d 0000 0416 6f19  ..8.....{.....o.
00001300: 0000 0a00 027b 0e00 0004 166f 1900 000a  .....{.....o....
00001310: 0002 7b0f 0000 0416 6f19 0000 0a00 027b  ..{.....o......{
00001320: 0800 0004 166f 5400 000a 0002 7b18 0000  .....oT.....{...
00001330: 047e 5500 000a 6f56 0000 0a00 027b 1200  .~U...oV.....{..
00001340: 0004 724f 0200 7028 5700 000a 6f58 0000  ..rO..p(W...oX..
00001350: 0a00 027b 1200 0004 282c 0000 0a6f 0a00  ...{....(,...o..
00001360: 000a 7287 0200 706f 0b00 000a a52e 0000  ..r...po........
00001370: 016f 5900 000a 0002 7b13 0000 0472 4f02  .oY.....{....rO.
00001380: 0070 2857 0000 0a6f 5800 000a 0002 7b13  .p(W...oX.....{.
00001390: 0000 0428 2c00 000a 6f0a 0000 0a72 8702  ...(,...o....r..
000013a0: 0070 6f0b 0000 0aa5 2e00 0001 6f59 0000  .po.........oY..
000013b0: 0a00 027b 1600 0004 166f 1900 000a 0002  ...{.....o......
000013c0: 7b18 0000 0417 6f19 0000 0a00 027b 1700  {.....o......{..
000013d0: 0004 166f 1900 000a 0002 7b19 0000 0416  ...o......{.....
000013e0: 6f19 0000 0a00 027b 1800 0004 166f 5400  o......{.....oT.
000013f0: 000a 002b 0000 de06 1306 0000 de00 002a  ...+...........*
00001400: 411c 0000 0000 0000 2700 0000 4107 0000  A.......'...A...
00001410: 6807 0000 0600 0000 1f00 0001 9e00 7e2d  h.............~-
00001420: 0000 0425 2d17 267e 2600 0004 fe06 5100  ...%-.&~&.....Q.
00001430: 0006 7307 0000 0a25 802d 0000 0428 5f00  ..s....%.-...(_.
00001440: 000a 002a 9e00 7e2e 0000 0425 2d17 267e  ...*..~....%-.&~
00001450: 2600 0004 fe06 5200 0006 7307 0000 0a25  &.....R...s....%
00001460: 802e 0000 0428 5f00 000a 002a 1330 0200  .....(_....*.0..
00001470: 2100 0000 1700 0011 737c 0000 060a 0602  !.......s|......
00001480: 7d56 0000 0400 06fe 067d 0000 0673 0700  }V.......}...s..
00001490: 000a 285f 0000 0a00 2a00 0000 1330 0200  ..(_....*....0..
000014a0: 3f00 0000 1800 0011 73c9 0000 060a 0628  ?.......s......(
000014b0: 1000 000a 7dd6 0000 0406 027d d800 0004  ....}......}....
000014c0: 0603 7dd7 0000 0406 157d d500 0004 067c  ..}......}.....|
000014d0: d600 0004 1200 2816 0000 2b06 7cd6 0000  ......(...+.|...
000014e0: 0428 1200 000a 2a00 1330 0200 3f00 0000  .(....*..0..?...
000014f0: 1900 0011 73b1 0000 060a 0628 6000 000a  ....s......(`...
00001500: 7da4 0000 0406 027d a600 0004 0603 7da5  }......}......}.
00001510: 0000 0406 157d a300 0004 067c a400 0004  .....}.....|....
00001520: 1200 2817 0000 2b06 7ca4 0000 0428 6200  ..(...+.|....(b.
00001530: 000a 2a00 1330 0200 2800 0000 1a00 0011  ..*..0..(.......
00001540: 73a3 0000 060a 0602 7d8d 0000 0406 047d  s.......}......}
00001550: 8e00 0004 0006 fe06 a400 0006 7307 0000  ............s...
00001560: 0a28 1a00 000a 002a 1330 0200 3800 0000  .(.....*.0..8...
00001570: 1b00 0011 73ab 0000 060a 0628 1000 000a  ....s......(....
00001580: 7d98 0000 0406 027d 9900 0004 0615 7d97  }......}......}.
00001590: 0000 0406 7c98 0000 0412 0028 1800 002b  ....|......(...+
000015a0: 067c 9800 0004 2812 0000 0a2a 1330 0200  .|....(....*.0..
000015b0: 3800 0000 1c00 0011 73cc 0000 060a 0628  8.......s......(
000015c0: 6300 000a 7df9 0000 0406 027d fa00 0004  c...}......}....
000015d0: 0615 7df8 0000 0406 7cf9 0000 0412 0028  ..}.....|......(
000015e0: 1900 002b 067c f900 0004 2865 0000 0a2a  ...+.|....(e...*
000015f0: 1330 0400 d000 0000 1d00 0011 007e 2f00  .0...........~/.
00001600: 000a 6f39 0000 0a19 2e1c 7e2f 0000 0a6f  ..o9......~/...o
00001610: 3900 000a 172e 0f7e 2f00 000a 6f39 0000  9......~/...o9..
00001620: 0a1b fe01 2b01 170a 062c 2500 0272 4503  ....+....,%..rE.
00001630: 0070 2857 0000 0a72 8103 0070 2857 0000  .p(W...r...p(W..
00001640: 0a72 bb03 0070 2866 0000 0a26 160b 2b7a  .r...p(f...&..+z
00001650: 7e2f 0000 0a6f 3900 000a 18fe 010c 082c  ~/...o9........,
00001660: 2e00 030d 092c 0417 0b2b 5f02 72c1 0300  .....,...+_.r...
00001670: 7028 5700 000a 72f9 0300 7028 5700 000a  p(W...r...p(W...
00001680: 72bb 0300 7028 6600 000a 2616 0b2b 3b7e  r...p(f...&..+;~
00001690: 2f00 000a 6f39 0000 0a16 fe03 1304 1104  /...o9..........
000016a0: 2c04 170b 2b24 0272 2f04 0070 2857 0000  ,...+$.r/..p(W..
000016b0: 0a72 6904 0070 2857 0000 0a72 bb03 0070  .ri..p(W...r...p
000016c0: 2866 0000 0a26 160b 2b00 072a 1330 0200  (f...&..+..*.0..
000016d0: 3b00 0000 1e00 0011 7302 0100 060a 0628  ;.......s......(
000016e0: 0c00 000a 7d94 0100 0406 027d 9701 0004  ....}......}....
000016f0: 0603 7d95 0100 0406 047d 9601 0004 0615  ..}......}......
00001700: 7d93 0100 0406 7c94 0100 0412 0028 1a00  }.....|......(..
00001710: 002b 2a00 1330 0200 3b00 0000 1f00 0011  .+*..0..;.......
00001720: 73ed 0000 060a 0628 0c00 000a 7d4e 0100  s......(....}N..
00001730: 0406 027d 5101 0004 0603 7d4f 0100 0406  ...}Q.....}O....
00001740: 047d 5001 0004 0615 7d4d 0100 0406 7c4e  .}P.....}M....|N
00001750: 0100 0412 0028 1b00 002b 2a00 1330 0200  .....(...+*..0..
00001760: 3800 0000 2000 0011 73c3 0000 060a 0628  8... ...s......(
00001770: 1000 000a 7dca 0000 0406 027d cb00 0004  ....}......}....
00001780: 0615 7dc9 0000 0406 7cca 0000 0412 0028  ..}.....|......(
00001790: 1c00 002b 067c ca00 0004 2812 0000 0a2a  ...+.|....(....*
000017a0: 1330 0200 3800 0000 2100 0011 73c0 0000  .0..8...!...s...
000017b0: 060a 0628 1000 000a 7dc5 0000 0406 027d  ...(....}......}
000017c0: c600 0004 0615 7dc4 0000 0406 7cc5 0000  ......}.....|...
000017d0: 0412 0028 1d00 002b 067c c500 0004 2812  ...(...+.|....(.
000017e0: 0000 0a2a 1330 0200 3b00 0000 2200 0011  ...*.0..;..."...
000017f0: 73ea 0000 060a 0628 0c00 000a 7d46 0100  s......(....}F..
00001800: 0406 027d 4901 0004 0603 7d47 0100 0406  ...}I.....}G....
00001810: 047d 4801 0004 0615 7d45 0100 0406 7c46  .}H.....}E....|F
00001820: 0100 0412 0028 1e00 002b 2a00 1330 0200  .....(...+*..0..
00001830: 3b00 0000 2300 0011 73d5 0000 060a 0628  ;...#...s......(
00001840: 0c00 000a 7d0d 0100 0406 027d 1001 0004  ....}......}....
00001850: 0603 7d0e 0100 0406 047d 0f01 0004 0615  ..}......}......
00001860: 7d0c 0100 0406 7c0d 0100 0412 0028 1f00  }.....|......(..
00001870: 002b 2a00 1330 0200 3b00 0000 2400 0011  .+*..0..;...$...
00001880: 73f0 0000 060a 0628 0c00 000a 7d58 0100  s......(....}X..
00001890: 0406 027d 5b01 0004 0603 7d59 0100 0406  ...}[.....}Y....
000018a0: 047d 5a01 0004 0615 7d57 0100 0406 7c58  .}Z.....}W....|X
000018b0: 0100 0412 0028 2000 002b 2a00 1330 0200  .....( ..+*..0..
000018c0: 3b00 0000 2500 0011 73d8 0000 060a 0628  ;...%...s......(
000018d0: 0c00 000a 7d18 0100 0406 027d 1b01 0004  ....}......}....
000018e0: 0603 7d19 0100 0406 047d 1a01 0004 0615  ..}......}......
000018f0: 7d17 0100 0406 7c18 0100 0412 0028 2100  }.....|......(!.
00001900: 002b 2a00 1330 0200 3b00 0000 2600 0011  .+*..0..;...&...
00001910: 73e1 0000 060a 0628 0c00 000a 7d2e 0100  s......(....}...
00001920: 0406 027d 3101 0004 0603 7d2f 0100 0406  ...}1.....}/....
00001930: 047d 3001 0004 0615 7d2d 0100 0406 7c2e  .}0.....}-....|.
00001940: 0100 0412 0028 2200 002b 2a00 1330 0200  .....("..+*..0..
00001950: 3b00 0000 2700 0011 73fc 0000 060a 0628  ;...'...s......(
00001960: 0c00 000a 7d7d 0100 0406 027d 8001 0004  ....}}.....}....
00001970: 0603 7d7e 0100 0406 047d 7f01 0004 0615  ..}~.....}......
00001980: 7d7c 0100 0406 7c7d 0100 0412 0028 2300  }|....|}.....(#.
00001990: 002b 2a00 1330 0200 3b00 0000 2800 0011  .+*..0..;...(...
000019a0: 73f6 0000 060a 0628 0c00 000a 7d6d 0100  s......(....}m..
000019b0: 0406 027d 7001 0004 0603 7d6e 0100 0406  ...}p.....}n....
000019c0: 047d 6f01 0004 0615 7d6c 0100 0406 7c6d  .}o.....}l....|m
000019d0: 0100 0412 0028 2400 002b 2a00 1330 0200  .....($..+*..0..
000019e0: 3b00 0000 2900 0011 73de 0000 060a 0628  ;...)...s......(
000019f0: 0c00 000a 7d26 0100 0406 027d 2901 0004  ....}&.....})...
00001a00: 0603 7d27 0100 0406 047d 2801 0004 0615  ..}'.....}(.....
00001a10: 7d25 0100 0406 7c26 0100 0412 0028 2500  }%....|&.....(%.
00001a20: 002b 2a00 1b30 0400 3704 0000 2a00 0011  .+*..0..7...*...
00001a30: 0000 2853 0000 0a16 fe01 0a06 2c19 0002  ..(S........,...
00001a40: fe06 4200 0006 7307 0000 0a28 1a00 000a  ..B...s....(....
00001a50: 0000 3806 0400 0000 7367 0000 0a0b 027b  ..8.....sg.....{
00001a60: 0a00 0004 6f5b 0000 0a6f 6800 000a 0007  ....o[...oh.....
00001a70: 6f69 0000 0a7e 3100 0004 252d 1726 7e26  oi...~1...%-.&~&
00001a80: 0000 04fe 0655 0000 0673 6a00 000a 2580  .....U...sj...%.
00001a90: 3100 0004 2826 0000 2b28 2700 002b 0c16  1...(&..+('..+..
00001aa0: 285e 0000 0a2c 0c28 1700 000a 6f5a 0000  (^...,.(....oZ..
00001ab0: 0a2b 0116 1305 1105 2c0e 081f 0e73 6c00  .+......,....sl.
00001ac0: 000a 6f6d 0000 0a00 2817 0000 0a6f 1800  ..om....(....o..
00001ad0: 000a 2c1b 2817 0000 0a6f 1800 000a 2c0c  ..,.(....o....,.
00001ae0: 2817 0000 0a6f 6e00 000a 2b01 162b 0117  (....on...+..+..
00001af0: 1306 1106 3998 0000 0000 0228 3700 000a  ....9......(7...
00001b00: 2838 0000 0a00 087e 3200 0004 252d 1726  (8.....~2...%-.&
00001b10: 7e26 0000 04fe 0656 0000 0673 6a00 000a  ~&.....V...sj...
00001b20: 2580 3200 0004 2828 0000 2b16 fe01 1307  %.2...((..+.....
00001b30: 1107 2c31 0002 2833 0000 0a02 7b02 0000  ..,1..(3....{...
00001b40: 046f 3400 000a 16fe 0113 0811 082c 1302  .o4..........,..
00001b50: 2833 0000 0a16 027b 0200 0004 6f6f 0000  (3.....{....oo..
00001b60: 0a00 002b 2902 2833 0000 0a02 7b02 0000  ...+).(3....{...
00001b70: 046f 3400 000a 1309 1109 2c12 0228 3300  .o4.......,..(3.
00001b80: 000a 027b 0200 0004 6f35 0000 0a26 002b  ...{....o5...&.+
00001b90: 7200 0228 3700 000a 2838 0000 0a00 0228  r..(7...(8.....(
00001ba0: 3300 000a 027b 0200 0004 6f34 0000 0a13  3....{....o4....
00001bb0: 0b11 0b2c 1202 2833 0000 0a02 7b02 0000  ...,..(3....{...
00001bc0: 046f 3500 000a 2608 7e33 0000 0425 2d17  .o5...&.~3...%-.
00001bd0: 267e 2600 0004 fe06 5700 0006 736a 0000  &~&.....W...sj..
00001be0: 0a25 8033 0000 0428 2900 002b 130a 110a  .%.3...()..+....
00001bf0: 14fe 0313 0c11 0c2c 0908 110a 6f71 0000  .......,....oq..
00001c00: 0a26 0002 280f 0000 0600 086f 7200 000a  .&..(......or...
00001c10: 0d09 195b 1304 0919 5d16 fe02 130d 110d  ...[....].......
00001c20: 2c06 1104 1758 1304 027b 0a00 0004 6f73  ,....X...{....os
00001c30: 0000 0a6f 7400 000a 1104 fe01 16fe 0113  ...ot...........
00001c40: 0e11 0e2c 4c00 027b 0a00 0004 6f73 0000  ...,L..{....os..
00001c50: 0a6f 7500 000a 0016 130f 2b28 027b 0a00  .ou.......+(.{..
00001c60: 0004 6f73 0000 0a73 7600 000a 2528 7700  ..os...sv...%(w.
00001c70: 000a 6f78 0000 0a00 6f79 0000 0a00 110f  ..ox....oy......
00001c80: 1758 130f 110f 1104 fe04 1310 1110 2dcc  .X............-.
00001c90: 0016 1311 2b5c 0011 1119 5b13 1211 1111  ....+\....[.....
00001ca0: 1219 5a59 1313 0008 1111 6f7a 0000 0a6f  ..ZY......oz...o
00001cb0: 7b00 000a 287c 0000 0a13 1411 1411 1228  {...(|.........(
00001cc0: 2500 000a 0011 1411 1328 2400 000a 0002  %........($.....
00001cd0: 7b0a 0000 046f 5b00 000a 1114 6f7d 0000  {....o[.....o}..
00001ce0: 0a00 00de 0613 1500 00de 0000 1111 1758  ...............X
00001cf0: 1311 1111 09fe 0413 1611 162d 9908 7e34  ...........-..~4
00001d00: 0000 0425 2d17 267e 2600 0004 fe06 5800  ...%-.&~&.....X.
00001d10: 0006 736a 0000 0a25 8034 0000 0428 2800  ..sj...%.4...((.
00001d20: 002b 2d16 0228 3300 000a 027b 0400 0004  .+-..(3....{....
00001d30: 6f34 0000 0a16 fe01 2b01 1613 1711 172c  o4......+......,
00001d40: 1402 2833 0000 0a02 7b04 0000 046f 7e00  ..(3....{....o~.
00001d50: 000a 002b 5308 7e35 0000 0425 2d17 267e  ...+S.~5...%-.&~
00001d60: 2600 0004 fe06 5900 0006 736a 0000 0a25  &.....Y...sj...%
00001d70: 8035 0000 0428 2800 002b 2c13 0228 3300  .5...((..+,..(3.
00001d80: 000a 027b 0400 0004 6f34 0000 0a2b 0116  ...{....o4...+..
00001d90: 1318 1118 2c12 0228 3300 000a 027b 0400  ....,..(3....{..
00001da0: 0004 6f35 0000 0a26 087e 3600 0004 252d  ..o5...&.~6...%-
00001db0: 1726 7e26 0000 04fe 065a 0000 0673 6a00  .&~&.....Z...sj.
00001dc0: 000a 2580 3600 0004 2828 0000 2b2d 1602  ..%.6...((..+-..
00001dd0: 2833 0000 0a02 7b03 0000 046f 3400 000a  (3....{....o4...
00001de0: 16fe 012b 0116 1319 1119 2c16 0002 2833  ...+......,...(3
00001df0: 0000 0a02 7b03 0000 046f 7e00 000a 0000  ....{....o~.....
00001e00: 2b5a 0008 7e37 0000 0425 2d17 267e 2600  +Z..~7...%-.&~&.
00001e10: 0004 fe06 5b00 0006 736a 0000 0a25 8037  ....[...sj...%.7
00001e20: 0000 0428 2800 002b 2c16 0228 3300 000a  ...((..+,..(3...
00001e30: 027b 0300 0004 6f34 0000 0a16 fe01 2b01  .{....o4......+.
00001e40: 1713 1a11 1a2c 02de 1d02 2833 0000 0a02  .....,....(3....
00001e50: 7b03 0000 046f 3500 000a 2600 0000 de06  {....o5...&.....
00001e60: 131b 0000 de00 2a00 4134 0000 0000 0000  ......*.A4......
00001e70: 7602 0000 3f00 0000 b502 0000 0600 0000  v...?...........
00001e80: 1f00 0001 0000 0000 0100 0000 2f04 0000  ............/...
00001e90: 3004 0000 0600 0000 1f00 0001 1b30 0200  0............0..
00001ea0: 4700 0000 2b00 0011 0000 027b 0a00 0004  G...+......{....
00001eb0: 6f5b 0000 0a6f 7f00 000a 0a2b 0f06 6f80  o[...o.....+..o.
00001ec0: 0000 0a0b 0716 6f54 0000 0a00 066f 4400  ......oT.....oD.
00001ed0: 000a 2de9 de0b 062c 0706 6f45 0000 0a00  ..-....,..oE....
00001ee0: dc02 7b08 0000 0416 6f54 0000 0a00 2a00  ..{.....oT....*.
00001ef0: 0110 0000 0200 1300 1b2e 000b 0000 0000  ................
00001f00: 1b30 0200 4700 0000 2b00 0011 0000 027b  .0..G...+......{
00001f10: 0a00 0004 6f5b 0000 0a6f 7f00 000a 0a2b  ....o[...o.....+
00001f20: 0f06 6f80 0000 0a0b 0717 6f54 0000 0a00  ..o.......oT....
00001f30: 066f 4400 000a 2de9 de0b 062c 0706 6f45  .oD...-....,..oE
00001f40: 0000 0a00 dc02 7b08 0000 0417 6f54 0000  ......{.....oT..
00001f50: 0a00 2a00 0110 0000 0200 1300 1b2e 000b  ..*.............
00001f60: 0000 0000 1330 0800 b389 0000 2c00 0011  .....0......,...
00001f70: 0028 8100 000a 0a06 2c53 0073 8200 000a  .(......,S.s....
00001f80: 0c08 d004 0000 0228 8300 000a 2884 0000  .......(....(...
00001f90: 0a6f 8500 000a 6f86 0000 0a6f 8700 000a  .o....o....o....
00001fa0: 0008 72a1 0400 706f 8800 000a 0008 026f  ..r...po.......o
00001fb0: 8900 000a 0008 288a 0000 0a0b 072c 0d00  ......(......,..
00001fc0: 0228 3a00 0006 0038 5689 0000 0028 8b00  .(:....8V....(..
00001fd0: 000a 2c15 288b 0000 0a02 288c 0000 0a6f  ..,.(.....(....o
00001fe0: 8d00 000a 14fe 032b 0116 0d09 2c0e 0002  .......+....,...
00001ff0: 283a 0000 0600 0038 2689 0000 0073 8e00  (:.....8&....s..
00002000: 000a 2513 0472 d504 0070 1673 1400 000a  ..%..r...p.s....
00002010: 1f11 1b28 8f00 000a 0073 9000 000a 2513  ...(.....s....%.
00002020: 0572 d504 0070 1673 1400 000a 1f18 1f0e  .r...p.s........
00002030: 288f 0000 0a00 7391 0000 0a25 1306 72d5  (.....s....%..r.
00002040: 0400 7016 7314 0000 0a1f 191f 0e28 8f00  ..p.s........(..
00002050: 000a 0073 9200 000a 2513 0772 d504 0070  ...s....%..r...p
00002060: 1673 1400 000a 1f1a 1f0e 288f 0000 0a00  .s........(.....
00002070: 7393 0000 0a25 1308 72d5 0400 7016 7314  s....%..r...p.s.
00002080: 0000 0a1f 1b1f 0e28 8f00 000a 0073 9400  .......(.....s..
00002090: 000a 2513 0972 d504 0070 1673 1400 000a  ..%..r...p.s....
000020a0: 1f1c 1f0e 288f 0000 0a00 7395 0000 0a25  ....(.....s....%
000020b0: 130a 72d5 0400 7016 7314 0000 0a1f 171f  ..r...p.s.......
000020c0: 0a28 8f00 000a 0073 9600 000a 2513 0b72  .(.....s....%..r
000020d0: d504 0070 1673 1400 000a 1f20 1f0a 288f  ...p.s..... ..(.
000020e0: 0000 0a00 7397 0000 0a25 130c 72d5 0400  ....s....%..r...
000020f0: 7016 7314 0000 0a1f 2c1f 0d28 8f00 000a  p.s.....,..(....
00002100: 0073 7600 000a 2513 0d72 d504 0070 1673  .sv...%..r...p.s
00002110: 1400 000a 1f2e 1f12 288f 0000 0a00 7376  ........(.....sv
00002120: 0000 0a25 130e 72d5 0400 7016 7314 0000  ...%..r...p.s...
00002130: 0a1f 2f1f 1228 8f00 000a 0073 7600 000a  ../..(.....sv...
00002140: 2513 0f72 d504 0070 1673 1400 000a 1f3a  %..r...p.s.....:
00002150: 1f1a 288f 0000 0a00 7376 0000 0a25 1310  ..(.....sv...%..
00002160: 72d5 0400 7016 7314 0000 0a1f 3c1f 1a28  r...p.s.....<..(
00002170: 8f00 000a 0073 7600 000a 2513 1172 d504  .....sv...%..r..
00002180: 0070 1673 1400 000a 1f3e 1f1a 288f 0000  .p.s.....>..(...
00002190: 0a00 7376 0000 0a25 1312 72d5 0400 7016  ..sv...%..r...p.
000021a0: 7314 0000 0a1f 401f 1a28 8f00 000a 0073  s.....@..(.....s
000021b0: 7600 000a 2513 1372 d504 0070 1673 1400  v...%..r...p.s..
000021c0: 000a 1f47 1f1e 288f 0000 0a00 7376 0000  ...G..(.....sv..
000021d0: 0a25 1314 72d5 0400 7016 7314 0000 0a1f  .%..r...p.s.....
000021e0: 481f 1e28 8f00 000a 0073 7600 000a 2513  H..(.....sv...%.
000021f0: 1572 d504 0070 1673 1400 000a 1f49 1f1e  .r...p.s.....I..
00002200: 288f 0000 0a00 738e 0000 0a25 1316 72d5  (.....s....%..r.
00002210: 0400 7016 7314 0000 0a1f 561f 1d28 8f00  ..p.s.....V..(..
00002220: 000a 0073 8e00 000a 2513 1772 d504 0070  ...s....%..r...p
00002230: 1673 1400 000a 1f57 1f1d 288f 0000 0a00  .s.....W..(.....
00002240: 7398 0000 0a25 1318 72d5 0400 7016 7314  s....%..r...p.s.
00002250: 0000 0a1f 5b1f 1d28 8f00 000a 0073 9900  ....[..(.....s..
00002260: 000a 2513 1972 d504 0070 1673 1400 000a  ..%..r...p.s....
00002270: 1f5f 1f22 288f 0000 0a00 739a 0000 0a25  ._."(.....s....%
00002280: 131a 72d5 0400 7016 7314 0000 0a1f 541f  ..r...p.s.....T.
00002290: 1a28 8f00 000a 007e 2f00 000a 2513 1b72  .(.....~/...%..r
000022a0: d504 0070 1673 1400 000a 1f69 1f1d 288f  ...p.s.....i..(.
000022b0: 0000 0a00 739b 0000 0a25 131c 72d5 0400  ....s....%..r...
000022c0: 7016 7314 0000 0a1f 6a1f 1d28 8f00 000a  p.s.....j..(....
000022d0: 0073 9b00 000a 2513 1d72 d504 0070 1673  .s....%..r...p.s
000022e0: 1400 000a 1f6b 1f1d 288f 0000 0a00 739b  .....k..(.....s.
000022f0: 0000 0a25 131e 72d5 0400 7016 7314 0000  ...%..r...p.s...
00002300: 0a1f 6c1f 1d28 8f00 000a 0073 9b00 000a  ..l..(.....s....
00002310: 2513 1f72 d504 0070 1673 1400 000a 1f6d  %..r...p.s.....m
00002320: 1f1d 288f 0000 0a00 738e 0000 0a25 1320  ..(.....s....%. 
00002330: 72d5 0400 7016 7314 0000 0a1f 6f1f 1d28  r...p.s.....o..(
00002340: 8f00 000a 0073 9c00 000a 2513 2172 d504  .....s....%.!r..
00002350: 0070 1673 1400 000a 1f64 1f1a 288f 0000  .p.s.....d..(...
00002360: 0a00 7398 0000 0a25 1322 72d5 0400 7016  ..s....%."r...p.
00002370: 7314 0000 0a1f 771f 1d28 8f00 000a 0073  s.....w..(.....s
00002380: 8e00 000a 2513 2372 d504 0070 1673 1400  ....%.#r...p.s..
00002390: 000a 1f78 1f1d 288f 0000 0a00 739a 0000  ...x..(.....s...
000023a0: 0a25 1324 72d5 0400 7016 7314 0000 0a1f  .%.$r...p.s.....
000023b0: 711f 1a28 8f00 000a 0073 9d00 000a 2513  q..(.....s....%.
000023c0: 2572 d504 0070 1673 1400 000a 1f45 1f16  %r...p.s.....E..
000023d0: 288f 0000 0a00 739d 0000 0a25 1326 72d5  (.....s....%.&r.
000023e0: 0400 7016 7314 0000 0a1f 7b1f 1628 8f00  ..p.s.....{..(..
000023f0: 000a 0073 9e00 000a 2513 2772 d504 0070  ...s....%.'r...p
00002400: 1673 1400 000a 20f4 0000 001f 1628 8f00  .s.... ......(..
00002410: 000a 0073 9e00 000a 2513 2872 d504 0070  ...s....%.(r...p
00002420: 1673 1400 000a 20f9 0000 001f 1628 8f00  .s.... ......(..
00002430: 000a 0028 9f00 000a 2513 2972 d504 0070  ...(....%.)r...p
00002440: 1673 1400 000a 2004 0100 001f 1928 8f00  .s.... ......(..
00002450: 000a 0073 2000 000a 2513 2a72 d504 0070  ...s ...%.*r...p
00002460: 1673 1400 000a 200a 0100 001f 2228 8f00  .s.... ....."(..
00002470: 000a 0073 2000 000a 2513 2b72 d504 0070  ...s ...%.+r...p
00002480: 1673 1400 000a 200b 0100 001f 2228 8f00  .s.... ....."(..
00002490: 000a 0073 2000 000a 2513 2c72 d504 0070  ...s ...%.,r...p
000024a0: 1673 1400 000a 200c 0100 001f 2228 8f00  .s.... ....."(..
000024b0: 000a 0073 8e00 000a 2513 2d72 d504 0070  ...s....%.-r...p
000024c0: 1673 1400 000a 2011 0100 001f 2128 8f00  .s.... .....!(..
000024d0: 000a 0073 9800 000a 2513 2e72 d504 0070  ...s....%..r...p
000024e0: 1673 1400 000a 2015 0100 001f 2128 8f00  .s.... .....!(..
000024f0: 000a 0073 9a00 000a 2513 2f72 d504 0070  ...s....%./r...p
00002500: 1673 1400 000a 200e 0100 001f 1e28 8f00  .s.... ......(..
00002510: 000a 0073 8e00 000a 2513 3072 d504 0070  ...s....%.0r...p
00002520: 1673 1400 000a 2019 0100 001f 2128 8f00  .s.... .....!(..
00002530: 000a 0073 9b00 000a 2513 3172 d504 0070  ...s....%.1r...p
00002540: 1673 1400 000a 201d 0100 001f 2128 8f00  .s.... .....!(..
00002550: 000a 0073 9a00 000a 2513 3272 d504 0070  ...s....%.2r...p
00002560: 1673 1400 000a 2016 0100 001f 1e28 8f00  .s.... ......(..
00002570: 000a 0073 9d00 000a 2513 3372 d504 0070  ...s....%.3r...p
00002580: 1673 1400 000a 2008 0100 001f 1a28 8f00  .s.... ......(..
00002590: 000a 0073 9b00 000a 2513 3472 d504 0070  ...s....%.4r...p
000025a0: 1673 1400 000a 2021 0100 001f 1f28 8f00  .s.... !.....(..
000025b0: 000a 0073 2000 000a 2513 3572 d504 0070  ...s ...%.5r...p
000025c0: 1673 1400 000a 2023 0100 001f 2228 8f00  .s.... #...."(..
000025d0: 000a 0073 2000 000a 2513 3672 d504 0070  ...s ...%.6r...p
000025e0: 1673 1400 000a 2024 0100 001f 2228 8f00  .s.... $...."(..
000025f0: 000a 0073 2000 000a 2513 3772 d504 0070  ...s ...%.7r...p
00002600: 1673 1400 000a 2025 0100 001f 2228 8f00  .s.... %...."(..
00002610: 000a 0073 8e00 000a 2513 3872 d504 0070  ...s....%.8r...p
00002620: 1673 1400 000a 2029 0100 001f 2128 8f00  .s.... )....!(..
00002630: 000a 0073 9a00 000a 2513 3972 d504 0070  ...s....%.9r...p
00002640: 1673 1400 000a 2027 0100 001f 1e28 8f00  .s.... '.....(..
00002650: 000a 0073 8e00 000a 2513 3a72 d504 0070  ...s....%.:r...p
00002660: 1673 1400 000a 202f 0100 001f 2128 8f00  .s.... /....!(..
00002670: 000a 0073 9b00 000a 2513 3b72 d504 0070  ...s....%.;r...p
00002680: 1673 1400 000a 2032 0100 001f 2128 8f00  .s.... 2....!(..
00002690: 000a 0073 9a00 000a 2513 3c72 d504 0070  ...s....%.<r...p
000026a0: 1673 1400 000a 202d 0100 001f 1e28 8f00  .s.... -.....(..
000026b0: 000a 0073 9d00 000a 2513 3d72 d504 0070  ...s....%.=r...p
000026c0: 1673 1400 000a 2021 0100 001f 1a28 8f00  .s.... !.....(..
000026d0: 000a 0073 9b00 000a 2513 3e72 d504 0070  ...s....%.>r...p
000026e0: 1673 1400 000a 2036 0100 001f 1f28 8f00  .s.... 6.....(..
000026f0: 000a 0073 2000 000a 2513 3f72 d504 0070  ...s ...%.?r...p
00002700: 1673 1400 000a 2038 0100 001f 2228 8f00  .s.... 8...."(..
00002710: 000a 0073 2000 000a 2513 4072 d504 0070  ...s ...%.@r...p
00002720: 1673 1400 000a 2039 0100 001f 2228 8f00  .s.... 9...."(..
00002730: 000a 0073 2000 000a 2513 4172 d504 0070  ...s ...%.Ar...p
00002740: 1673 1400 000a 203a 0100 001f 2228 8f00  .s.... :...."(..
00002750: 000a 0073 8e00 000a 2513 4272 d504 0070  ...s....%.Br...p
00002760: 1673 1400 000a 203e 0100 001f 2128 8f00  .s.... >....!(..
00002770: 000a 0073 9800 000a 2513 4372 d504 0070  ...s....%.Cr...p
00002780: 1673 1400 000a 2041 0100 001f 2128 8f00  .s.... A....!(..
00002790: 000a 0073 8e00 000a 2513 4472 d504 0070  ...s....%.Dr...p
000027a0: 1673 1400 000a 2042 0100 001f 2128 8f00  .s.... B....!(..
000027b0: 000a 0073 9a00 000a 2513 4572 d504 0070  ...s....%.Er...p
000027c0: 1673 1400 000a 203c 0100 001f 1e28 8f00  .s.... <.....(..
000027d0: 000a 0073 8e00 000a 2513 4672 d504 0070  ...s....%.Fr...p
000027e0: 1673 1400 000a 2045 0100 001f 2128 8f00  .s.... E....!(..
000027f0: 000a 0073 9b00 000a 2513 4772 d504 0070  ...s....%.Gr...p
00002800: 1673 1400 000a 2048 0100 001f 2128 8f00  .s.... H....!(..
00002810: 000a 0073 8e00 000a 2513 4872 d504 0070  ...s....%.Hr...p
00002820: 1673 1400 000a 2049 0100 001f 2128 8f00  .s.... I....!(..
00002830: 000a 0073 9a00 000a 2513 4972 d504 0070  ...s....%.Ir...p
00002840: 1673 1400 000a 2043 0100 001f 1e28 8f00  .s.... C.....(..
00002850: 000a 0073 9d00 000a 2513 4a72 d504 0070  ...s....%.Jr...p
00002860: 1673 1400 000a 2036 0100 001f 1a28 8f00  .s.... 6.....(..
00002870: 000a 0073 9b00 000a 2513 4b72 d504 0070  ...s....%.Kr...p
00002880: 1673 1400 000a 204d 0100 001f 1f28 8f00  .s.... M.....(..
00002890: 000a 0073 2000 000a 2513 4c72 d504 0070  ...s ...%.Lr...p
000028a0: 1673 1400 000a 204f 0100 001f 2228 8f00  .s.... O...."(..
000028b0: 000a 0073 2000 000a 2513 4d72 d504 0070  ...s ...%.Mr...p
000028c0: 1673 1400 000a 2050 0100 001f 2228 8f00  .s.... P...."(..
000028d0: 000a 0073 2000 000a 2513 4e72 d504 0070  ...s ...%.Nr...p
000028e0: 1673 1400 000a 2051 0100 001f 2228 8f00  .s.... Q...."(..
000028f0: 000a 0073 8e00 000a 2513 4f72 d504 0070  ...s....%.Or...p
00002900: 1673 1400 000a 2055 0100 001f 2128 8f00  .s.... U....!(..
00002910: 000a 0073 9800 000a 2513 5072 d504 0070  ...s....%.Pr...p
00002920: 1673 1400 000a 2058 0100 001f 2128 8f00  .s.... X....!(..
00002930: 000a 0073 8e00 000a 2513 5172 d504 0070  ...s....%.Qr...p
00002940: 1673 1400 000a 2059 0100 001f 2128 8f00  .s.... Y....!(..
00002950: 000a 0073 9a00 000a 2513 5272 d504 0070  ...s....%.Rr...p
00002960: 1673 1400 000a 2053 0100 001f 1e28 8f00  .s.... S.....(..
00002970: 000a 0073 8e00 000a 2513 5372 d504 0070  ...s....%.Sr...p
00002980: 1673 1400 000a 205c 0100 001f 2128 8f00  .s.... \....!(..
00002990: 000a 0073 9b00 000a 2513 5472 d504 0070  ...s....%.Tr...p
000029a0: 1673 1400 000a 205f 0100 001f 2128 8f00  .s.... _....!(..
000029b0: 000a 0073 8e00 000a 2513 5572 d504 0070  ...s....%.Ur...p
000029c0: 1673 1400 000a 2060 0100 001f 2128 8f00  .s.... `....!(..
000029d0: 000a 0073 9a00 000a 2513 5672 d504 0070  ...s....%.Vr...p
000029e0: 1673 1400 000a 205a 0100 001f 1e28 8f00  .s.... Z.....(..
000029f0: 000a 0073 9d00 000a 2513 5772 d504 0070  ...s....%.Wr...p
00002a00: 1673 1400 000a 204d 0100 001f 1a28 8f00  .s.... M.....(..
00002a10: 000a 0073 a000 000a 2513 5872 d504 0070  ...s....%.Xr...p
00002a20: 1673 1400 000a 20ff 0000 001f 1628 8f00  .s.... ......(..
00002a30: 000a 0073 9d00 000a 2513 5972 d504 0070  ...s....%.Yr...p
00002a40: 1673 1400 000a 1f37 1f12 288f 0000 0a00  .s.....7..(.....
00002a50: 73a1 0000 0a25 135a 72d5 0400 7016 7314  s....%.Zr...p.s.
00002a60: 0000 0a1f 331f 0e28 8f00 000a 0073 7600  ....3..(.....sv.
00002a70: 000a 2513 5b72 d504 0070 1673 1400 000a  ..%.[r...p.s....
00002a80: 2085 0100 001f 1628 8f00 000a 0073 7600   ......(.....sv.
00002a90: 000a 2513 5c72 d504 0070 1673 1400 000a  ..%.\r...p.s....
00002aa0: 2087 0100 001f 1628 8f00 000a 0073 7600   ......(.....sv.
00002ab0: 000a 2513 5d72 d504 0070 1673 1400 000a  ..%.]r...p.s....
00002ac0: 2089 0100 001f 1628 8f00 000a 0073 7600   ......(.....sv.
00002ad0: 000a 2513 5e72 d504 0070 1673 1400 000a  ..%.^r...p.s....
00002ae0: 208b 0100 001f 1628 8f00 000a 0073 2000   ......(.....s .
00002af0: 000a 2513 5f72 d504 0070 1673 1400 000a  ..%._r...p.s....
00002b00: 208e 0100 001f 1628 8f00 000a 0073 7600   ......(.....sv.
00002b10: 000a 2513 6072 d504 0070 1673 1400 000a  ..%.`r...p.s....
00002b20: 2094 0100 001f 1a28 8f00 000a 0073 7600   ......(.....sv.
00002b30: 000a 2513 6172 d504 0070 1673 1400 000a  ..%.ar...p.s....
00002b40: 2095 0100 001f 1a28 8f00 000a 0073 7600   ......(.....sv.
00002b50: 000a 2513 6272 d504 0070 1673 1400 000a  ..%.br...p.s....
00002b60: 2096 0100 001f 1a28 8f00 000a 0073 2000   ......(.....s .
00002b70: 000a 2513 6372 d504 0070 1673 1400 000a  ..%.cr...p.s....
00002b80: 2099 0100 001f 1a28 8f00 000a 0073 2000   ......(.....s .
00002b90: 000a 2513 6472 d504 0070 1673 1400 000a  ..%.dr...p.s....
00002ba0: 209a 0100 001f 1a28 8f00 000a 0073 9800   ......(.....s..
00002bb0: 000a 2513 6572 d504 0070 1673 1400 000a  ..%.er...p.s....
00002bc0: 20a1 0100 001f 1928 8f00 000a 0073 8e00   ......(.....s..
00002bd0: 000a 2513 6672 d504 0070 1673 1400 000a  ..%.fr...p.s....
00002be0: 20a2 0100 001f 1928 8f00 000a 0073 9a00   ......(.....s..
00002bf0: 000a 2513 6772 d504 0070 1673 1400 000a  ..%.gr...p.s....
00002c00: 209c 0100 001f 1628 8f00 000a 0073 9800   ......(.....s..
00002c10: 000a 2513 6872 d504 0070 1673 1400 000a  ..%.hr...p.s....
00002c20: 20a9 0100 001f 1928 8f00 000a 0073 8e00   ......(.....s..
00002c30: 000a 2513 6972 d504 0070 1673 1400 000a  ..%.ir...p.s....
00002c40: 20aa 0100 001f 1928 8f00 000a 0073 9a00   ......(.....s..
00002c50: 000a 2513 6a72 d504 0070 1673 1400 000a  ..%.jr...p.s....
00002c60: 20a3 0100 001f 1628 8f00 000a 0073 9800   ......(.....s..
00002c70: 000a 2513 6b72 d504 0070 1673 1400 000a  ..%.kr...p.s....
00002c80: 20b0 0100 001f 1928 8f00 000a 0073 8e00   ......(.....s..
00002c90: 000a 2513 6c72 d504 0070 1673 1400 000a  ..%.lr...p.s....
00002ca0: 20b1 0100 001f 1928 8f00 000a 0073 9a00   ......(.....s..
00002cb0: 000a 2513 6d72 d504 0070 1673 1400 000a  ..%.mr...p.s....
00002cc0: 20ab 0100 001f 1628 8f00 000a 0073 9800   ......(.....s..
00002cd0: 000a 2513 6e72 d504 0070 1673 1400 000a  ..%.nr...p.s....
00002ce0: 20b8 0100 001f 1928 8f00 000a 0073 8e00   ......(.....s..
00002cf0: 000a 2513 6f72 d504 0070 1673 1400 000a  ..%.or...p.s....
00002d00: 20b9 0100 001f 1928 8f00 000a 0073 9a00   ......(.....s..
00002d10: 000a 2513 7072 d504 0070 1673 1400 000a  ..%.pr...p.s....
00002d20: 20b2 0100 001f 1628 8f00 000a 0073 9800   ......(.....s..
00002d30: 000a 2513 7172 d504 0070 1673 1400 000a  ..%.qr...p.s....
00002d40: 20c0 0100 001f 1928 8f00 000a 0073 8e00   ......(.....s..
00002d50: 000a 2513 7272 d504 0070 1673 1400 000a  ..%.rr...p.s....
00002d60: 20c1 0100 001f 1928 8f00 000a 0073 a200   ......(.....s..
00002d70: 000a 2513 7372 d504 0070 1673 1400 000a  ..%.sr...p.s....
00002d80: 20c3 0100 001f 2b28 8f00 000a 0028 1700   .....+(.....(..
00002d90: 000a 2513 7472 d504 0070 1673 1400 000a  ..%.tr...p.s....
00002da0: 20c7 0100 001f 2528 8f00 000a 0073 9b00   .....%(.....s..
00002db0: 000a 2513 7572 d504 0070 1673 1400 000a  ..%.ur...p.s....
00002dc0: 20c4 0100 001f 2228 8f00 000a 007e 2f00   ....."(.....~/.
00002dd0: 000a 2513 7672 d504 0070 1673 1400 000a  ..%.vr...p.s....
00002de0: 20cb 0100 001f 2528 8f00 000a 0073 9b00   .....%(.....s..
00002df0: 000a 2513 7772 d504 0070 1673 1400 000a  ..%.wr...p.s....
00002e00: 20c8 0100 001f 2228 8f00 000a 0073 a300   ....."(.....s..
00002e10: 000a 2513 7872 d504 0070 1673 1400 000a  ..%.xr...p.s....
00002e20: 20c3 0100 001f 1e28 8f00 000a 0073 9a00   ......(.....s..
00002e30: 000a 2513 7972 d504 0070 1673 1400 000a  ..%.yr...p.s....
00002e40: 20ba 0100 001f 1628 8f00 000a 0073 9d00   ......(.....s..
00002e50: 000a 2513 7a72 d504 0070 1673 1400 000a  ..%.zr...p.s....
00002e60: 2092 0100 001f 1228 8f00 000a 0073 2000   ......(.....s .
00002e70: 000a 2513 7b72 d504 0070 1673 1400 000a  ..%.{r...p.s....
00002e80: 20e1 0100 001f 1e28 8f00 000a 0073 2000   ......(.....s .
00002e90: 000a 2513 7c72 d504 0070 1673 1400 000a  ..%.|r...p.s....
00002ea0: 20e2 0100 001f 1e28 8f00 000a 0073 8e00   ......(.....s..
00002eb0: 000a 2513 7d72 d504 0070 1673 1400 000a  ..%.}r...p.s....
00002ec0: 20e7 0100 001f 1d28 8f00 000a 0073 9800   ......(.....s..
00002ed0: 000a 2513 7e72 d504 0070 1673 1400 000a  ..%.~r...p.s....
00002ee0: 20ec 0100 001f 1d28 8f00 000a 0073 a400   ......(.....s..
00002ef0: 000a 2513 7f72 d504 0070 1673 1400 000a  ..%..r...p.s....
00002f00: 20e4 0100 001f 1a28 8f00 000a 0073 8e00   ......(.....s..
00002f10: 000a 2513 8072 d504 0070 1673 1400 000a  ..%..r...p.s....
00002f20: 20f3 0100 001f 1d28 8f00 000a 0073 9800   ......(.....s..
00002f30: 000a 2513 8172 d504 0070 1673 1400 000a  ..%..r...p.s....
00002f40: 20f8 0100 001f 1d28 8f00 000a 0073 a400   ......(.....s..
00002f50: 000a 2513 8272 d504 0070 1673 1400 000a  ..%..r...p.s....
00002f60: 20f0 0100 001f 1a28 8f00 000a 0073 9d00   ......(.....s..
00002f70: 000a 2513 8372 d504 0070 1673 1400 000a  ..%..r...p.s....
00002f80: 20df 0100 001f 1628 8f00 000a 0073 8e00   ......(.....s..
00002f90: 000a 2513 8472 d504 0070 1673 1400 000a  ..%..r...p.s....
00002fa0: 2004 0200 001f 1928 8f00 000a 0073 9800   ......(.....s..
00002fb0: 000a 2513 8572 d504 0070 1673 1400 000a  ..%..r...p.s....
00002fc0: 2009 0200 001f 1928 8f00 000a 0073 a400   ......(.....s..
00002fd0: 000a 2513 8672 d504 0070 1673 1400 000a  ..%..r...p.s....
00002fe0: 20ff 0100 001f 1628 8f00 000a 0073 8e00   ......(.....s..
00002ff0: 000a 2513 8772 d504 0070 1673 1400 000a  ..%..r...p.s....
00003000: 2012 0200 001f 1928 8f00 000a 0073 9800   ......(.....s..
00003010: 000a 2513 8872 d504 0070 1673 1400 000a  ..%..r...p.s....
00003020: 2017 0200 001f 1928 8f00 000a 0073 a400   ......(.....s..
00003030: 000a 2513 8972 d504 0070 1673 1400 000a  ..%..r...p.s....
00003040: 200d 0200 001f 1628 8f00 000a 0073 a000   ......(.....s..
00003050: 000a 2513 8a72 d504 0070 1673 1400 000a  ..%..r...p.s....
00003060: 20d3 0100 001f 1228 8f00 000a 0073 a500   ......(.....s..
00003070: 000a 2513 8b72 d504 0070 1673 1400 000a  ..%..r...p.s....
00003080: 201c 0200 001f 1228 8f00 000a 0073 9d00   ......(.....s..
00003090: 000a 2513 8c72 d504 0070 1673 1400 000a  ..%..r...p.s....
000030a0: 207f 0100 001f 0e28 8f00 000a 0073 9d00   ......(.....s..
000030b0: 000a 2513 8d72 d504 0070 1673 1400 000a  ..%..r...p.s....
000030c0: 1f28 1f0a 288f 0000 0a00 0225 138e 72d5  .(..(......%..r.
000030d0: 0400 7016 7314 0000 0a18 1828 8f00 000a  ..p.s......(....
000030e0: 0011 8e28 a600 000a 252d 0626 73a7 0000  ...(....%-.&s...
000030f0: 0a74 6e00 0001 138f 118e 118f 28a8 0000  .tn.........(...
00003100: 0a00 118f 7249 0500 7011 8e6f a900 000a  ....rI..p..o....
00003110: 0011 8e6f aa00 000a 14fe 01fe 0e41 0200  ...o.........A..
00003120: 00fe 0c41 0200 002c 0d11 8e72 4905 0070  ...A...,...rI..p
00003130: 6fab 0000 0a00 118f 7253 0500 7011 8d6f  o.......rS..p..o
00003140: a900 000a 0011 8d6f aa00 000a 14fe 01fe  .......o........
00003150: 0e42 0200 00fe 0c42 0200 002c 0d11 8d72  .B.....B...,...r
00003160: 5305 0070 6fab 0000 0a00 118f 726b 0500  S..po.......rk..
00003170: 7011 1a6f a900 000a 0011 1a6f aa00 000a  p..o.......o....
00003180: 14fe 01fe 0e43 0200 00fe 0c43 0200 002c  .....C.....C...,
00003190: 0d11 1a72 6b05 0070 6fab 0000 0a00 118f  ...rk..po.......
000031a0: 728b 0500 7011 216f a900 000a 0011 216f  r...p.!o......!o
000031b0: aa00 000a 14fe 01fe 0e44 0200 00fe 0c44  .........D.....D
000031c0: 0200 002c 0d11 2172 8b05 0070 6fab 0000  ...,..!r...po...
000031d0: 0a00 118f 729b 0500 7011 246f a900 000a  ....r...p.$o....
000031e0: 0011 246f aa00 000a 14fe 01fe 0e45 0200  ..$o.........E..
000031f0: 00fe 0c45 0200 002c 0d11 2472 9b05 0070  ...E...,..$r...p
00003200: 6fab 0000 0a00 118f 72b5 0500 7011 266f  o.......r...p.&o
00003210: a900 000a 0011 266f aa00 000a 14fe 01fe  ......&o........
00003220: 0e46 0200 00fe 0c46 0200 002c 0d11 2672  .F.....F...,..&r
00003230: b505 0070 6fab 0000 0a00 118f 72d5 0500  ...po.......r...
00003240: 7011 276f a900 000a 0011 276f aa00 000a  p.'o......'o....
00003250: 14fe 01fe 0e47 0200 00fe 0c47 0200 002c  .....G.....G...,
00003260: 0d11 2772 d505 0070 6fab 0000 0a00 118f  ..'r...po.......
00003270: 72f1 0500 7011 286f a900 000a 0011 286f  r...p.(o......(o
00003280: aa00 000a 14fe 01fe 0e48 0200 00fe 0c48  .........H.....H
00003290: 0200 002c 0d11 2872 f105 0070 6fab 0000  ...,..(r...po...
000032a0: 0a00 118f 7221 0600 7011 586f a900 000a  ....r!..p.Xo....
000032b0: 0011 586f aa00 000a 14fe 01fe 0e49 0200  ..Xo.........I..
000032c0: 00fe 0c49 0200 002c 0d11 5872 2106 0070  ...I...,..Xr!..p
000032d0: 6fab 0000 0a00 118f 7231 0600 7011 2f6f  o.......r1..p./o
000032e0: a900 000a 0011 2f6f aa00 000a 14fe 01fe  ....../o........
000032f0: 0e4a 0200 00fe 0c4a 0200 002c 0d11 2f72  .J.....J...,../r
00003300: 3106 0070 6fab 0000 0a00 118f 7241 0600  1..po.......rA..
00003310: 7011 326f a900 000a 0011 326f aa00 000a  p.2o......2o....
00003320: 14fe 01fe 0e4b 0200 00fe 0c4b 0200 002c  .....K.....K...,
00003330: 0d11 3272 4106 0070 6fab 0000 0a00 118f  ..2rA..po.......
00003340: 725b 0600 7011 8c6f a900 000a 0011 8c6f  r[..p..o.......o
00003350: aa00 000a 14fe 01fe 0e4c 0200 00fe 0c4c  .........L.....L
00003360: 0200 002c 0d11 8c72 5b06 0070 6fab 0000  ...,...r[..po...
00003370: 0a00 118f 7283 0600 7011 7a6f a900 000a  ....r...p.zo....
00003380: 0011 7a6f aa00 000a 14fe 01fe 0e4d 0200  ..zo.........M..
00003390: 00fe 0c4d 0200 002c 0d11 7a72 8306 0070  ...M...,..zr...p
000033a0: 6fab 0000 0a00 118f 72ad 0600 7011 6a6f  o.......r...p.jo
000033b0: a900 000a 0011 6a6f aa00 000a 14fe 01fe  ......jo........
000033c0: 0e4e 0200 00fe 0c4e 0200 002c 0d11 6a72  .N.....N...,..jr
000033d0: ad06 0070 6fab 0000 0a00 118f 72c5 0600  ...po.......r...
000033e0: 7011 706f a900 000a 0011 706f aa00 000a  p.po......po....
000033f0: 14fe 01fe 0e4f 0200 00fe 0c4f 0200 002c  .....O.....O...,
00003400: 0d11 7072 c506 0070 6fab 0000 0a00 118f  ..pr...po.......
00003410: 72dd 0600 7011 796f a900 000a 0011 796f  r...p.yo......yo
00003420: aa00 000a 14fe 01fe 0e50 0200 00fe 0c50  .........P.....P
00003430: 0200 002c 0d11 7972 dd06 0070 6fab 0000  ...,..yr...po...
00003440: 0a00 118f 72ef 0600 7011 8a6f a900 000a  ....r...p..o....
00003450: 0011 8a6f aa00 000a 14fe 01fe 0e51 0200  ...o.........Q..
00003460: 00fe 0c51 0200 002c 0d11 8a72 ef06 0070  ...Q...,...r...p
00003470: 6fab 0000 0a00 118f 7215 0700 7011 7f6f  o.......r...p..o
00003480: a900 000a 0011 7f6f aa00 000a 14fe 01fe  .......o........
00003490: 0e52 0200 00fe 0c52 0200 002c 0d11 7f72  .R.....R...,...r
000034a0: 1507 0070 6fab 0000 0a00 118f 722b 0700  ...po.......r+..
000034b0: 7011 826f a900 000a 0011 826f aa00 000a  p..o.......o....
000034c0: 14fe 01fe 0e53 0200 00fe 0c53 0200 002c  .....S.....S...,
000034d0: 0d11 8272 2b07 0070 6fab 0000 0a00 118f  ...r+..po.......
000034e0: 7251 0700 7011 866f a900 000a 0011 866f  rQ..p..o.......o
000034f0: aa00 000a 14fe 01fe 0e54 0200 00fe 0c54  .........T.....T
00003500: 0200 002c 0d11 8672 5107 0070 6fab 0000  ...,...rQ..po...
00003510: 0a00 118f 726d 0700 7011 896f a900 000a  ....rm..p..o....
00003520: 0011 896f aa00 000a 14fe 01fe 0e55 0200  ...o.........U..
00003530: 00fe 0c55 0200 002c 0d11 8972 6d07 0070  ...U...,...rm..p
00003540: 6fab 0000 0a00 118f 7291 0700 7011 8b6f  o.......r...p..o
00003550: a900 000a 0011 8b6f aa00 000a 14fe 01fe  .......o........
00003560: 0e56 0200 00fe 0c56 0200 002c 0d11 8b72  .V.....V...,...r
00003570: 9107 0070 6fab 0000 0a00 0211 8e7d 0500  ...po........}..
00003580: 0004 0211 8d7d 0600 0004 0211 1a7d 0700  .....}.......}..
00003590: 0004 0211 217d 0800 0004 0211 247d 0900  ....!}......$}..
000035a0: 0004 0211 267d 0a00 0004 0211 277d 0b00  ....&}......'}..
000035b0: 0004 0211 287d 0c00 0004 0211 587d 0d00  ....(}......X}..
000035c0: 0004 0211 2f7d 0e00 0004 0211 327d 0f00  ..../}......2}..
000035d0: 0004 0211 8c7d 1000 0004 0211 7a7d 1100  .....}......z}..
000035e0: 0004 0211 6a7d 1200 0004 0211 707d 1300  ....j}......p}..
000035f0: 0004 0211 797d 1400 0004 0211 8a7d 1500  ....y}.......}..
00003600: 0004 0211 7f7d 1600 0004 0211 827d 1700  .....}.......}..
00003610: 0004 0211 867d 1800 0004 0211 897d 1900  .....}.......}..
00003620: 0004 0211 8b7d 1a00 0004 118e 110a 6fac  .....}........o.
00003630: 0000 0a00 110a 7297 0700 7011 056f ad00  ......r...p..o..
00003640: 000a 0011 0a72 dd07 0070 1106 6fad 0000  .....r...p..o...
00003650: 0a00 110a 720d 0800 7011 076f ad00 000a  ....r...p..o....
00003660: 0011 0a72 4508 0070 1108 6fad 0000 0a00  ...rE..p..o.....
00003670: 110a 728d 0800 7011 096f ad00 000a 0011  ..r...p..o......
00003680: 8e7e ae00 000a 188c 8100 0001 6faf 0000  .~..........o...
00003690: 0a00 118e 7eb0 0000 0a17 8c82 0000 016f  ....~..........o
000036a0: af00 000a 0011 8e11 8efe 0617 0000 0673  ...............s
000036b0: b100 000a 6fb2 0000 0a00 1104 72c5 0800  ....o.......r...
000036c0: 706f b300 000a 0011 0413 9073 b400 000a  po.........s....
000036d0: 1391 d084 0000 0128 8300 000a 1392 178d  .......(........
000036e0: 7b00 0001 1393 1193 1611 8ea2 1193 7eb5  {.............~.
000036f0: 0000 0a11 8f73 b600 000a 2513 9413 9511  .....s....%.....
00003700: 9111 9211 946f b700 000a 0011 91d0 8500  .....o..........
00003710: 0001 2883 0000 0a11 956f b700 000a 00d0  ..(......o......
00003720: 8600 0001 2883 0000 0a13 9673 b800 000a  ....(......s....
00003730: 1397 1197 7201 0000 7072 e508 0070 6fb9  ....r...pr...po.
00003740: 0000 0a00 1197 7231 0900 7072 3509 0070  ......r1..pr5..p
00003750: 6fb9 0000 0a00 1197 728f 0900 7072 a509  o.......r...pr..
00003760: 0070 6fb9 0000 0a00 1197 721b 0a00 7072  .po.......r...pr
00003770: 230a 0070 6fb9 0000 0a00 1197 72d8 0a00  #..po.......r...
00003780: 7072 e40a 0070 6fb9 0000 0a00 1197 722e  pr...po.......r.
00003790: 0b00 7072 380b 0070 6fb9 0000 0a00 1197  ..pr8..po.......
000037a0: 728c 0b00 7072 9e0b 0070 6fb9 0000 0a00  r...pr...po.....
000037b0: 1197 72fa 0b00 7072 000c 0070 6fb9 0000  ..r...pr...po...
000037c0: 0a00 1197 7264 0c00 7072 6a0c 0070 6fb9  ....rd..prj..po.
000037d0: 0000 0a00 1197 d004 0000 0228 8300 000a  ...........(....
000037e0: 2884 0000 0a6f 8500 000a 73ba 0000 0a13  (....o....s.....
000037f0: 9811 9111 9611 986f b700 000a 0011 91d0  .......o........
00003800: 8800 0001 2883 0000 0a1f 111b 73bb 0000  ....(.......s...
00003810: 0a73 bc00 000a 6fb7 0000 0a00 1190 1191  .s....o.........
00003820: 6fbd 0000 0a13 9911 8e7e b500 000a 1199  o........~......
00003830: 6fbe 0000 0a6f bf00 000a 0011 8e11 8efe  o....o..........
00003840: 0618 0000 0673 b100 000a 6fc0 0000 0a00  .....s....o.....
00003850: 118e 7ec1 0000 0a16 8c82 0000 016f af00  ..~..........o..
00003860: 000a 0011 8e7e c200 000a 178c 8200 0001  .....~..........
00003870: 6faf 0000 0a00 118e 118e fe06 1500 0006  o...............
00003880: 73b1 0000 0a6f c300 000a 0011 8e11 0a6f  s....o.........o
00003890: ac00 000a 0011 0b23 0000 0000 0000 0000  .......#........
000038a0: 2300 0000 0000 0000 0023 0000 0000 0000  #........#......
000038b0: 0000 2300 0000 0000 0000 0073 c400 000a  ..#........s....
000038c0: 6fc5 0000 0a00 110b 2300 0000 0000 0000  o.......#.......
000038d0: 0023 0000 0000 0000 0000 2300 0000 0000  .#........#.....
000038e0: 0000 0023 0000 0000 0000 0000 73c4 0000  ...#........s...
000038f0: 0a6f c600 000a 0011 8e7e c700 000a 110b  .o.......~......
00003900: 6faf 0000 0a00 118d 7ec8 0000 0a23 0000  o.......~....#..
00003910: 0000 0000 1440 2300 0000 0000 0000 0073  .....@#........s
00003920: c900 000a 8c66 0000 016f af00 000a 0011  .....f...o......
00003930: 0c72 4905 0070 6fca 0000 0a00 110c 139a  .rI..po.........
00003940: 73b4 0000 0a13 9bd0 8400 0001 2883 0000  s...........(...
00003950: 0a13 9c18 8d7b 0000 0113 9d11 9d16 118d  .....{..........
00003960: a211 9d17 118e a211 9d7e cb00 000a 118f  .........~......
00003970: 73b6 0000 0a25 139e 139f 119b 119c 119e  s....%..........
00003980: 6fb7 0000 0a00 119b d085 0000 0128 8300  o............(..
00003990: 000a 119f 6fb7 0000 0a00 d086 0000 0128  ....o..........(
000039a0: 8300 000a 13a0 73b8 0000 0a13 a111 a172  ......s........r
000039b0: 0100 0070 72e5 0800 706f b900 000a 0011  ...pr...po......
000039c0: a172 3109 0070 7235 0900 706f b900 000a  .r1..pr5..po....
000039d0: 0011 a172 8f09 0070 72a5 0900 706f b900  ...r...pr...po..
000039e0: 000a 0011 a172 1b0a 0070 7223 0a00 706f  .....r...pr#..po
000039f0: b900 000a 0011 a172 d80a 0070 72e4 0a00  .......r...pr...
00003a00: 706f b900 000a 0011 a172 2e0b 0070 7238  po.......r...pr8
00003a10: 0b00 706f b900 000a 0011 a172 8c0b 0070  ..po.......r...p
00003a20: 729e 0b00 706f b900 000a 0011 a172 fa0b  r...po.......r..
00003a30: 0070 7200 0c00 706f b900 000a 0011 a172  .pr...po.......r
00003a40: 640c 0070 726a 0c00 706f b900 000a 0011  d..prj..po......
00003a50: a1d0 0400 0002 2883 0000 0a28 8400 000a  ......(....(....
00003a60: 6f85 0000 0a73 ba00 000a 13a2 119b 11a0  o....s..........
00003a70: 11a2 6fb7 0000 0a00 119b d088 0000 0128  ..o............(
00003a80: 8300 000a 1f2c 1f0d 73bb 0000 0a73 bc00  .....,..s....s..
00003a90: 000a 6fb7 0000 0a00 119a 119b 6fcc 0000  ..o.........o...
00003aa0: 0a13 a311 8d7e cb00 000a 11a3 6faf 0000  .....~......o...
00003ab0: 0a00 110d 7ecd 0000 0a73 ce00 000a 72ca  ....~....s....r.
00003ac0: 0c00 706f cf00 000a 6faf 0000 0a00 118d  ..po....o.......
00003ad0: 7ed0 0000 0a6f d100 000a 7410 0000 1b11  ~....o....t.....
00003ae0: 0d6f 7900 000a 0011 0e7e cd00 000a 73ce  .oy......~....s.
00003af0: 0000 0a72 ce0c 0070 6fcf 0000 0a6f af00  ...r...po....o..
00003b00: 000a 0011 8d7e d000 000a 6fd1 0000 0a74  .....~....o....t
00003b10: 1000 001b 110e 6f79 0000 0a00 115a 7ed2  ......oy.....Z~.
00003b20: 0000 0a16 8c93 0000 016f af00 000a 0011  .........o......
00003b30: 5a7e d300 000a 168c 9400 0001 6faf 0000  Z~..........o...
00003b40: 0a00 115a 7ed4 0000 0a7e d500 000a 8c95  ...Z~....~......
00003b50: 0000 016f af00 000a 0011 0f7e cd00 000a  ...o.......~....
00003b60: 73ce 0000 0a72 ce0c 0070 6fcf 0000 0a6f  s....r...po....o
00003b70: af00 000a 0011 597e d000 000a 6fd1 0000  ......Y~....o...
00003b80: 0a74 1000 001b 110f 6f79 0000 0a00 1110  .t......oy......
00003b90: 7ecd 0000 0a73 ce00 000a 72ca 0c00 706f  ~....s....r...po
00003ba0: cf00 000a 6faf 0000 0a00 1159 7ed0 0000  ....o......Y~...
00003bb0: 0a6f d100 000a 7410 0000 1b11 106f 7900  .o....t......oy.
00003bc0: 000a 0011 117e cd00 000a 73ce 0000 0a72  .....~....s....r
00003bd0: ce0c 0070 6fcf 0000 0a6f af00 000a 0011  ...po....o......
00003be0: 597e d000 000a 6fd1 0000 0a74 1000 001b  Y~....o....t....
00003bf0: 1111 6f79 0000 0a00 1112 7ecd 0000 0a73  ..oy......~....s
00003c00: ce00 000a 72ce 0c00 706f cf00 000a 6faf  ....r...po....o.
00003c10: 0000 0a00 1159 7ed0 0000 0a6f d100 000a  .....Y~....o....
00003c20: 7410 0000 1b11 126f 7900 000a 0011 257e  t......oy.....%~
00003c30: d200 000a 168c 9300 0001 6faf 0000 0a00  ..........o.....
00003c40: 1113 7ecd 0000 0a73 ce00 000a 72ce 0c00  ..~....s....r...
00003c50: 706f cf00 000a 6faf 0000 0a00 1125 7ed0  po....o......%~.
00003c60: 0000 0a6f d100 000a 7410 0000 1b11 136f  ...o....t......o
00003c70: 7900 000a 0011 147e cd00 000a 73ce 0000  y......~....s...
00003c80: 0a72 ce0c 0070 6fcf 0000 0a6f af00 000a  .r...po....o....
00003c90: 0011 257e d000 000a 6fd1 0000 0a74 1000  ..%~....o....t..
00003ca0: 001b 1114 6f79 0000 0a00 1115 7ecd 0000  ....oy......~...
00003cb0: 0a73 ce00 000a 72ce 0c00 706f cf00 000a  .s....r...po....
00003cc0: 6faf 0000 0a00 1125 7ed0 0000 0a6f d100  o......%~....o..
00003cd0: 000a 7410 0000 1b11 156f 7900 000a 0011  ..t......oy.....
00003ce0: 1672 c508 0070 6fb3 0000 0a00 1116 13a4  .r...po.........
00003cf0: 73b4 0000 0a13 a5d0 8400 0001 2883 0000  s...........(...
00003d00: 0a13 a61c 8d7b 0000 0113 a711 a716 111a  .....{..........
00003d10: a211 a717 1125 a211 a718 1159 a211 a719  .....%.....Y....
00003d20: 115a a211 a71a 118d a211 a71b 118e a211  .Z..............
00003d30: a77e b500 000a 118f 73b6 0000 0a25 13a8  .~......s....%..
00003d40: 13a9 11a5 11a6 11a8 6fb7 0000 0a00 11a5  ........o.......
00003d50: d085 0000 0128 8300 000a 11a9 6fb7 0000  .....(......o...
00003d60: 0a00 d086 0000 0128 8300 000a 13aa 73b8  .......(......s.
00003d70: 0000 0a13 ab11 ab72 0100 0070 72e5 0800  .......r...pr...
00003d80: 706f b900 000a 0011 ab72 3109 0070 7235  po.......r1..pr5
00003d90: 0900 706f b900 000a 0011 ab72 8f09 0070  ..po.......r...p
00003da0: 72a5 0900 706f b900 000a 0011 ab72 1b0a  r...po.......r..
00003db0: 0070 7223 0a00 706f b900 000a 0011 ab72  .pr#..po.......r
00003dc0: d80a 0070 72e4 0a00 706f b900 000a 0011  ...pr...po......
00003dd0: ab72 2e0b 0070 7238 0b00 706f b900 000a  .r...pr8..po....
00003de0: 0011 ab72 8c0b 0070 729e 0b00 706f b900  ...r...pr...po..
00003df0: 000a 0011 ab72 fa0b 0070 7200 0c00 706f  .....r...pr...po
00003e00: b900 000a 0011 ab72 640c 0070 726a 0c00  .......rd..prj..
00003e10: 706f b900 000a 0011 abd0 0400 0002 2883  po............(.
00003e20: 0000 0a28 8400 000a 6f85 0000 0a73 ba00  ...(....o....s..
00003e30: 000a 13ac 11a5 11aa 11ac 6fb7 0000 0a00  ..........o.....
00003e40: 11a5 d088 0000 0128 8300 000a 1f56 1f1d  .......(.....V..
00003e50: 73bb 0000 0a73 bc00 000a 6fb7 0000 0a00  s....s....o.....
00003e60: 11a4 11a5 6fbd 0000 0a13 ad11 1a7e b500  ....o........~..
00003e70: 000a 11ad 6fbe 0000 0a6f bf00 000a 0011  ....o....o......
00003e80: 1772 d80c 0070 6fb3 0000 0a00 1117 13ae  .r...po.........
00003e90: 73b4 0000 0a13 afd0 8400 0001 2883 0000  s...........(...
00003ea0: 0a13 b01c 8d7b 0000 0113 b111 b116 111a  .....{..........
00003eb0: a211 b117 1125 a211 b118 1159 a211 b119  .....%.....Y....
00003ec0: 115a a211 b11a 118d a211 b11b 118e a211  .Z..............
00003ed0: b17e d600 000a 118f 73b6 0000 0a25 13b2  .~......s....%..
00003ee0: 13b3 11af 11b0 11b2 6fb7 0000 0a00 11af  ........o.......
00003ef0: d085 0000 0128 8300 000a 11b3 6fb7 0000  .....(......o...
00003f00: 0a00 d086 0000 0128 8300 000a 13b4 73b8  .......(......s.
00003f10: 0000 0a13 b511 b572 0100 0070 72e5 0800  .......r...pr...
00003f20: 706f b900 000a 0011 b572 3109 0070 7235  po.......r1..pr5
00003f30: 0900 706f b900 000a 0011 b572 8f09 0070  ..po.......r...p
00003f40: 72a5 0900 706f b900 000a 0011 b572 1b0a  r...po.......r..
00003f50: 0070 7223 0a00 706f b900 000a 0011 b572  .pr#..po.......r
00003f60: d80a 0070 72e4 0a00 706f b900 000a 0011  ...pr...po......
00003f70: b572 2e0b 0070 7238 0b00 706f b900 000a  .r...pr8..po....
00003f80: 0011 b572 8c0b 0070 729e 0b00 706f b900  ...r...pr...po..
00003f90: 000a 0011 b572 fa0b 0070 7200 0c00 706f  .....r...pr...po
00003fa0: b900 000a 0011 b572 640c 0070 726a 0c00  .......rd..prj..
00003fb0: 706f b900 000a 0011 b5d0 0400 0002 2883  po............(.
00003fc0: 0000 0a28 8400 000a 6f85 0000 0a73 ba00  ...(....o....s..
00003fd0: 000a 13b6 11af 11b4 11b6 6fb7 0000 0a00  ..........o.....
00003fe0: 11af d088 0000 0128 8300 000a 1f57 1f1d  .......(.....W..
00003ff0: 73bb 0000 0a73 bc00 000a 6fb7 0000 0a00  s....s....o.....
00004000: 11ae 11af 6fbd 0000 0a13 b711 1a7e d600  ....o........~..
00004010: 000a 11b7 6fbe 0000 0a6f bf00 000a 0011  ....o....o......
00004020: 1a7e d700 000a 7ed8 0000 0a8c 9500 0001  .~....~.........
00004030: 6faf 0000 0a00 111a 7ed9 0000 0a73 da00  o.......~....s..
00004040: 000a 72f6 0c00 706f cf00 000a 6faf 0000  ..r...po....o...
00004050: 0a00 111a 7edb 0000 0a73 dc00 000a 7204  ....~....s....r.
00004060: 0d00 706f cf00 000a 6faf 0000 0a00 1118  ..po....o.......
00004070: 7210 0d00 706f dd00 000a 0011 1813 b873  r...po.........s
00004080: b400 000a 13b9 d084 0000 0128 8300 000a  ...........(....
00004090: 13ba 1c8d 7b00 0001 13bb 11bb 1611 1aa2  ....{...........
000040a0: 11bb 1711 25a2 11bb 1811 59a2 11bb 1911  ....%.....Y.....
000040b0: 5aa2 11bb 1a11 8da2 11bb 1b11 8ea2 11bb  Z...............
000040c0: 7ede 0000 0a11 8f73 b600 000a 2513 bc13  ~......s....%...
000040d0: bd11 b911 ba11 bc6f b700 000a 0011 b9d0  .......o........
000040e0: 8500 0001 2883 0000 0a11 bd6f b700 000a  ....(......o....
000040f0: 00d0 8600 0001 2883 0000 0a13 be73 b800  ......(......s..
00004100: 000a 13bf 11bf 7201 0000 7072 e508 0070  ......r...pr...p
00004110: 6fb9 0000 0a00 11bf 7231 0900 7072 3509  o.......r1..pr5.
00004120: 0070 6fb9 0000 0a00 11bf 728f 0900 7072  .po.......r...pr
00004130: a509 0070 6fb9 0000 0a00 11bf 721b 0a00  ...po.......r...
00004140: 7072 230a 0070 6fb9 0000 0a00 11bf 72d8  pr#..po.......r.
00004150: 0a00 7072 e40a 0070 6fb9 0000 0a00 11bf  ..pr...po.......
00004160: 722e 0b00 7072 380b 0070 6fb9 0000 0a00  r...pr8..po.....
00004170: 11bf 728c 0b00 7072 9e0b 0070 6fb9 0000  ..r...pr...po...
00004180: 0a00 11bf 72fa 0b00 7072 000c 0070 6fb9  ....r...pr...po.
00004190: 0000 0a00 11bf 7264 0c00 7072 6a0c 0070  ......rd..prj..p
000041a0: 6fb9 0000 0a00 11bf d004 0000 0228 8300  o............(..
000041b0: 000a 2884 0000 0a6f 8500 000a 73ba 0000  ..(....o....s...
000041c0: 0a13 c011 b911 be11 c06f b700 000a 0011  .........o......
000041d0: b9d0 8800 0001 2883 0000 0a1f 5b1f 1d73  ......(.....[..s
000041e0: bb00 000a 73bc 0000 0a6f b700 000a 0011  ....s....o......
000041f0: b811 b96f cc00 000a 13c1 111a 11c1 7416  ...o..........t.
00004200: 0000 016f 5800 000a 0011 1a7e df00 000a  ...oX......~....
00004210: 7e55 0000 0a8c 2e00 0001 6faf 0000 0a00  ~U........o.....
00004220: 111a 7ee0 0000 0a73 e100 000a 7242 0d00  ..~....s....rB..
00004230: 706f cf00 000a 6faf 0000 0a00 1119 7ee2  po....o.......~.
00004240: 0000 0a17 8c93 0000 016f af00 000a 0011  .........o......
00004250: 1911 8efe 060c 0000 0673 b100 000a 6fe3  .........s....o.
00004260: 0000 0a00 111a 6fe4 0000 0a11 196f e500  ......o......o..
00004270: 000a 0011 256f 5b00 000a 111a 6f7d 0000  ....%o[.....o}..
00004280: 0a00 1121 7ed2 0000 0a17 8c93 0000 016f  ...!~..........o
00004290: af00 000a 0011 217e b500 000a 7ee6 0000  ......!~....~...
000042a0: 0a8c 2e00 0001 6faf 0000 0a00 1121 7ecb  ......o......!~.
000042b0: 0000 0a11 1b6f af00 000a 0011 1c18 6fe7  .....o........o.
000042c0: 0000 0a00 111c 7256 0d00 706f e800 000a  ......rV..po....
000042d0: 0011 1c7e 3800 0004 252d 1726 7e26 0000  ...~8...%-.&~&..
000042e0: 04fe 065c 0000 0673 e900 000a 2580 3800  ...\...s....%.8.
000042f0: 0004 1417 8d18 0000 1b25 167e 3900 0004  .........%.~9...
00004300: 252d 1726 7e26 0000 04fe 065d 0000 0673  %-.&~&.....]...s
00004310: ea00 000a 2580 3900 0004 7256 0d00 7073  ....%.9...rV..ps
00004320: eb00 000a a273 ec00 000a 6fed 0000 0a00  .....s....o.....
00004330: 111c 146f ee00 000a 13c2 1121 7edb 0000  ...o.......!~...
00004340: 0a11 c26f ef00 000a 0011 1d72 7c0d 0070  ...o.......r|..p
00004350: 6fe8 0000 0a00 111d 146f ee00 000a 13c3  o........o......
00004360: 1121 11c3 6ff0 0000 0a00 111e 7296 0d00  .!..o.......r...
00004370: 706f e800 000a 0011 1e7e 3a00 0004 252d  po.......~:...%-
00004380: 1726 7e26 0000 04fe 065e 0000 0673 f100  .&~&.....^...s..
00004390: 000a 2580 3a00 0004 1417 8d18 0000 1b25  ..%.:..........%
000043a0: 167e 3b00 0004 252d 1726 7e26 0000 04fe  .~;...%-.&~&....
000043b0: 065f 0000 0673 ea00 000a 2580 3b00 0004  ._...s....%.;...
000043c0: 7296 0d00 7073 eb00 000a a273 f200 000a  r...ps.....s....
000043d0: 6fed 0000 0a00 111e 146f ee00 000a 13c4  o........o......
000043e0: 1121 7ef3 0000 0a11 c46f ef00 000a 0011  .!~......o......
000043f0: 1f17 6fe7 0000 0a00 111f 72ac 0d00 706f  ..o.......r...po
00004400: e800 000a 0011 1f7e 3c00 0004 252d 1726  .......~<...%-.&
00004410: 7e26 0000 04fe 0660 0000 0673 f400 000a  ~&.....`...s....
00004420: 2580 3c00 0004 7e3d 0000 0425 2d17 267e  %.<...~=...%-.&~
00004430: 2600 0004 fe06 6100 0006 73f5 0000 0a25  &.....a...s....%
00004440: 803d 0000 0417 8d18 0000 1b25 167e 3e00  .=.........%.~>.
00004450: 0004 252d 1726 7e26 0000 04fe 0662 0000  ..%-.&~&.....b..
00004460: 0673 ea00 000a 2580 3e00 0004 72ac 0d00  .s....%.>...r...
00004470: 7073 eb00 000a a273 f600 000a 6fed 0000  ps.....s....o...
00004480: 0a00 111f 146f ee00 000a 13c5 1121 7ef7  .....o.......!~.
00004490: 0000 0a11 c56f ef00 000a 0011 2111 8efe  .....o......!...
000044a0: 061a 0000 0673 b100 000a 6ff8 0000 0a00  .....s....o.....
000044b0: 1120 72c4 0d00 706f b300 000a 0011 2013  . r...po...... .
000044c0: c673 b400 000a 13c7 d084 0000 0128 8300  .s...........(..
000044d0: 000a 13c8 1c8d 7b00 0001 13c9 11c9 1611  ......{.........
000044e0: 21a2 11c9 1711 25a2 11c9 1811 59a2 11c9  !.....%.....Y...
000044f0: 1911 5aa2 11c9 1a11 8da2 11c9 1b11 8ea2  ..Z.............
00004500: 11c9 7ef9 0000 0a11 8f73 b600 000a 2513  ..~......s....%.
00004510: ca13 cb11 c711 c811 ca6f b700 000a 0011  .........o......
00004520: c7d0 8500 0001 2883 0000 0a11 cb6f b700  ......(......o..
00004530: 000a 00d0 8600 0001 2883 0000 0a13 cc73  ........(......s
00004540: b800 000a 13cd 11cd 7201 0000 7072 e508  ........r...pr..
00004550: 0070 6fb9 0000 0a00 11cd 7231 0900 7072  .po.......r1..pr
00004560: 3509 0070 6fb9 0000 0a00 11cd 728f 0900  5..po.......r...
00004570: 7072 a509 0070 6fb9 0000 0a00 11cd 721b  pr...po.......r.
00004580: 0a00 7072 230a 0070 6fb9 0000 0a00 11cd  ..pr#..po.......
00004590: 72d8 0a00 7072 e40a 0070 6fb9 0000 0a00  r...pr...po.....
000045a0: 11cd 722e 0b00 7072 380b 0070 6fb9 0000  ..r...pr8..po...
000045b0: 0a00 11cd 728c 0b00 7072 9e0b 0070 6fb9  ....r...pr...po.
000045c0: 0000 0a00 11cd 72fa 0b00 7072 000c 0070  ......r...pr...p
000045d0: 6fb9 0000 0a00 11cd 7264 0c00 7072 6a0c  o.......rd..prj.
000045e0: 0070 6fb9 0000 0a00 11cd d004 0000 0228  .po............(
000045f0: 8300 000a 2884 0000 0a6f 8500 000a 73ba  ....(....o....s.
00004600: 0000 0a13 ce11 c711 cc11 ce6f b700 000a  ...........o....
00004610: 0011 c7d0 8800 0001 2883 0000 0a1f 6f1f  ........(.....o.
00004620: 1d73 bb00 000a 73bc 0000 0a6f b700 000a  .s....s....o....
00004630: 0011 c611 c76f bd00 000a 13cf 1121 7ef9  .....o.......!~.
00004640: 0000 0a11 cf6f be00 000a 6fbf 0000 0a00  .....o....o.....
00004650: 1125 6f5b 0000 0a11 216f 7d00 000a 0011  .%o[....!o}.....
00004660: 247e d200 000a 188c 9300 0001 6faf 0000  $~..........o...
00004670: 0a00 1124 7efa 0000 0a73 fb00 000a 72d8  ...$~....s....r.
00004680: 0d00 706f cf00 000a 6faf 0000 0a00 1124  ..po....o......$
00004690: 7ed9 0000 0a73 da00 000a 72f6 0c00 706f  ~....s....r...po
000046a0: cf00 000a 6faf 0000 0a00 1124 7edb 0000  ....o......$~...
000046b0: 0a73 dc00 000a 72e2 0d00 706f cf00 000a  .s....r...po....
000046c0: 6faf 0000 0a00 1122 72ee 0d00 706f dd00  o......"r...po..
000046d0: 000a 0011 2213 d073 b400 000a 13d1 d084  ...."..s........
000046e0: 0000 0128 8300 000a 13d2 1c8d 7b00 0001  ...(........{...
000046f0: 13d3 11d3 1611 24a2 11d3 1711 25a2 11d3  ......$.....%...
00004700: 1811 59a2 11d3 1911 5aa2 11d3 1a11 8da2  ..Y.....Z.......
00004710: 11d3 1b11 8ea2 11d3 7ede 0000 0a11 8f73  ........~......s
00004720: b600 000a 2513 d413 d511 d111 d211 d46f  ....%..........o
00004730: b700 000a 0011 d1d0 8500 0001 2883 0000  ............(...
00004740: 0a11 d56f b700 000a 00d0 8600 0001 2883  ...o..........(.
00004750: 0000 0a13 d673 b800 000a 13d7 11d7 7201  .....s........r.
00004760: 0000 7072 e508 0070 6fb9 0000 0a00 11d7  ..pr...po.......
00004770: 7231 0900 7072 3509 0070 6fb9 0000 0a00  r1..pr5..po.....
00004780: 11d7 728f 0900 7072 a509 0070 6fb9 0000  ..r...pr...po...
00004790: 0a00 11d7 721b 0a00 7072 230a 0070 6fb9  ....r...pr#..po.
000047a0: 0000 0a00 11d7 72d8 0a00 7072 e40a 0070  ......r...pr...p
000047b0: 6fb9 0000 0a00 11d7 722e 0b00 7072 380b  o.......r...pr8.
000047c0: 0070 6fb9 0000 0a00 11d7 728c 0b00 7072  .po.......r...pr
000047d0: 9e0b 0070 6fb9 0000 0a00 11d7 72fa 0b00  ...po.......r...
000047e0: 7072 000c 0070 6fb9 0000 0a00 11d7 7264  pr...po.......rd
000047f0: 0c00 7072 6a0c 0070 6fb9 0000 0a00 11d7  ..prj..po.......
00004800: d004 0000 0228 8300 000a 2884 0000 0a6f  .....(....(....o
00004810: 8500 000a 73ba 0000 0a13 d811 d111 d611  ....s...........
00004820: d86f b700 000a 0011 d1d0 8800 0001 2883  .o............(.
00004830: 0000 0a1f 771f 1d73 bb00 000a 73bc 0000  ....w..s....s...
00004840: 0a6f b700 000a 0011 d011 d16f cc00 000a  .o.........o....
00004850: 13d9 1124 11d9 7416 0000 016f 5800 000a  ...$..t....oX...
00004860: 0011 2372 8702 0070 6fb3 0000 0a00 1123  ..#r...po......#
00004870: 13da 73b4 0000 0a13 dbd0 8400 0001 2883  ..s...........(.
00004880: 0000 0a13 dc1c 8d7b 0000 0113 dd11 dd16  .......{........
00004890: 1124 a211 dd17 1125 a211 dd18 1159 a211  .$.....%.....Y..
000048a0: dd19 115a a211 dd1a 118d a211 dd1b 118e  ...Z............
000048b0: a211 dd7e df00 000a 118f 73b6 0000 0a25  ...~......s....%
000048c0: 13de 13df 11db 11dc 11de 6fb7 0000 0a00  ..........o.....
000048d0: 11db d085 0000 0128 8300 000a 11df 6fb7  .......(......o.
000048e0: 0000 0a00 d086 0000 0128 8300 000a 13e0  .........(......
000048f0: 73b8 0000 0a13 e111 e172 0100 0070 72e5  s........r...pr.
00004900: 0800 706f b900 000a 0011 e172 3109 0070  ..po.......r1..p
00004910: 7235 0900 706f b900 000a 0011 e172 8f09  r5..po.......r..
00004920: 0070 72a5 0900 706f b900 000a 0011 e172  .pr...po.......r
00004930: 1b0a 0070 7223 0a00 706f b900 000a 0011  ...pr#..po......
00004940: e172 d80a 0070 72e4 0a00 706f b900 000a  .r...pr...po....
00004950: 0011 e172 2e0b 0070 7238 0b00 706f b900  ...r...pr8..po..
00004960: 000a 0011 e172 8c0b 0070 729e 0b00 706f  .....r...pr...po
00004970: b900 000a 0011 e172 fa0b 0070 7200 0c00  .......r...pr...
00004980: 706f b900 000a 0011 e172 640c 0070 726a  po.......rd..prj
00004990: 0c00 706f b900 000a 0011 e1d0 0400 0002  ..po............
000049a0: 2883 0000 0a28 8400 000a 6f85 0000 0a73  (....(....o....s
000049b0: ba00 000a 13e2 11db 11e0 11e2 6fb7 0000  ............o...
000049c0: 0a00 11db d088 0000 0128 8300 000a 1f78  .........(.....x
000049d0: 1f1d 73bb 0000 0a73 bc00 000a 6fb7 0000  ..s....s....o...
000049e0: 0a00 11da 11db 6fbd 0000 0a13 e311 247e  ......o.......$~
000049f0: df00 000a 11e3 6fbe 0000 0a6f bf00 000a  ......o....o....
00004a00: 0011 256f 5b00 000a 1124 6f7d 0000 0a00  ..%o[....$o}....
00004a10: 1159 6f5b 0000 0a11 256f 7d00 000a 0011  .Yo[....%o}.....
00004a20: 267e d200 000a 178c 9300 0001 6faf 0000  &~..........o...
00004a30: 0a00 1126 7efc 0000 0a23 0000 0000 0000  ...&~....#......
00004a40: 0040 8ca2 0000 016f af00 000a 0011 267e  .@.....o......&~
00004a50: fd00 000a 2300 0000 0000 002e 408c a200  ....#.......@...
00004a60: 0001 6faf 0000 0a00 1159 6f5b 0000 0a11  ..o......Yo[....
00004a70: 266f 7d00 000a 0011 277e d200 000a 178c  &o}.....'~......
00004a80: 9300 0001 6faf 0000 0a00 1127 7edb 0000  ....o......'~...
00004a90: 0a73 dc00 000a 72e2 0d00 706f cf00 000a  .s....r...po....
00004aa0: 6faf 0000 0a00 1127 7ed4 0000 0a7e d500  o......'~....~..
00004ab0: 000a 8c95 0000 016f af00 000a 0011 596f  .......o......Yo
00004ac0: 5b00 000a 1127 6f7d 0000 0a00 1128 7ed2  [....'o}.....(~.
00004ad0: 0000 0a17 8c93 0000 016f af00 000a 0011  .........o......
00004ae0: 287e db00 000a 73dc 0000 0a72 e20d 0070  (~....s....r...p
00004af0: 6fcf 0000 0a6f af00 000a 0011 287e d400  o....o......(~..
00004b00: 000a 7ed5 0000 0a8c 9500 0001 6faf 0000  ..~.........o...
00004b10: 0a00 1159 6f5b 0000 0a11 286f 7d00 000a  ...Yo[....(o}...
00004b20: 0011 587e d200 000a 188c 9300 0001 6faf  ..X~..........o.
00004b30: 0000 0a00 1158 7ec8 0000 0a23 0000 0000  .....X~....#....
00004b40: 0000 0000 2300 0000 0000 0010 4073 c900  ....#.......@s..
00004b50: 000a 8c66 0000 016f af00 000a 0011 587e  ...f...o......X~
00004b60: cb00 000a 1129 6faf 0000 0a00 1158 7edb  .....)o......X~.
00004b70: 0000 0a73 dc00 000a 72e2 0d00 706f cf00  ...s....r...po..
00004b80: 000a 6faf 0000 0a00 1158 7efe 0000 0a16  ..o......X~.....
00004b90: 8ca3 0000 016f af00 000a 0011 2a7e ff00  .....o......*~..
00004ba0: 000a 73ce 0000 0a72 ce0c 0070 6fcf 0000  ..s....r...po...
00004bb0: 0a6f af00 000a 0011 337e 0001 000a 6fd1  .o......3~....o.
00004bc0: 0000 0a74 0100 001b 112a 6f23 0000 0a00  ...t.....*o#....
00004bd0: 112b 7eff 0000 0a73 ce00 000a 72ca 0c00  .+~....s....r...
00004be0: 706f cf00 000a 6faf 0000 0a00 1133 7e00  po....o......3~.
00004bf0: 0100 0a6f d100 000a 7401 0000 1b11 2b6f  ...o....t.....+o
00004c00: 2300 000a 0011 2c7e ff00 000a 73ce 0000  #.....,~....s...
00004c10: 0a72 ce0c 0070 6fcf 0000 0a6f af00 000a  .r...po....o....
00004c20: 0011 337e 0001 000a 6fd1 0000 0a74 0100  ..3~....o....t..
00004c30: 001b 112c 6f23 0000 0a00 112f 7e01 0100  ...,o#...../~...
00004c40: 0a16 8c93 0000 016f af00 000a 0011 2d72  .......o......-r
00004c50: 240e 0070 6fb3 0000 0a00 112d 13e4 73b4  $..po......-..s.
00004c60: 0000 0a13 e5d0 8400 0001 2883 0000 0a13  ..........(.....
00004c70: e61d 8d7b 0000 0113 e711 e716 112f a211  ...{........./..
00004c80: e717 1133 a211 e718 1158 a211 e719 1159  ...3.....X.....Y
00004c90: a211 e71a 115a a211 e71b 118d a211 e71c  .....Z..........
00004ca0: 118e a211 e77e d600 000a 118f 73b6 0000  .....~......s...
00004cb0: 0a25 13e8 13e9 11e5 11e6 11e8 6fb7 0000  .%..........o...
00004cc0: 0a00 11e5 d085 0000 0128 8300 000a 11e9  .........(......
00004cd0: 6fb7 0000 0a00 d086 0000 0128 8300 000a  o..........(....
00004ce0: 13ea 73b8 0000 0a13 eb11 eb72 0100 0070  ..s........r...p
00004cf0: 72e5 0800 706f b900 000a 0011 eb72 3109  r...po.......r1.
00004d00: 0070 7235 0900 706f b900 000a 0011 eb72  .pr5..po.......r
00004d10: 8f09 0070 72a5 0900 706f b900 000a 0011  ...pr...po......
00004d20: eb72 1b0a 0070 7223 0a00 706f b900 000a  .r...pr#..po....
00004d30: 0011 eb72 d80a 0070 72e4 0a00 706f b900  ...r...pr...po..
00004d40: 000a 0011 eb72 2e0b 0070 7238 0b00 706f  .....r...pr8..po
00004d50: b900 000a 0011 eb72 8c0b 0070 729e 0b00  .......r...pr...
00004d60: 706f b900 000a 0011 eb72 fa0b 0070 7200  po.......r...pr.
00004d70: 0c00 706f b900 000a 0011 eb72 640c 0070  ..po.......rd..p
00004d80: 726a 0c00 706f b900 000a 0011 ebd0 0400  rj..po..........
00004d90: 0002 2883 0000 0a28 8400 000a 6f85 0000  ..(....(....o...
00004da0: 0a73 ba00 000a 13ec 11e5 11ea 11ec 6fb7  .s............o.
00004db0: 0000 0a00 11e5 d088 0000 0128 8300 000a  ...........(....
00004dc0: 2011 0100 001f 2173 bb00 000a 73bc 0000   .....!s....s...
00004dd0: 0a6f b700 000a 0011 e411 e56f bd00 000a  .o.........o....
00004de0: 13ed 112f 7ed6 0000 0a11 ed6f be00 000a  .../~......o....
00004df0: 6fbf 0000 0a00 112f 7ed7 0000 0a7e d500  o....../~....~..
00004e00: 000a 8c95 0000 016f af00 000a 0011 2f7e  .......o....../~
00004e10: d900 000a 73da 0000 0a72 3e0e 0070 6fcf  ....s....r>..po.
00004e20: 0000 0a6f af00 000a 0011 2f7e db00 000a  ...o....../~....
00004e30: 73dc 0000 0a72 e20d 0070 6fcf 0000 0a6f  s....r...po....o
00004e40: af00 000a 0011 2e72 4a0e 0070 6fdd 0000  .......rJ..po...
00004e50: 0a00 112e 13ee 73b4 0000 0a13 efd0 8400  ......s.........
00004e60: 0001 2883 0000 0a13 f01d 8d7b 0000 0113  ..(........{....
00004e70: f111 f116 112f a211 f117 1133 a211 f118  ...../.....3....
00004e80: 1158 a211 f119 1159 a211 f11a 115a a211  .X.....Y.....Z..
00004e90: f11b 118d a211 f11c 118e a211 f17e de00  .............~..
00004ea0: 000a 118f 73b6 0000 0a25 13f2 13f3 11ef  ....s....%......
00004eb0: 11f0 11f2 6fb7 0000 0a00 11ef d085 0000  ....o...........
00004ec0: 0128 8300 000a 11f3 6fb7 0000 0a00 d086  .(......o.......
00004ed0: 0000 0128 8300 000a 13f4 73b8 0000 0a13  ...(......s.....
00004ee0: f511 f572 0100 0070 72e5 0800 706f b900  ...r...pr...po..
00004ef0: 000a 0011 f572 3109 0070 7235 0900 706f  .....r1..pr5..po
00004f00: b900 000a 0011 f572 8f09 0070 72a5 0900  .......r...pr...
00004f10: 706f b900 000a 0011 f572 1b0a 0070 7223  po.......r...pr#
00004f20: 0a00 706f b900 000a 0011 f572 d80a 0070  ..po.......r...p
00004f30: 72e4 0a00 706f b900 000a 0011 f572 2e0b  r...po.......r..
00004f40: 0070 7238 0b00 706f b900 000a 0011 f572  .pr8..po.......r
00004f50: 8c0b 0070 729e 0b00 706f b900 000a 0011  ...pr...po......
00004f60: f572 fa0b 0070 7200 0c00 706f b900 000a  .r...pr...po....
00004f70: 0011 f572 640c 0070 726a 0c00 706f b900  ...rd..prj..po..
00004f80: 000a 0011 f5d0 0400 0002 2883 0000 0a28  ..........(....(
00004f90: 8400 000a 6f85 0000 0a73 ba00 000a 13f6  ....o....s......
00004fa0: 11ef 11f4 11f6 6fb7 0000 0a00 11ef d088  ......o.........
00004fb0: 0000 0128 8300 000a 2015 0100 001f 2173  ...(.... .....!s
00004fc0: bb00 000a 73bc 0000 0a6f b700 000a 0011  ....s....o......
00004fd0: ee11 ef6f cc00 000a 13f7 112f 11f7 7416  ...o......./..t.
00004fe0: 0000 016f 5800 000a 0011 336f 5b00 000a  ...oX.....3o[...
00004ff0: 112f 6f7d 0000 0a00 1132 7e01 0100 0a18  ./o}.....2~.....
00005000: 8c93 0000 016f af00 000a 0011 3072 240e  .....o......0r$.
00005010: 0070 6fb3 0000 0a00 1130 13f8 73b4 0000  .po......0..s...
00005020: 0a13 f9d0 8400 0001 2883 0000 0a13 fa1d  ........(.......
00005030: 8d7b 0000 0113 fb11 fb16 1132 a211 fb17  .{.........2....
00005040: 1133 a211 fb18 1158 a211 fb19 1159 a211  .3.....X.....Y..
00005050: fb1a 115a a211 fb1b 118d a211 fb1c 118e  ...Z............
00005060: a211 fb7e d600 000a 118f 73b6 0000 0a25  ...~......s....%
00005070: 13fc 13fd 11f9 11fa 11fc 6fb7 0000 0a00  ..........o.....
00005080: 11f9 d085 0000 0128 8300 000a 11fd 6fb7  .......(......o.
00005090: 0000 0a00 d086 0000 0128 8300 000a 13fe  .........(......
000050a0: 73b8 0000 0afe 0eff 0000 00fe 0cff 0000  s...............
000050b0: 0072 0100 0070 72e5 0800 706f b900 000a  .r...pr...po....
000050c0: 00fe 0cff 0000 0072 3109 0070 7235 0900  .......r1..pr5..
000050d0: 706f b900 000a 00fe 0cff 0000 0072 8f09  po...........r..
000050e0: 0070 72a5 0900 706f b900 000a 00fe 0cff  .pr...po........
000050f0: 0000 0072 1b0a 0070 7223 0a00 706f b900  ...r...pr#..po..
00005100: 000a 00fe 0cff 0000 0072 d80a 0070 72e4  .........r...pr.
00005110: 0a00 706f b900 000a 00fe 0cff 0000 0072  ..po...........r
00005120: 2e0b 0070 7238 0b00 706f b900 000a 00fe  ...pr8..po......
00005130: 0cff 0000 0072 8c0b 0070 729e 0b00 706f  .....r...pr...po
00005140: b900 000a 00fe 0cff 0000 0072 fa0b 0070  ...........r...p
00005150: 7200 0c00 706f b900 000a 00fe 0cff 0000  r...po..........
00005160: 0072 640c 0070 726a 0c00 706f b900 000a  .rd..prj..po....
00005170: 00fe 0cff 0000 00d0 0400 0002 2883 0000  ............(...
00005180: 0a28 8400 000a 6f85 0000 0a73 ba00 000a  .(....o....s....
00005190: fe0e 0001 0000 11f9 11fe fe0c 0001 0000  ................
000051a0: 6fb7 0000 0a00 11f9 d088 0000 0128 8300  o............(..
000051b0: 000a 2019 0100 001f 2173 bb00 000a 73bc  .. .....!s....s.
000051c0: 0000 0a6f b700 000a 0011 f811 f96f bd00  ...o.........o..
000051d0: 000a fe0e 0101 0000 1132 7ed6 0000 0afe  .........2~.....
000051e0: 0c01 0100 006f be00 000a 6fbf 0000 0a00  .....o....o.....
000051f0: 1132 7ed7 0000 0a7e 0201 000a 8c95 0000  .2~....~........
00005200: 016f af00 000a 0011 327e d900 000a 73da  .o......2~....s.
00005210: 0000 0a72 880e 0070 6fcf 0000 0a6f af00  ...r...po....o..
00005220: 000a 0011 327e db00 000a 73dc 0000 0a72  ....2~....s....r
00005230: e20d 0070 6fcf 0000 0a6f af00 000a 0011  ...po....o......
00005240: 3118 6fe7 0000 0a00 1131 7290 0e00 706f  1.o......1r...po
00005250: e800 000a 0011 317e 3f00 0004 252d 1726  ......1~?...%-.&
00005260: 7e26 0000 04fe 0663 0000 0673 0301 000a  ~&.....c...s....
00005270: 2580 3f00 0004 1417 8d22 0000 1b25 167e  %.?......"...%.~
00005280: 4000 0004 252d 1726 7e26 0000 04fe 0664  @...%-.&~&.....d
00005290: 0000 0673 0401 000a 2580 4000 0004 7290  ...s....%.@...r.
000052a0: 0e00 7073 0501 000a a273 0601 000a 6fed  ..ps.....s....o.
000052b0: 0000 0a00 1131 146f ee00 000a fe0e 0201  .....1.o........
000052c0: 0000 1132 7ede 0000 0afe 0c02 0100 006f  ...2~..........o
000052d0: ef00 000a 0011 336f 5b00 000a 1132 6f7d  ......3o[....2o}
000052e0: 0000 0a00 1158 6f07 0100 0a11 336f 7d00  .....Xo.....3o}.
000052f0: 000a 0011 3418 6fe7 0000 0a00 1134 72a8  ....4.o......4r.
00005300: 0e00 706f e800 000a 0011 347e 4100 0004  ..po......4~A...
00005310: 252d 1726 7e26 0000 04fe 0665 0000 0673  %-.&~&.....e...s
00005320: 0801 000a 2580 4100 0004 1417 8d22 0000  ....%.A......"..
00005330: 1b25 167e 4200 0004 252d 1726 7e26 0000  .%.~B...%-.&~&..
00005340: 04fe 0666 0000 0673 0401 000a 2580 4200  ...f...s....%.B.
00005350: 0004 72a8 0e00 7073 0501 000a a273 0901  ..r...ps.....s..
00005360: 000a 6fed 0000 0a00 1134 146f ee00 000a  ..o......4.o....
00005370: fe0e 0301 0000 113d 7edb 0000 0afe 0c03  .......=~.......
00005380: 0100 006f ef00 000a 0011 357e ff00 000a  ...o......5~....
00005390: 73ce 0000 0a72 ce0c 0070 6fcf 0000 0a6f  s....r...po....o
000053a0: af00 000a 0011 3d7e 0001 000a 6fd1 0000  ......=~....o...
000053b0: 0a74 0100 001b 1135 6f23 0000 0a00 1136  .t.....5o#.....6
000053c0: 7eff 0000 0a73 ce00 000a 72ca 0c00 706f  ~....s....r...po
000053d0: cf00 000a 6faf 0000 0a00 113d 7e00 0100  ....o......=~...
000053e0: 0a6f d100 000a 7401 0000 1b11 366f 2300  .o....t.....6o#.
000053f0: 000a 0011 377e ff00 000a 73ce 0000 0a72  ....7~....s....r
00005400: ce0c 0070 6fcf 0000 0a6f af00 000a 0011  ...po....o......
00005410: 3d7e 0001 000a 6fd1 0000 0a74 0100 001b  =~....o....t....
00005420: 1137 6f23 0000 0a00 1139 7e01 0100 0a16  .7o#.....9~.....
00005430: 8c93 0000 016f af00 000a 0011 3872 240e  .....o......8r$.
00005440: 0070 6fb3 0000 0a00 1138 fe0e 0401 0000  .po......8......
00005450: 73b4 0000 0afe 0e05 0100 00d0 8400 0001  s...............
00005460: 2883 0000 0afe 0e06 0100 001d 8d7b 0000  (............{..
00005470: 01fe 0e07 0100 00fe 0c07 0100 0016 1139  ...............9
00005480: a2fe 0c07 0100 0017 113d a2fe 0c07 0100  .........=......
00005490: 0018 1158 a2fe 0c07 0100 0019 1159 a2fe  ...X.........Y..
000054a0: 0c07 0100 001a 115a a2fe 0c07 0100 001b  .......Z........
000054b0: 118d a2fe 0c07 0100 001c 118e a2fe 0c07  ................
000054c0: 0100 007e d600 000a 118f 73b6 0000 0a25  ...~......s....%
000054d0: fe0e 0801 0000 fe0e 0901 0000 fe0c 0501  ................
000054e0: 0000 fe0c 0601 0000 fe0c 0801 0000 6fb7  ..............o.
000054f0: 0000 0a00 fe0c 0501 0000 d085 0000 0128  ...............(
00005500: 8300 000a fe0c 0901 0000 6fb7 0000 0a00  ..........o.....
00005510: d086 0000 0128 8300 000a fe0e 0a01 0000  .....(..........
00005520: 73b8 0000 0afe 0e0b 0100 00fe 0c0b 0100  s...............
00005530: 0072 0100 0070 72e5 0800 706f b900 000a  .r...pr...po....
00005540: 00fe 0c0b 0100 0072 3109 0070 7235 0900  .......r1..pr5..
00005550: 706f b900 000a 00fe 0c0b 0100 0072 8f09  po...........r..
00005560: 0070 72a5 0900 706f b900 000a 00fe 0c0b  .pr...po........
00005570: 0100 0072 1b0a 0070 7223 0a00 706f b900  ...r...pr#..po..
00005580: 000a 00fe 0c0b 0100 0072 d80a 0070 72e4  .........r...pr.
00005590: 0a00 706f b900 000a 00fe 0c0b 0100 0072  ..po...........r
000055a0: 2e0b 0070 7238 0b00 706f b900 000a 00fe  ...pr8..po......
000055b0: 0c0b 0100 0072 8c0b 0070 729e 0b00 706f  .....r...pr...po
000055c0: b900 000a 00fe 0c0b 0100 0072 fa0b 0070  ...........r...p
000055d0: 7200 0c00 706f b900 000a 00fe 0c0b 0100  r...po..........
000055e0: 0072 640c 0070 726a 0c00 706f b900 000a  .rd..prj..po....
000055f0: 00fe 0c0b 0100 00d0 0400 0002 2883 0000  ............(...
00005600: 0a28 8400 000a 6f85 0000 0a73 ba00 000a  .(....o....s....
00005610: fe0e 0c01 0000 fe0c 0501 0000 fe0c 0a01  ................
00005620: 0000 fe0c 0c01 0000 6fb7 0000 0a00 fe0c  ........o.......
00005630: 0501 0000 d088 0000 0128 8300 000a 2029  .........(.... )
00005640: 0100 001f 2173 bb00 000a 73bc 0000 0a6f  ....!s....s....o
00005650: b700 000a 00fe 0c04 0100 00fe 0c05 0100  ................
00005660: 006f bd00 000a fe0e 0d01 0000 1139 7ed6  .o...........9~.
00005670: 0000 0afe 0c0d 0100 006f be00 000a 6fbf  .........o....o.
00005680: 0000 0a00 1139 7ed7 0000 0a7e d500 000a  .....9~....~....
00005690: 8c95 0000 016f af00 000a 0011 397e d900  .....o......9~..
000056a0: 000a 73da 0000 0a72 3e0e 0070 6fcf 0000  ..s....r>..po...
000056b0: 0a6f af00 000a 0011 397e de00 000a 72c6  .o......9~....r.
000056c0: 0e00 706f af00 000a 0011 3d6f 5b00 000a  ..po......=o[...
000056d0: 1139 6f7d 0000 0a00 113c 7e01 0100 0a18  .9o}.....<~.....
000056e0: 8c93 0000 016f af00 000a 0011 3a72 240e  .....o......:r$.
000056f0: 0070 6fb3 0000 0a00 113a fe0e 0e01 0000  .po......:......
00005700: 73b4 0000 0afe 0e0f 0100 00d0 8400 0001  s...............
00005710: 2883 0000 0afe 0e10 0100 001d 8d7b 0000  (............{..
00005720: 01fe 0e11 0100 00fe 0c11 0100 0016 113c  ...............<
00005730: a2fe 0c11 0100 0017 113d a2fe 0c11 0100  .........=......
00005740: 0018 1158 a2fe 0c11 0100 0019 1159 a2fe  ...X.........Y..
00005750: 0c11 0100 001a 115a a2fe 0c11 0100 001b  .......Z........
00005760: 118d a2fe 0c11 0100 001c 118e a2fe 0c11  ................
00005770: 0100 007e d600 000a 118f 73b6 0000 0a25  ...~......s....%
00005780: fe0e 1201 0000 fe0e 1301 0000 fe0c 0f01  ................
00005790: 0000 fe0c 1001 0000 fe0c 1201 0000 6fb7  ..............o.
000057a0: 0000 0a00 fe0c 0f01 0000 d085 0000 0128  ...............(
000057b0: 8300 000a fe0c 1301 0000 6fb7 0000 0a00  ..........o.....
000057c0: d086 0000 0128 8300 000a fe0e 1401 0000  .....(..........
000057d0: 73b8 0000 0afe 0e15 0100 00fe 0c15 0100  s...............
000057e0: 0072 0100 0070 72e5 0800 706f b900 000a  .r...pr...po....
000057f0: 00fe 0c15 0100 0072 3109 0070 7235 0900  .......r1..pr5..
00005800: 706f b900 000a 00fe 0c15 0100 0072 8f09  po...........r..
00005810: 0070 72a5 0900 706f b900 000a 00fe 0c15  .pr...po........
00005820: 0100 0072 1b0a 0070 7223 0a00 706f b900  ...r...pr#..po..
00005830: 000a 00fe 0c15 0100 0072 d80a 0070 72e4  .........r...pr.
00005840: 0a00 706f b900 000a 00fe 0c15 0100 0072  ..po...........r
00005850: 2e0b 0070 7238 0b00 706f b900 000a 00fe  ...pr8..po......
00005860: 0c15 0100 0072 8c0b 0070 729e 0b00 706f  .....r...pr...po
00005870: b900 000a 00fe 0c15 0100 0072 fa0b 0070  ...........r...p
00005880: 7200 0c00 706f b900 000a 00fe 0c15 0100  r...po..........
00005890: 0072 640c 0070 726a 0c00 706f b900 000a  .rd..prj..po....
000058a0: 00fe 0c15 0100 00d0 0400 0002 2883 0000  ............(...
000058b0: 0a28 8400 000a 6f85 0000 0a73 ba00 000a  .(....o....s....
000058c0: fe0e 1601 0000 fe0c 0f01 0000 fe0c 1401  ................
000058d0: 0000 fe0c 1601 0000 6fb7 0000 0a00 fe0c  ........o.......
000058e0: 0f01 0000 d088 0000 0128 8300 000a 202f  .........(.... /
000058f0: 0100 001f 2173 bb00 000a 73bc 0000 0a6f  ....!s....s....o
00005900: b700 000a 00fe 0c0e 0100 00fe 0c0f 0100  ................
00005910: 006f bd00 000a fe0e 1701 0000 113c 7ed6  .o...........<~.
00005920: 0000 0afe 0c17 0100 006f be00 000a 6fbf  .........o....o.
00005930: 0000 0a00 113c 7ed7 0000 0a7e 0201 000a  .....<~....~....
00005940: 8c95 0000 016f af00 000a 0011 3c7e d900  .....o......<~..
00005950: 000a 73da 0000 0a72 880e 0070 6fcf 0000  ..s....r...po...
00005960: 0a6f af00 000a 0011 3b18 6fe7 0000 0a00  .o......;.o.....
00005970: 113b 72d0 0e00 706f e800 000a 0011 3b7e  .;r...po......;~
00005980: 4300 0004 252d 1726 7e26 0000 04fe 0667  C...%-.&~&.....g
00005990: 0000 0673 0301 000a 2580 4300 0004 1417  ...s....%.C.....
000059a0: 8d22 0000 1b25 167e 4400 0004 252d 1726  ."...%.~D...%-.&
000059b0: 7e26 0000 04fe 0668 0000 0673 0401 000a  ~&.....h...s....
000059c0: 2580 4400 0004 72d0 0e00 7073 0501 000a  %.D...r...ps....
000059d0: a273 0601 000a 6fed 0000 0a00 113b 146f  .s....o......;.o
000059e0: ee00 000a fe0e 1801 0000 113c 7ede 0000  ...........<~...
000059f0: 0afe 0c18 0100 006f ef00 000a 0011 3d6f  .......o......=o
00005a00: 5b00 000a 113c 6f7d 0000 0a00 1158 6f07  [....<o}.....Xo.
00005a10: 0100 0a11 3d6f 7d00 000a 0011 3e18 6fe7  ....=o}.....>.o.
00005a20: 0000 0a00 113e 72d8 0e00 706f e800 000a  .....>r...po....
00005a30: 0011 3e7e 4500 0004 252d 1726 7e26 0000  ..>~E...%-.&~&..
00005a40: 04fe 0669 0000 0673 0801 000a 2580 4500  ...i...s....%.E.
00005a50: 0004 1417 8d22 0000 1b25 167e 4600 0004  ....."...%.~F...
00005a60: 252d 1726 7e26 0000 04fe 066a 0000 0673  %-.&~&.....j...s
00005a70: 0401 000a 2580 4600 0004 72d8 0e00 7073  ....%.F...r...ps
00005a80: 0501 000a a273 0901 000a 6fed 0000 0a00  .....s....o.....
00005a90: 113e 146f ee00 000a fe0e 1901 0000 114a  .>.o...........J
00005aa0: 7edb 0000 0afe 0c19 0100 006f ef00 000a  ~..........o....
00005ab0: 0011 3f7e ff00 000a 73ce 0000 0a72 ce0c  ..?~....s....r..
00005ac0: 0070 6fcf 0000 0a6f af00 000a 0011 4a7e  .po....o......J~
00005ad0: 0001 000a 6fd1 0000 0a74 0100 001b 113f  ....o....t.....?
00005ae0: 6f23 0000 0a00 1140 7eff 0000 0a73 ce00  o#.....@~....s..
00005af0: 000a 72ca 0c00 706f cf00 000a 6faf 0000  ..r...po....o...
00005b00: 0a00 114a 7e00 0100 0a6f d100 000a 7401  ...J~....o....t.
00005b10: 0000 1b11 406f 2300 000a 0011 417e ff00  ....@o#.....A~..
00005b20: 000a 73ce 0000 0a72 ce0c 0070 6fcf 0000  ..s....r...po...
00005b30: 0a6f af00 000a 0011 4a7e 0001 000a 6fd1  .o......J~....o.
00005b40: 0000 0a74 0100 001b 1141 6f23 0000 0a00  ...t.....Ao#....
00005b50: 1145 7e01 0100 0a16 8c93 0000 016f af00  .E~..........o..
00005b60: 000a 0011 4272 240e 0070 6fb3 0000 0a00  ....Br$..po.....
00005b70: 1142 fe0e 1a01 0000 73b4 0000 0afe 0e1b  .B......s.......
00005b80: 0100 00d0 8400 0001 2883 0000 0afe 0e1c  ........(.......
00005b90: 0100 001d 8d7b 0000 01fe 0e1d 0100 00fe  .....{..........
00005ba0: 0c1d 0100 0016 1145 a2fe 0c1d 0100 0017  .......E........
00005bb0: 114a a2fe 0c1d 0100 0018 1158 a2fe 0c1d  .J.........X....
00005bc0: 0100 0019 1159 a2fe 0c1d 0100 001a 115a  .....Y.........Z
00005bd0: a2fe 0c1d 0100 001b 118d a2fe 0c1d 0100  ................
00005be0: 001c 118e a2fe 0c1d 0100 007e d600 000a  ...........~....
00005bf0: 118f 73b6 0000 0a25 fe0e 1e01 0000 fe0e  ..s....%........
00005c00: 1f01 0000 fe0c 1b01 0000 fe0c 1c01 0000  ................
00005c10: fe0c 1e01 0000 6fb7 0000 0a00 fe0c 1b01  ......o.........
00005c20: 0000 d085 0000 0128 8300 000a fe0c 1f01  .......(........
00005c30: 0000 6fb7 0000 0a00 d086 0000 0128 8300  ..o..........(..
00005c40: 000a fe0e 2001 0000 73b8 0000 0afe 0e21  .... ...s......!
00005c50: 0100 00fe 0c21 0100 0072 0100 0070 72e5  .....!...r...pr.
00005c60: 0800 706f b900 000a 00fe 0c21 0100 0072  ..po.......!...r
00005c70: 3109 0070 7235 0900 706f b900 000a 00fe  1..pr5..po......
00005c80: 0c21 0100 0072 8f09 0070 72a5 0900 706f  .!...r...pr...po
00005c90: b900 000a 00fe 0c21 0100 0072 1b0a 0070  .......!...r...p
00005ca0: 7223 0a00 706f b900 000a 00fe 0c21 0100  r#..po.......!..
00005cb0: 0072 d80a 0070 72e4 0a00 706f b900 000a  .r...pr...po....
00005cc0: 00fe 0c21 0100 0072 2e0b 0070 7238 0b00  ...!...r...pr8..
00005cd0: 706f b900 000a 00fe 0c21 0100 0072 8c0b  po.......!...r..
00005ce0: 0070 729e 0b00 706f b900 000a 00fe 0c21  .pr...po.......!
00005cf0: 0100 0072 fa0b 0070 7200 0c00 706f b900  ...r...pr...po..
00005d00: 000a 00fe 0c21 0100 0072 640c 0070 726a  .....!...rd..prj
00005d10: 0c00 706f b900 000a 00fe 0c21 0100 00d0  ..po.......!....
00005d20: 0400 0002 2883 0000 0a28 8400 000a 6f85  ....(....(....o.
00005d30: 0000 0a73 ba00 000a fe0e 2201 0000 fe0c  ...s......".....
00005d40: 1b01 0000 fe0c 2001 0000 fe0c 2201 0000  ...... ....."...
00005d50: 6fb7 0000 0a00 fe0c 1b01 0000 d088 0000  o...............
00005d60: 0128 8300 000a 203e 0100 001f 2173 bb00  .(.... >....!s..
00005d70: 000a 73bc 0000 0a6f b700 000a 00fe 0c1a  ..s....o........
00005d80: 0100 00fe 0c1b 0100 006f bd00 000a fe0e  .........o......
00005d90: 2301 0000 1145 7ed6 0000 0afe 0c23 0100  #....E~......#..
00005da0: 006f be00 000a 6fbf 0000 0a00 1145 7ed7  .o....o......E~.
00005db0: 0000 0a7e d500 000a 8c95 0000 016f af00  ...~.........o..
00005dc0: 000a 0011 457e d900 000a 73da 0000 0a72  ....E~....s....r
00005dd0: 3e0e 0070 6fcf 0000 0a6f af00 000a 0011  >..po....o......
00005de0: 4372 fe0e 0070 6fdd 0000 0a00 1143 fe0e  Cr...po......C..
00005df0: 2401 0000 73b4 0000 0afe 0e25 0100 00d0  $...s......%....
00005e00: 8400 0001 2883 0000 0afe 0e26 0100 001d  ....(......&....
00005e10: 8d7b 0000 01fe 0e27 0100 00fe 0c27 0100  .{.....'.....'..
00005e20: 0016 1145 a2fe 0c27 0100 0017 114a a2fe  ...E...'.....J..
00005e30: 0c27 0100 0018 1158 a2fe 0c27 0100 0019  .'.....X...'....
00005e40: 1159 a2fe 0c27 0100 001a 115a a2fe 0c27  .Y...'.....Z...'
00005e50: 0100 001b 118d a2fe 0c27 0100 001c 118e  .........'......
00005e60: a2fe 0c27 0100 007e de00 000a 118f 73b6  ...'...~......s.
00005e70: 0000 0a25 fe0e 2801 0000 fe0e 2901 0000  ...%..(.....)...
00005e80: fe0c 2501 0000 fe0c 2601 0000 fe0c 2801  ..%.....&.....(.
00005e90: 0000 6fb7 0000 0a00 fe0c 2501 0000 d085  ..o.......%.....
00005ea0: 0000 0128 8300 000a fe0c 2901 0000 6fb7  ...(......)...o.
00005eb0: 0000 0a00 d086 0000 0128 8300 000a fe0e  .........(......
00005ec0: 2a01 0000 73b8 0000 0afe 0e2b 0100 00fe  *...s......+....
00005ed0: 0c2b 0100 0072 0100 0070 72e5 0800 706f  .+...r...pr...po
00005ee0: b900 000a 00fe 0c2b 0100 0072 3109 0070  .......+...r1..p
00005ef0: 7235 0900 706f b900 000a 00fe 0c2b 0100  r5..po.......+..
00005f00: 0072 8f09 0070 72a5 0900 706f b900 000a  .r...pr...po....
00005f10: 00fe 0c2b 0100 0072 1b0a 0070 7223 0a00  ...+...r...pr#..
00005f20: 706f b900 000a 00fe 0c2b 0100 0072 d80a  po.......+...r..
00005f30: 0070 72e4 0a00 706f b900 000a 00fe 0c2b  .pr...po.......+
00005f40: 0100 0072 2e0b 0070 7238 0b00 706f b900  ...r...pr8..po..
00005f50: 000a 00fe 0c2b 0100 0072 8c0b 0070 729e  .....+...r...pr.
00005f60: 0b00 706f b900 000a 00fe 0c2b 0100 0072  ..po.......+...r
00005f70: fa0b 0070 7200 0c00 706f b900 000a 00fe  ...pr...po......
00005f80: 0c2b 0100 0072 640c 0070 726a 0c00 706f  .+...rd..prj..po
00005f90: b900 000a 00fe 0c2b 0100 00d0 0400 0002  .......+........
00005fa0: 2883 0000 0a28 8400 000a 6f85 0000 0a73  (....(....o....s
00005fb0: ba00 000a fe0e 2c01 0000 fe0c 2501 0000  ......,.....%...
00005fc0: fe0c 2a01 0000 fe0c 2c01 0000 6fb7 0000  ..*.....,...o...
00005fd0: 0a00 fe0c 2501 0000 d088 0000 0128 8300  ....%........(..
00005fe0: 000a 2041 0100 001f 2173 bb00 000a 73bc  .. A....!s....s.
00005ff0: 0000 0a6f b700 000a 00fe 0c24 0100 00fe  ...o.......$....
00006000: 0c25 0100 006f cc00 000a fe0e 2d01 0000  .%...o......-...
00006010: 1145 fe0c 2d01 0000 7416 0000 016f 5800  .E..-...t....oX.
00006020: 000a 0011 4472 c40d 0070 6fb3 0000 0a00  ....Dr...po.....
00006030: 1144 fe0e 2e01 0000 73b4 0000 0afe 0e2f  .D......s....../
00006040: 0100 00d0 8400 0001 2883 0000 0afe 0e30  ........(......0
00006050: 0100 001d 8d7b 0000 01fe 0e31 0100 00fe  .....{.....1....
00006060: 0c31 0100 0016 1145 a2fe 0c31 0100 0017  .1.....E...1....
00006070: 114a a2fe 0c31 0100 0018 1158 a2fe 0c31  .J...1.....X...1
00006080: 0100 0019 1159 a2fe 0c31 0100 001a 115a  .....Y...1.....Z
00006090: a2fe 0c31 0100 001b 118d a2fe 0c31 0100  ...1.........1..
000060a0: 001c 118e a2fe 0c31 0100 007e df00 000a  .......1...~....
000060b0: 118f 73b6 0000 0a25 fe0e 3201 0000 fe0e  ..s....%..2.....
000060c0: 3301 0000 fe0c 2f01 0000 fe0c 3001 0000  3...../.....0...
000060d0: fe0c 3201 0000 6fb7 0000 0a00 fe0c 2f01  ..2...o......./.
000060e0: 0000 d085 0000 0128 8300 000a fe0c 3301  .......(......3.
000060f0: 0000 6fb7 0000 0a00 d086 0000 0128 8300  ..o..........(..
00006100: 000a fe0e 3401 0000 73b8 0000 0afe 0e35  ....4...s......5
00006110: 0100 00fe 0c35 0100 0072 0100 0070 72e5  .....5...r...pr.
00006120: 0800 706f b900 000a 00fe 0c35 0100 0072  ..po.......5...r
00006130: 3109 0070 7235 0900 706f b900 000a 00fe  1..pr5..po......
00006140: 0c35 0100 0072 8f09 0070 72a5 0900 706f  .5...r...pr...po
00006150: b900 000a 00fe 0c35 0100 0072 1b0a 0070  .......5...r...p
00006160: 7223 0a00 706f b900 000a 00fe 0c35 0100  r#..po.......5..
00006170: 0072 d80a 0070 72e4 0a00 706f b900 000a  .r...pr...po....
00006180: 00fe 0c35 0100 0072 2e0b 0070 7238 0b00  ...5...r...pr8..
00006190: 706f b900 000a 00fe 0c35 0100 0072 8c0b  po.......5...r..
000061a0: 0070 729e 0b00 706f b900 000a 00fe 0c35  .pr...po.......5
000061b0: 0100 0072 fa0b 0070 7200 0c00 706f b900  ...r...pr...po..
000061c0: 000a 00fe 0c35 0100 0072 640c 0070 726a  .....5...rd..prj
000061d0: 0c00 706f b900 000a 00fe 0c35 0100 00d0  ..po.......5....
000061e0: 0400 0002 2883 0000 0a28 8400 000a 6f85  ....(....(....o.
000061f0: 0000 0a73 ba00 000a fe0e 3601 0000 fe0c  ...s......6.....
00006200: 2f01 0000 fe0c 3401 0000 fe0c 3601 0000  /.....4.....6...
00006210: 6fb7 0000 0a00 fe0c 2f01 0000 d088 0000  o......./.......
00006220: 0128 8300 000a 2042 0100 001f 2173 bb00  .(.... B....!s..
00006230: 000a 73bc 0000 0a6f b700 000a 00fe 0c2e  ..s....o........
00006240: 0100 00fe 0c2f 0100 006f bd00 000a fe0e  ...../...o......
00006250: 3701 0000 1145 7edf 0000 0afe 0c37 0100  7....E~......7..
00006260: 006f be00 000a 6fbf 0000 0a00 114a 6f5b  .o....o......Jo[
00006270: 0000 0a11 456f 7d00 000a 0011 497e 0101  ....Eo}.....I~..
00006280: 000a 188c 9300 0001 6faf 0000 0a00 1146  ........o......F
00006290: 7224 0e00 706f b300 000a 0011 46fe 0e38  r$..po......F..8
000062a0: 0100 0073 b400 000a fe0e 3901 0000 d084  ...s......9.....
000062b0: 0000 0128 8300 000a fe0e 3a01 0000 1d8d  ...(......:.....
000062c0: 7b00 0001 fe0e 3b01 0000 fe0c 3b01 0000  {.....;.....;...
000062d0: 1611 49a2 fe0c 3b01 0000 1711 4aa2 fe0c  ..I...;.....J...
000062e0: 3b01 0000 1811 58a2 fe0c 3b01 0000 1911  ;.....X...;.....
000062f0: 59a2 fe0c 3b01 0000 1a11 5aa2 fe0c 3b01  Y...;.....Z...;.
00006300: 0000 1b11 8da2 fe0c 3b01 0000 1c11 8ea2  ........;.......
00006310: fe0c 3b01 0000 7ed6 0000 0a11 8f73 b600  ..;...~......s..
00006320: 000a 25fe 0e3c 0100 00fe 0e3d 0100 00fe  ..%..<.....=....
00006330: 0c39 0100 00fe 0c3a 0100 00fe 0c3c 0100  .9.....:.....<..
00006340: 006f b700 000a 00fe 0c39 0100 00d0 8500  .o.......9......
00006350: 0001 2883 0000 0afe 0c3d 0100 006f b700  ..(......=...o..
00006360: 000a 00d0 8600 0001 2883 0000 0afe 0e3e  ........(......>
00006370: 0100 0073 b800 000a fe0e 3f01 0000 fe0c  ...s......?.....
00006380: 3f01 0000 7201 0000 7072 e508 0070 6fb9  ?...r...pr...po.
00006390: 0000 0a00 fe0c 3f01 0000 7231 0900 7072  ......?...r1..pr
000063a0: 3509 0070 6fb9 0000 0a00 fe0c 3f01 0000  5..po.......?...
000063b0: 728f 0900 7072 a509 0070 6fb9 0000 0a00  r...pr...po.....
000063c0: fe0c 3f01 0000 721b 0a00 7072 230a 0070  ..?...r...pr#..p
000063d0: 6fb9 0000 0a00 fe0c 3f01 0000 72d8 0a00  o.......?...r...
000063e0: 7072 e40a 0070 6fb9 0000 0a00 fe0c 3f01  pr...po.......?.
000063f0: 0000 722e 0b00 7072 380b 0070 6fb9 0000  ..r...pr8..po...
00006400: 0a00 fe0c 3f01 0000 728c 0b00 7072 9e0b  ....?...r...pr..
00006410: 0070 6fb9 0000 0a00 fe0c 3f01 0000 72fa  .po.......?...r.
00006420: 0b00 7072 000c 0070 6fb9 0000 0a00 fe0c  ..pr...po.......
00006430: 3f01 0000 7264 0c00 7072 6a0c 0070 6fb9  ?...rd..prj..po.
00006440: 0000 0a00 fe0c 3f01 0000 d004 0000 0228  ......?........(
00006450: 8300 000a 2884 0000 0a6f 8500 000a 73ba  ....(....o....s.
00006460: 0000 0afe 0e40 0100 00fe 0c39 0100 00fe  .....@.....9....
00006470: 0c3e 0100 00fe 0c40 0100 006f b700 000a  .>.....@...o....
00006480: 00fe 0c39 0100 00d0 8800 0001 2883 0000  ...9........(...
00006490: 0a20 4501 0000 1f21 73bb 0000 0a73 bc00  . E....!s....s..
000064a0: 000a 6fb7 0000 0a00 fe0c 3801 0000 fe0c  ..o.......8.....
000064b0: 3901 0000 6fbd 0000 0afe 0e41 0100 0011  9...o......A....
000064c0: 497e d600 000a fe0c 4101 0000 6fbe 0000  I~......A...o...
000064d0: 0a6f bf00 000a 0011 497e d700 000a 7e02  .o......I~....~.
000064e0: 0100 0a8c 9500 0001 6faf 0000 0a00 1149  ........o......I
000064f0: 7ed9 0000 0a73 da00 000a 7288 0e00 706f  ~....s....r...po
00006500: cf00 000a 6faf 0000 0a00 1147 186f e700  ....o......G.o..
00006510: 000a 0011 4772 340f 0070 6fe8 0000 0a00  ....Gr4..po.....
00006520: 1147 7e47 0000 0425 2d17 267e 2600 0004  .G~G...%-.&~&...
00006530: fe06 6b00 0006 7303 0100 0a25 8047 0000  ..k...s....%.G..
00006540: 0414 178d 2200 001b 2516 7e48 0000 0425  ...."...%.~H...%
00006550: 2d17 267e 2600 0004 fe06 6c00 0006 7304  -.&~&.....l...s.
00006560: 0100 0a25 8048 0000 0472 340f 0070 7305  ...%.H...r4..ps.
00006570: 0100 0aa2 7306 0100 0a6f ed00 000a 0011  ....s....o......
00006580: 4714 6fee 0000 0afe 0e42 0100 0011 497e  G.o......B....I~
00006590: de00 000a fe0c 4201 0000 6fef 0000 0a00  ......B...o.....
000065a0: 1148 72c4 0d00 706f b300 000a 0011 48fe  .Hr...po......H.
000065b0: 0e43 0100 0073 b400 000a fe0e 4401 0000  .C...s......D...
000065c0: d084 0000 0128 8300 000a fe0e 4501 0000  .....(......E...
000065d0: 1d8d 7b00 0001 fe0e 4601 0000 fe0c 4601  ..{.....F.....F.
000065e0: 0000 1611 49a2 fe0c 4601 0000 1711 4aa2  ....I...F.....J.
000065f0: fe0c 4601 0000 1811 58a2 fe0c 4601 0000  ..F.....X...F...
00006600: 1911 59a2 fe0c 4601 0000 1a11 5aa2 fe0c  ..Y...F.....Z...
00006610: 4601 0000 1b11 8da2 fe0c 4601 0000 1c11  F.........F.....
00006620: 8ea2 fe0c 4601 0000 7edf 0000 0a11 8f73  ....F...~......s
00006630: b600 000a 25fe 0e47 0100 00fe 0e48 0100  ....%..G.....H..
00006640: 00fe 0c44 0100 00fe 0c45 0100 00fe 0c47  ...D.....E.....G
00006650: 0100 006f b700 000a 00fe 0c44 0100 00d0  ...o.......D....
00006660: 8500 0001 2883 0000 0afe 0c48 0100 006f  ....(......H...o
00006670: b700 000a 00d0 8600 0001 2883 0000 0afe  ..........(.....
00006680: 0e49 0100 0073 b800 000a fe0e 4a01 0000  .I...s......J...
00006690: fe0c 4a01 0000 7201 0000 7072 e508 0070  ..J...r...pr...p
000066a0: 6fb9 0000 0a00 fe0c 4a01 0000 7231 0900  o.......J...r1..
000066b0: 7072 3509 0070 6fb9 0000 0a00 fe0c 4a01  pr5..po.......J.
000066c0: 0000 728f 0900 7072 a509 0070 6fb9 0000  ..r...pr...po...
000066d0: 0a00 fe0c 4a01 0000 721b 0a00 7072 230a  ....J...r...pr#.
000066e0: 0070 6fb9 0000 0a00 fe0c 4a01 0000 72d8  .po.......J...r.
000066f0: 0a00 7072 e40a 0070 6fb9 0000 0a00 fe0c  ..pr...po.......
00006700: 4a01 0000 722e 0b00 7072 380b 0070 6fb9  J...r...pr8..po.
00006710: 0000 0a00 fe0c 4a01 0000 728c 0b00 7072  ......J...r...pr
00006720: 9e0b 0070 6fb9 0000 0a00 fe0c 4a01 0000  ...po.......J...
00006730: 72fa 0b00 7072 000c 0070 6fb9 0000 0a00  r...pr...po.....
00006740: fe0c 4a01 0000 7264 0c00 7072 6a0c 0070  ..J...rd..prj..p
00006750: 6fb9 0000 0a00 fe0c 4a01 0000 d004 0000  o.......J.......
00006760: 0228 8300 000a 2884 0000 0a6f 8500 000a  .(....(....o....
00006770: 73ba 0000 0afe 0e4b 0100 00fe 0c44 0100  s......K.....D..
00006780: 00fe 0c49 0100 00fe 0c4b 0100 006f b700  ...I.....K...o..
00006790: 000a 00fe 0c44 0100 00d0 8800 0001 2883  .....D........(.
000067a0: 0000 0a20 4901 0000 1f21 73bb 0000 0a73  ... I....!s....s
000067b0: bc00 000a 6fb7 0000 0a00 fe0c 4301 0000  ....o.......C...
000067c0: fe0c 4401 0000 6fbd 0000 0afe 0e4c 0100  ..D...o......L..
000067d0: 0011 497e df00 000a fe0c 4c01 0000 6fbe  ..I~......L...o.
000067e0: 0000 0a6f bf00 000a 0011 4a6f 5b00 000a  ...o......Jo[...
000067f0: 1149 6f7d 0000 0a00 1158 6f07 0100 0a11  .Io}.....Xo.....
00006800: 4a6f 7d00 000a 0011 4b18 6fe7 0000 0a00  Jo}.....K.o.....
00006810: 114b 7244 0f00 706f e800 000a 0011 4b7e  .KrD..po......K~
00006820: 4900 0004 252d 1726 7e26 0000 04fe 066d  I...%-.&~&.....m
00006830: 0000 0673 0801 000a 2580 4900 0004 1417  ...s....%.I.....
00006840: 8d22 0000 1b25 167e 4a00 0004 252d 1726  ."...%.~J...%-.&
00006850: 7e26 0000 04fe 066e 0000 0673 0401 000a  ~&.....n...s....
00006860: 2580 4a00 0004 7244 0f00 7073 0501 000a  %.J...rD..ps....
00006870: a273 0901 000a 6fed 0000 0a00 114b 146f  .s....o......K.o
00006880: ee00 000a fe0e 4d01 0000 1157 7edb 0000  ......M....W~...
00006890: 0afe 0c4d 0100 006f ef00 000a 0011 4c7e  ...M...o......L~
000068a0: ff00 000a 73ce 0000 0a72 ce0c 0070 6fcf  ....s....r...po.
000068b0: 0000 0a6f af00 000a 0011 577e 0001 000a  ...o......W~....
000068c0: 6fd1 0000 0a74 0100 001b 114c 6f23 0000  o....t.....Lo#..
000068d0: 0a00 114d 7eff 0000 0a73 ce00 000a 72ca  ...M~....s....r.
000068e0: 0c00 706f cf00 000a 6faf 0000 0a00 1157  ..po....o......W
000068f0: 7e00 0100 0a6f d100 000a 7401 0000 1b11  ~....o....t.....
00006900: 4d6f 2300 000a 0011 4e7e ff00 000a 73ce  Mo#.....N~....s.
00006910: 0000 0a72 ce0c 0070 6fcf 0000 0a6f af00  ...r...po....o..
00006920: 000a 0011 577e 0001 000a 6fd1 0000 0a74  ....W~....o....t
00006930: 0100 001b 114e 6f23 0000 0a00 1152 7e01  .....No#.....R~.
00006940: 0100 0a16 8c93 0000 016f af00 000a 0011  .........o......
00006950: 4f72 240e 0070 6fb3 0000 0a00 114f fe0e  Or$..po......O..
00006960: 4e01 0000 73b4 0000 0afe 0e4f 0100 00d0  N...s......O....
00006970: 8400 0001 2883 0000 0afe 0e50 0100 001d  ....(......P....
00006980: 8d7b 0000 01fe 0e51 0100 00fe 0c51 0100  .{.....Q.....Q..
00006990: 0016 1152 a2fe 0c51 0100 0017 1157 a2fe  ...R...Q.....W..
000069a0: 0c51 0100 0018 1158 a2fe 0c51 0100 0019  .Q.....X...Q....
000069b0: 1159 a2fe 0c51 0100 001a 115a a2fe 0c51  .Y...Q.....Z...Q
000069c0: 0100 001b 118d a2fe 0c51 0100 001c 118e  .........Q......
000069d0: a2fe 0c51 0100 007e d600 000a 118f 73b6  ...Q...~......s.
000069e0: 0000 0a25 fe0e 5201 0000 fe0e 5301 0000  ...%..R.....S...
000069f0: fe0c 4f01 0000 fe0c 5001 0000 fe0c 5201  ..O.....P.....R.
00006a00: 0000 6fb7 0000 0a00 fe0c 4f01 0000 d085  ..o.......O.....
00006a10: 0000 0128 8300 000a fe0c 5301 0000 6fb7  ...(......S...o.
00006a20: 0000 0a00 d086 0000 0128 8300 000a fe0e  .........(......
00006a30: 5401 0000 73b8 0000 0afe 0e55 0100 00fe  T...s......U....
00006a40: 0c55 0100 0072 0100 0070 72e5 0800 706f  .U...r...pr...po
00006a50: b900 000a 00fe 0c55 0100 0072 3109 0070  .......U...r1..p
00006a60: 7235 0900 706f b900 000a 00fe 0c55 0100  r5..po.......U..
00006a70: 0072 8f09 0070 72a5 0900 706f b900 000a  .r...pr...po....
00006a80: 00fe 0c55 0100 0072 1b0a 0070 7223 0a00  ...U...r...pr#..
00006a90: 706f b900 000a 00fe 0c55 0100 0072 d80a  po.......U...r..
00006aa0: 0070 72e4 0a00 706f b900 000a 00fe 0c55  .pr...po.......U
00006ab0: 0100 0072 2e0b 0070 7238 0b00 706f b900  ...r...pr8..po..
00006ac0: 000a 00fe 0c55 0100 0072 8c0b 0070 729e  .....U...r...pr.
00006ad0: 0b00 706f b900 000a 00fe 0c55 0100 0072  ..po.......U...r
00006ae0: fa0b 0070 7200 0c00 706f b900 000a 00fe  ...pr...po......
00006af0: 0c55 0100 0072 640c 0070 726a 0c00 706f  .U...rd..prj..po
00006b00: b900 000a 00fe 0c55 0100 00d0 0400 0002  .......U........
00006b10: 2883 0000 0a28 8400 000a 6f85 0000 0a73  (....(....o....s
00006b20: ba00 000a fe0e 5601 0000 fe0c 4f01 0000  ......V.....O...
00006b30: fe0c 5401 0000 fe0c 5601 0000 6fb7 0000  ..T.....V...o...
00006b40: 0a00 fe0c 4f01 0000 d088 0000 0128 8300  ....O........(..
00006b50: 000a 2055 0100 001f 2173 bb00 000a 73bc  .. U....!s....s.
00006b60: 0000 0a6f b700 000a 00fe 0c4e 0100 00fe  ...o.......N....
00006b70: 0c4f 0100 006f bd00 000a fe0e 5701 0000  .O...o......W...
00006b80: 1152 7ed6 0000 0afe 0c57 0100 006f be00  .R~......W...o..
00006b90: 000a 6fbf 0000 0a00 1152 7ed7 0000 0a7e  ..o......R~....~
00006ba0: d500 000a 8c95 0000 016f af00 000a 0011  .........o......
00006bb0: 527e d900 000a 73da 0000 0a72 3e0e 0070  R~....s....r>..p
00006bc0: 6fcf 0000 0a6f af00 000a 0011 5072 760f  o....o......Prv.
00006bd0: 0070 6fdd 0000 0a00 1150 fe0e 5801 0000  .po......P..X...
00006be0: 73b4 0000 0afe 0e59 0100 00d0 8400 0001  s......Y........
00006bf0: 2883 0000 0afe 0e5a 0100 001d 8d7b 0000  (......Z.....{..
00006c00: 01fe 0e5b 0100 00fe 0c5b 0100 0016 1152  ...[.....[.....R
00006c10: a2fe 0c5b 0100 0017 1157 a2fe 0c5b 0100  ...[.....W...[..
00006c20: 0018 1158 a2fe 0c5b 0100 0019 1159 a2fe  ...X...[.....Y..
00006c30: 0c5b 0100 001a 115a a2fe 0c5b 0100 001b  .[.....Z...[....
00006c40: 118d a2fe 0c5b 0100 001c 118e a2fe 0c5b  .....[.........[
00006c50: 0100 007e de00 000a 118f 73b6 0000 0a25  ...~......s....%
00006c60: fe0e 5c01 0000 fe0e 5d01 0000 fe0c 5901  ..\.....].....Y.
00006c70: 0000 fe0c 5a01 0000 fe0c 5c01 0000 6fb7  ....Z.....\...o.
00006c80: 0000 0a00 fe0c 5901 0000 d085 0000 0128  ......Y........(
00006c90: 8300 000a fe0c 5d01 0000 6fb7 0000 0a00  ......]...o.....
00006ca0: d086 0000 0128 8300 000a fe0e 5e01 0000  .....(......^...
00006cb0: 73b8 0000 0afe 0e5f 0100 00fe 0c5f 0100  s......_....._..
00006cc0: 0072 0100 0070 72e5 0800 706f b900 000a  .r...pr...po....
00006cd0: 00fe 0c5f 0100 0072 3109 0070 7235 0900  ..._...r1..pr5..
00006ce0: 706f b900 000a 00fe 0c5f 0100 0072 8f09  po......._...r..
00006cf0: 0070 72a5 0900 706f b900 000a 00fe 0c5f  .pr...po......._
00006d00: 0100 0072 1b0a 0070 7223 0a00 706f b900  ...r...pr#..po..
00006d10: 000a 00fe 0c5f 0100 0072 d80a 0070 72e4  ....._...r...pr.
00006d20: 0a00 706f b900 000a 00fe 0c5f 0100 0072  ..po......._...r
00006d30: 2e0b 0070 7238 0b00 706f b900 000a 00fe  ...pr8..po......
00006d40: 0c5f 0100 0072 8c0b 0070 729e 0b00 706f  ._...r...pr...po
00006d50: b900 000a 00fe 0c5f 0100 0072 fa0b 0070  ......._...r...p
00006d60: 7200 0c00 706f b900 000a 00fe 0c5f 0100  r...po......._..
00006d70: 0072 640c 0070 726a 0c00 706f b900 000a  .rd..prj..po....
00006d80: 00fe 0c5f 0100 00d0 0400 0002 2883 0000  ..._........(...
00006d90: 0a28 8400 000a 6f85 0000 0a73 ba00 000a  .(....o....s....
00006da0: fe0e 6001 0000 fe0c 5901 0000 fe0c 5e01  ..`.....Y.....^.
00006db0: 0000 fe0c 6001 0000 6fb7 0000 0a00 fe0c  ....`...o.......
00006dc0: 5901 0000 d088 0000 0128 8300 000a 2058  Y........(.... X
00006dd0: 0100 001f 2173 bb00 000a 73bc 0000 0a6f  ....!s....s....o
00006de0: b700 000a 00fe 0c58 0100 00fe 0c59 0100  .......X.....Y..
00006df0: 006f cc00 000a fe0e 6101 0000 1152 fe0c  .o......a....R..
00006e00: 6101 0000 7416 0000 016f 5800 000a 0011  a...t....oX.....
00006e10: 5172 c40d 0070 6fb3 0000 0a00 1151 fe0e  Qr...po......Q..
00006e20: 6201 0000 73b4 0000 0afe 0e63 0100 00d0  b...s......c....
00006e30: 8400 0001 2883 0000 0afe 0e64 0100 001d  ....(......d....
00006e40: 8d7b 0000 01fe 0e65 0100 00fe 0c65 0100  .{.....e.....e..
00006e50: 0016 1152 a2fe 0c65 0100 0017 1157 a2fe  ...R...e.....W..
00006e60: 0c65 0100 0018 1158 a2fe 0c65 0100 0019  .e.....X...e....
00006e70: 1159 a2fe 0c65 0100 001a 115a a2fe 0c65  .Y...e.....Z...e
00006e80: 0100 001b 118d a2fe 0c65 0100 001c 118e  .........e......
00006e90: a2fe 0c65 0100 007e df00 000a 118f 73b6  ...e...~......s.
00006ea0: 0000 0a25 fe0e 6601 0000 fe0e 6701 0000  ...%..f.....g...
00006eb0: fe0c 6301 0000 fe0c 6401 0000 fe0c 6601  ..c.....d.....f.
00006ec0: 0000 6fb7 0000 0a00 fe0c 6301 0000 d085  ..o.......c.....
00006ed0: 0000 0128 8300 000a fe0c 6701 0000 6fb7  ...(......g...o.
00006ee0: 0000 0a00 d086 0000 0128 8300 000a fe0e  .........(......
00006ef0: 6801 0000 73b8 0000 0afe 0e69 0100 00fe  h...s......i....
00006f00: 0c69 0100 0072 0100 0070 72e5 0800 706f  .i...r...pr...po
00006f10: b900 000a 00fe 0c69 0100 0072 3109 0070  .......i...r1..p
00006f20: 7235 0900 706f b900 000a 00fe 0c69 0100  r5..po.......i..
00006f30: 0072 8f09 0070 72a5 0900 706f b900 000a  .r...pr...po....
00006f40: 00fe 0c69 0100 0072 1b0a 0070 7223 0a00  ...i...r...pr#..
00006f50: 706f b900 000a 00fe 0c69 0100 0072 d80a  po.......i...r..
00006f60: 0070 72e4 0a00 706f b900 000a 00fe 0c69  .pr...po.......i
00006f70: 0100 0072 2e0b 0070 7238 0b00 706f b900  ...r...pr8..po..
00006f80: 000a 00fe 0c69 0100 0072 8c0b 0070 729e  .....i...r...pr.
00006f90: 0b00 706f b900 000a 00fe 0c69 0100 0072  ..po.......i...r
00006fa0: fa0b 0070 7200 0c00 706f b900 000a 00fe  ...pr...po......
00006fb0: 0c69 0100 0072 640c 0070 726a 0c00 706f  .i...rd..prj..po
00006fc0: b900 000a 00fe 0c69 0100 00d0 0400 0002  .......i........
00006fd0: 2883 0000 0a28 8400 000a 6f85 0000 0a73  (....(....o....s
00006fe0: ba00 000a fe0e 6a01 0000 fe0c 6301 0000  ......j.....c...
00006ff0: fe0c 6801 0000 fe0c 6a01 0000 6fb7 0000  ..h.....j...o...
00007000: 0a00 fe0c 6301 0000 d088 0000 0128 8300  ....c........(..
00007010: 000a 2059 0100 001f 2173 bb00 000a 73bc  .. Y....!s....s.
00007020: 0000 0a6f b700 000a 00fe 0c62 0100 00fe  ...o.......b....
00007030: 0c63 0100 006f bd00 000a fe0e 6b01 0000  .c...o......k...
00007040: 1152 7edf 0000 0afe 0c6b 0100 006f be00  .R~......k...o..
00007050: 000a 6fbf 0000 0a00 1157 6f5b 0000 0a11  ..o......Wo[....
00007060: 526f 7d00 000a 0011 567e 0101 000a 188c  Ro}.....V~......
00007070: 9300 0001 6faf 0000 0a00 1153 7224 0e00  ....o......Sr$..
00007080: 706f b300 000a 0011 53fe 0e6c 0100 0073  po......S..l...s
00007090: b400 000a fe0e 6d01 0000 d084 0000 0128  ......m........(
000070a0: 8300 000a fe0e 6e01 0000 1d8d 7b00 0001  ......n.....{...
000070b0: fe0e 6f01 0000 fe0c 6f01 0000 1611 56a2  ..o.....o.....V.
000070c0: fe0c 6f01 0000 1711 57a2 fe0c 6f01 0000  ..o.....W...o...
000070d0: 1811 58a2 fe0c 6f01 0000 1911 59a2 fe0c  ..X...o.....Y...
000070e0: 6f01 0000 1a11 5aa2 fe0c 6f01 0000 1b11  o.....Z...o.....
000070f0: 8da2 fe0c 6f01 0000 1c11 8ea2 fe0c 6f01  ....o.........o.
00007100: 0000 7ed6 0000 0a11 8f73 b600 000a 25fe  ..~......s....%.
00007110: 0e70 0100 00fe 0e71 0100 00fe 0c6d 0100  .p.....q.....m..
00007120: 00fe 0c6e 0100 00fe 0c70 0100 006f b700  ...n.....p...o..
00007130: 000a 00fe 0c6d 0100 00d0 8500 0001 2883  .....m........(.
00007140: 0000 0afe 0c71 0100 006f b700 000a 00d0  .....q...o......
00007150: 8600 0001 2883 0000 0afe 0e72 0100 0073  ....(......r...s
00007160: b800 000a fe0e 7301 0000 fe0c 7301 0000  ......s.....s...
00007170: 7201 0000 7072 e508 0070 6fb9 0000 0a00  r...pr...po.....
00007180: fe0c 7301 0000 7231 0900 7072 3509 0070  ..s...r1..pr5..p
00007190: 6fb9 0000 0a00 fe0c 7301 0000 728f 0900  o.......s...r...
000071a0: 7072 a509 0070 6fb9 0000 0a00 fe0c 7301  pr...po.......s.
000071b0: 0000 721b 0a00 7072 230a 0070 6fb9 0000  ..r...pr#..po...
000071c0: 0a00 fe0c 7301 0000 72d8 0a00 7072 e40a  ....s...r...pr..
000071d0: 0070 6fb9 0000 0a00 fe0c 7301 0000 722e  .po.......s...r.
000071e0: 0b00 7072 380b 0070 6fb9 0000 0a00 fe0c  ..pr8..po.......
000071f0: 7301 0000 728c 0b00 7072 9e0b 0070 6fb9  s...r...pr...po.
00007200: 0000 0a00 fe0c 7301 0000 72fa 0b00 7072  ......s...r...pr
00007210: 000c 0070 6fb9 0000 0a00 fe0c 7301 0000  ...po.......s...
00007220: 7264 0c00 7072 6a0c 0070 6fb9 0000 0a00  rd..prj..po.....
00007230: fe0c 7301 0000 d004 0000 0228 8300 000a  ..s........(....
00007240: 2884 0000 0a6f 8500 000a 73ba 0000 0afe  (....o....s.....
00007250: 0e74 0100 00fe 0c6d 0100 00fe 0c72 0100  .t.....m.....r..
00007260: 00fe 0c74 0100 006f b700 000a 00fe 0c6d  ...t...o.......m
00007270: 0100 00d0 8800 0001 2883 0000 0a20 5c01  ........(.... \.
00007280: 0000 1f21 73bb 0000 0a73 bc00 000a 6fb7  ...!s....s....o.
00007290: 0000 0a00 fe0c 6c01 0000 fe0c 6d01 0000  ......l.....m...
000072a0: 6fbd 0000 0afe 0e75 0100 0011 567e d600  o......u....V~..
000072b0: 000a fe0c 7501 0000 6fbe 0000 0a6f bf00  ....u...o....o..
000072c0: 000a 0011 567e d700 000a 7e02 0100 0a8c  ....V~....~.....
000072d0: 9500 0001 6faf 0000 0a00 1156 7ed9 0000  ....o......V~...
000072e0: 0a73 da00 000a 7288 0e00 706f cf00 000a  .s....r...po....
000072f0: 6faf 0000 0a00 1154 186f e700 000a 0011  o......T.o......
00007300: 5472 b80f 0070 6fe8 0000 0a00 1154 7e4b  Tr...po......T~K
00007310: 0000 0425 2d17 267e 2600 0004 fe06 6f00  ...%-.&~&.....o.
00007320: 0006 7303 0100 0a25 804b 0000 0414 178d  ..s....%.K......
00007330: 2200 001b 2516 7e4c 0000 0425 2d17 267e  "...%.~L...%-.&~
00007340: 2600 0004 fe06 7000 0006 7304 0100 0a25  &.....p...s....%
00007350: 804c 0000 0472 b80f 0070 7305 0100 0aa2  .L...r...ps.....
00007360: 7306 0100 0a6f ed00 000a 0011 5414 6fee  s....o......T.o.
00007370: 0000 0afe 0e76 0100 0011 567e de00 000a  .....v....V~....
00007380: fe0c 7601 0000 6fef 0000 0a00 1155 72c4  ..v...o......Ur.
00007390: 0d00 706f b300 000a 0011 55fe 0e77 0100  ..po......U..w..
000073a0: 0073 b400 000a fe0e 7801 0000 d084 0000  .s......x.......
000073b0: 0128 8300 000a fe0e 7901 0000 1d8d 7b00  .(......y.....{.
000073c0: 0001 fe0e 7a01 0000 fe0c 7a01 0000 1611  ....z.....z.....
000073d0: 56a2 fe0c 7a01 0000 1711 57a2 fe0c 7a01  V...z.....W...z.
000073e0: 0000 1811 58a2 fe0c 7a01 0000 1911 59a2  ....X...z.....Y.
000073f0: fe0c 7a01 0000 1a11 5aa2 fe0c 7a01 0000  ..z.....Z...z...
00007400: 1b11 8da2 fe0c 7a01 0000 1c11 8ea2 fe0c  ......z.........
00007410: 7a01 0000 7edf 0000 0a11 8f73 b600 000a  z...~......s....
00007420: 25fe 0e7b 0100 00fe 0e7c 0100 00fe 0c78  %..{.....|.....x
00007430: 0100 00fe 0c79 0100 00fe 0c7b 0100 006f  .....y.....{...o
00007440: b700 000a 00fe 0c78 0100 00d0 8500 0001  .......x........
00007450: 2883 0000 0afe 0c7c 0100 006f b700 000a  (......|...o....
00007460: 00d0 8600 0001 2883 0000 0afe 0e7d 0100  ......(......}..
00007470: 0073 b800 000a fe0e 7e01 0000 fe0c 7e01  .s......~.....~.
00007480: 0000 7201 0000 7072 e508 0070 6fb9 0000  ..r...pr...po...
00007490: 0a00 fe0c 7e01 0000 7231 0900 7072 3509  ....~...r1..pr5.
000074a0: 0070 6fb9 0000 0a00 fe0c 7e01 0000 728f  .po.......~...r.
000074b0: 0900 7072 a509 0070 6fb9 0000 0a00 fe0c  ..pr...po.......
000074c0: 7e01 0000 721b 0a00 7072 230a 0070 6fb9  ~...r...pr#..po.
000074d0: 0000 0a00 fe0c 7e01 0000 72d8 0a00 7072  ......~...r...pr
000074e0: e40a 0070 6fb9 0000 0a00 fe0c 7e01 0000  ...po.......~...
000074f0: 722e 0b00 7072 380b 0070 6fb9 0000 0a00  r...pr8..po.....
00007500: fe0c 7e01 0000 728c 0b00 7072 9e0b 0070  ..~...r...pr...p
00007510: 6fb9 0000 0a00 fe0c 7e01 0000 72fa 0b00  o.......~...r...
00007520: 7072 000c 0070 6fb9 0000 0a00 fe0c 7e01  pr...po.......~.
00007530: 0000 7264 0c00 7072 6a0c 0070 6fb9 0000  ..rd..prj..po...
00007540: 0a00 fe0c 7e01 0000 d004 0000 0228 8300  ....~........(..
00007550: 000a 2884 0000 0a6f 8500 000a 73ba 0000  ..(....o....s...
00007560: 0afe 0e7f 0100 00fe 0c78 0100 00fe 0c7d  .........x.....}
00007570: 0100 00fe 0c7f 0100 006f b700 000a 00fe  .........o......
00007580: 0c78 0100 00d0 8800 0001 2883 0000 0a20  .x........(.... 
00007590: 6001 0000 1f21 73bb 0000 0a73 bc00 000a  `....!s....s....
000075a0: 6fb7 0000 0a00 fe0c 7701 0000 fe0c 7801  o.......w.....x.
000075b0: 0000 6fbd 0000 0afe 0e80 0100 0011 567e  ..o...........V~
000075c0: df00 000a fe0c 8001 0000 6fbe 0000 0a6f  ..........o....o
000075d0: bf00 000a 0011 576f 5b00 000a 1156 6f7d  ......Wo[....Vo}
000075e0: 0000 0a00 1158 6f07 0100 0a11 576f 7d00  .....Xo.....Wo}.
000075f0: 000a 0011 596f 5b00 000a 1158 6f7d 0000  ....Yo[....Xo}..
00007600: 0a00 115a 1159 6f0a 0100 0a00 118d 6f5b  ...Z.Yo.......o[
00007610: 0000 0a11 5a6f 7d00 000a 0011 8c7e d200  ....Zo}......~..
00007620: 000a 178c 9300 0001 6faf 0000 0a00 118c  ........o.......
00007630: 7ed4 0000 0a7e 0201 000a 8c95 0000 016f  ~....~.........o
00007640: af00 000a 0011 5b7e cd00 000a 73ce 0000  ......[~....s...
00007650: 0a72 ca0c 0070 6fcf 0000 0a6f af00 000a  .r...po....o....
00007660: 0011 8c7e d000 000a 6fd1 0000 0a74 1000  ...~....o....t..
00007670: 001b 115b 6f79 0000 0a00 115c 7ecd 0000  ...[oy.....\~...
00007680: 0a73 ce00 000a 72ce 0c00 706f cf00 000a  .s....r...po....
00007690: 6faf 0000 0a00 118c 7ed0 0000 0a6f d100  o.......~....o..
000076a0: 000a 7410 0000 1b11 5c6f 7900 000a 0011  ..t.....\oy.....
000076b0: 5d7e cd00 000a 73ce 0000 0a72 ce0c 0070  ]~....s....r...p
000076c0: 6fcf 0000 0a6f af00 000a 0011 8c7e d000  o....o.......~..
000076d0: 000a 6fd1 0000 0a74 1000 001b 115d 6f79  ..o....t.....]oy
000076e0: 0000 0a00 115e 7ecd 0000 0a73 ce00 000a  .....^~....s....
000076f0: 72ce 0c00 706f cf00 000a 6faf 0000 0a00  r...po....o.....
00007700: 118c 7ed0 0000 0a6f d100 000a 7410 0000  ..~....o....t...
00007710: 1b11 5e6f 7900 000a 0011 5f7e ff00 000a  ..^oy....._~....
00007720: 73ce 0000 0a72 ca0c 0070 6fcf 0000 0a6f  s....r...po....o
00007730: af00 000a 0011 8c7e 0001 000a 6fd1 0000  .......~....o...
00007740: 0a74 0100 001b 115f 6f23 0000 0a00 117a  .t....._o#.....z
00007750: 7ed2 0000 0a17 8c93 0000 016f af00 000a  ~..........o....
00007760: 0011 607e cd00 000a 73ce 0000 0a72 ce0c  ..`~....s....r..
00007770: 0070 6fcf 0000 0a6f af00 000a 0011 7a7e  .po....o......z~
00007780: d000 000a 6fd1 0000 0a74 1000 001b 1160  ....o....t.....`
00007790: 6f79 0000 0a00 1161 7ecd 0000 0a73 ce00  oy.....a~....s..
000077a0: 000a 72ce 0c00 706f cf00 000a 6faf 0000  ..r...po....o...
000077b0: 0a00 117a 7ed0 0000 0a6f d100 000a 7410  ...z~....o....t.
000077c0: 0000 1b11 616f 7900 000a 0011 627e cd00  ....aoy.....b~..
000077d0: 000a 73ce 0000 0a72 ce0c 0070 6fcf 0000  ..s....r...po...
000077e0: 0a6f af00 000a 0011 7a7e d000 000a 6fd1  .o......z~....o.
000077f0: 0000 0a74 1000 001b 1162 6f79 0000 0a00  ...t.....boy....
00007800: 1163 7eff 0000 0a73 ce00 000a 72ca 0c00  .c~....s....r...
00007810: 706f cf00 000a 6faf 0000 0a00 117a 7e00  po....o......z~.
00007820: 0100 0a6f d100 000a 7401 0000 1b11 636f  ...o....t.....co
00007830: 2300 000a 0011 647e ff00 000a 73ce 0000  #.....d~....s...
00007840: 0a72 ce0c 0070 6fcf 0000 0a6f af00 000a  .r...po....o....
00007850: 0011 7a7e 0001 000a 6fd1 0000 0a74 0100  ..z~....o....t..
00007860: 001b 1164 6f23 0000 0a00 1167 7ed2 0000  ...do#.....g~...
00007870: 0a16 8c93 0000 016f af00 000a 0011 677e  .......o......g~
00007880: 0101 000a 168c 9300 0001 6faf 0000 0a00  ..........o.....
00007890: 1167 7ed9 0000 0a73 da00 000a 723e 0e00  .g~....s....r>..
000078a0: 706f cf00 000a 6faf 0000 0a00 1167 7e0b  po....o......g~.
000078b0: 0100 0a17 8ca5 0000 016f af00 000a 0011  .........o......
000078c0: 6572 d40f 0070 6fdd 0000 0a00 1165 fe0e  er...po......e..
000078d0: 8101 0000 73b4 0000 0afe 0e82 0100 00d0  ....s...........
000078e0: 8400 0001 2883 0000 0afe 0e83 0100 001b  ....(...........
000078f0: 8d7b 0000 01fe 0e84 0100 00fe 0c84 0100  .{..............
00007900: 0016 1167 a2fe 0c84 0100 0017 117a a2fe  ...g.........z..
00007910: 0c84 0100 0018 118c a2fe 0c84 0100 0019  ................
00007920: 118d a2fe 0c84 0100 001a 118e a2fe 0c84  ................
00007930: 0100 007e de00 000a 118f 73b6 0000 0a25  ...~......s....%
00007940: fe0e 8501 0000 fe0e 8601 0000 fe0c 8201  ................
00007950: 0000 fe0c 8301 0000 fe0c 8501 0000 6fb7  ..............o.
00007960: 0000 0a00 fe0c 8201 0000 d085 0000 0128  ...............(
00007970: 8300 000a fe0c 8601 0000 6fb7 0000 0a00  ..........o.....
00007980: d086 0000 0128 8300 000a fe0e 8701 0000  .....(..........
00007990: 73b8 0000 0afe 0e88 0100 00fe 0c88 0100  s...............
000079a0: 0072 0100 0070 72e5 0800 706f b900 000a  .r...pr...po....
000079b0: 00fe 0c88 0100 0072 3109 0070 7235 0900  .......r1..pr5..
000079c0: 706f b900 000a 00fe 0c88 0100 0072 8f09  po...........r..
000079d0: 0070 72a5 0900 706f b900 000a 00fe 0c88  .pr...po........
000079e0: 0100 0072 1b0a 0070 7223 0a00 706f b900  ...r...pr#..po..
000079f0: 000a 00fe 0c88 0100 0072 d80a 0070 72e4  .........r...pr.
00007a00: 0a00 706f b900 000a 00fe 0c88 0100 0072  ..po...........r
00007a10: 2e0b 0070 7238 0b00 706f b900 000a 00fe  ...pr8..po......
00007a20: 0c88 0100 0072 8c0b 0070 729e 0b00 706f  .....r...pr...po
00007a30: b900 000a 00fe 0c88 0100 0072 fa0b 0070  ...........r...p
00007a40: 7200 0c00 706f b900 000a 00fe 0c88 0100  r...po..........
00007a50: 0072 640c 0070 726a 0c00 706f b900 000a  .rd..prj..po....
00007a60: 00fe 0c88 0100 00d0 0400 0002 2883 0000  ............(...
00007a70: 0a28 8400 000a 6f85 0000 0a73 ba00 000a  .(....o....s....
00007a80: fe0e 8901 0000 fe0c 8201 0000 fe0c 8701  ................
00007a90: 0000 fe0c 8901 0000 6fb7 0000 0a00 fe0c  ........o.......
00007aa0: 8201 0000 d088 0000 0128 8300 000a 20a1  .........(.... .
00007ab0: 0100 001f 1973 bb00 000a 73bc 0000 0a6f  .....s....s....o
00007ac0: b700 000a 00fe 0c81 0100 00fe 0c82 0100  ................
00007ad0: 006f cc00 000a fe0e 8a01 0000 1167 fe0c  .o...........g..
00007ae0: 8a01 0000 7416 0000 016f 5800 000a 0011  ....t....oX.....
00007af0: 6672 c40d 0070 6fb3 0000 0a00 1166 fe0e  fr...po......f..
00007b00: 8b01 0000 73b4 0000 0afe 0e8c 0100 00d0  ....s...........
00007b10: 8400 0001 2883 0000 0afe 0e8d 0100 001b  ....(...........
00007b20: 8d7b 0000 01fe 0e8e 0100 00fe 0c8e 0100  .{..............
00007b30: 0016 1167 a2fe 0c8e 0100 0017 117a a2fe  ...g.........z..
00007b40: 0c8e 0100 0018 118c a2fe 0c8e 0100 0019  ................
00007b50: 118d a2fe 0c8e 0100 001a 118e a2fe 0c8e  ................
00007b60: 0100 007e df00 000a 118f 73b6 0000 0a25  ...~......s....%
00007b70: fe0e 8f01 0000 fe0e 9001 0000 fe0c 8c01  ................
00007b80: 0000 fe0c 8d01 0000 fe0c 8f01 0000 6fb7  ..............o.
00007b90: 0000 0a00 fe0c 8c01 0000 d085 0000 0128  ...............(
00007ba0: 8300 000a fe0c 9001 0000 6fb7 0000 0a00  ..........o.....
00007bb0: d086 0000 0128 8300 000a fe0e 9101 0000  .....(..........
00007bc0: 73b8 0000 0afe 0e92 0100 00fe 0c92 0100  s...............
00007bd0: 0072 0100 0070 72e5 0800 706f b900 000a  .r...pr...po....
00007be0: 00fe 0c92 0100 0072 3109 0070 7235 0900  .......r1..pr5..
00007bf0: 706f b900 000a 00fe 0c92 0100 0072 8f09  po...........r..
00007c00: 0070 72a5 0900 706f b900 000a 00fe 0c92  .pr...po........
00007c10: 0100 0072 1b0a 0070 7223 0a00 706f b900  ...r...pr#..po..
00007c20: 000a 00fe 0c92 0100 0072 d80a 0070 72e4  .........r...pr.
00007c30: 0a00 706f b900 000a 00fe 0c92 0100 0072  ..po...........r
00007c40: 2e0b 0070 7238 0b00 706f b900 000a 00fe  ...pr8..po......
00007c50: 0c92 0100 0072 8c0b 0070 729e 0b00 706f  .....r...pr...po
00007c60: b900 000a 00fe 0c92 0100 0072 fa0b 0070  ...........r...p
00007c70: 7200 0c00 706f b900 000a 00fe 0c92 0100  r...po..........
00007c80: 0072 640c 0070 726a 0c00 706f b900 000a  .rd..prj..po....
00007c90: 00fe 0c92 0100 00d0 0400 0002 2883 0000  ............(...
00007ca0: 0a28 8400 000a 6f85 0000 0a73 ba00 000a  .(....o....s....
00007cb0: fe0e 9301 0000 fe0c 8c01 0000 fe0c 9101  ................
00007cc0: 0000 fe0c 9301 0000 6fb7 0000 0a00 fe0c  ........o.......
00007cd0: 8c01 0000 d088 0000 0128 8300 000a 20a2  .........(.... .
00007ce0: 0100 001f 1973 bb00 000a 73bc 0000 0a6f  .....s....s....o
00007cf0: b700 000a 00fe 0c8b 0100 00fe 0c8c 0100  ................
00007d00: 006f bd00 000a fe0e 9401 0000 1167 7edf  .o...........g~.
00007d10: 0000 0afe 0c94 0100 006f be00 000a 6fbf  .........o....o.
00007d20: 0000 0a00 117a 6f5b 0000 0a11 676f 7d00  .....zo[....go}.
00007d30: 000a 0011 6a7e d200 000a 168c 9300 0001  ....j~..........
00007d40: 6faf 0000 0a00 116a 7e01 0100 0a17 8c93  o......j~.......
00007d50: 0000 016f af00 000a 0011 6a7e d700 000a  ...o......j~....
00007d60: 7e02 0100 0a8c 9500 0001 6faf 0000 0a00  ~.........o.....
00007d70: 116a 7ed9 0000 0a73 da00 000a 7288 0e00  .j~....s....r...
00007d80: 706f cf00 000a 6faf 0000 0a00 1168 724f  po....o......hrO
00007d90: 0200 706f dd00 000a 0011 68fe 0e95 0100  ..po......h.....
00007da0: 0073 b400 000a fe0e 9601 0000 d084 0000  .s..............
00007db0: 0128 8300 000a fe0e 9701 0000 1b8d 7b00  .(............{.
00007dc0: 0001 fe0e 9801 0000 fe0c 9801 0000 1611  ................
00007dd0: 6aa2 fe0c 9801 0000 1711 7aa2 fe0c 9801  j.........z.....
00007de0: 0000 1811 8ca2 fe0c 9801 0000 1911 8da2  ................
00007df0: fe0c 9801 0000 1a11 8ea2 fe0c 9801 0000  ................
00007e00: 7ede 0000 0a11 8f73 b600 000a 25fe 0e99  ~......s....%...
00007e10: 0100 00fe 0e9a 0100 00fe 0c96 0100 00fe  ................
00007e20: 0c97 0100 00fe 0c99 0100 006f b700 000a  ...........o....
00007e30: 00fe 0c96 0100 00d0 8500 0001 2883 0000  ............(...
00007e40: 0afe 0c9a 0100 006f b700 000a 00d0 8600  .......o........
00007e50: 0001 2883 0000 0afe 0e9b 0100 0073 b800  ..(..........s..
00007e60: 000a fe0e 9c01 0000 fe0c 9c01 0000 7201  ..............r.
00007e70: 0000 7072 e508 0070 6fb9 0000 0a00 fe0c  ..pr...po.......
00007e80: 9c01 0000 7231 0900 7072 3509 0070 6fb9  ....r1..pr5..po.
00007e90: 0000 0a00 fe0c 9c01 0000 728f 0900 7072  ..........r...pr
00007ea0: a509 0070 6fb9 0000 0a00 fe0c 9c01 0000  ...po...........
00007eb0: 721b 0a00 7072 230a 0070 6fb9 0000 0a00  r...pr#..po.....
00007ec0: fe0c 9c01 0000 72d8 0a00 7072 e40a 0070  ......r...pr...p
00007ed0: 6fb9 0000 0a00 fe0c 9c01 0000 722e 0b00  o...........r...
00007ee0: 7072 380b 0070 6fb9 0000 0a00 fe0c 9c01  pr8..po.........
00007ef0: 0000 728c 0b00 7072 9e0b 0070 6fb9 0000  ..r...pr...po...
00007f00: 0a00 fe0c 9c01 0000 72fa 0b00 7072 000c  ........r...pr..
00007f10: 0070 6fb9 0000 0a00 fe0c 9c01 0000 7264  .po...........rd
00007f20: 0c00 7072 6a0c 0070 6fb9 0000 0a00 fe0c  ..prj..po.......
00007f30: 9c01 0000 d004 0000 0228 8300 000a 2884  .........(....(.
00007f40: 0000 0a6f 8500 000a 73ba 0000 0afe 0e9d  ...o....s.......
00007f50: 0100 00fe 0c96 0100 00fe 0c9b 0100 00fe  ................
00007f60: 0c9d 0100 006f b700 000a 00fe 0c96 0100  .....o..........
00007f70: 00d0 8800 0001 2883 0000 0a20 a901 0000  ......(.... ....
00007f80: 1f19 73bb 0000 0a73 bc00 000a 6fb7 0000  ..s....s....o...
00007f90: 0a00 fe0c 9501 0000 fe0c 9601 0000 6fcc  ..............o.
00007fa0: 0000 0afe 0e9e 0100 0011 6afe 0c9e 0100  ..........j.....
00007fb0: 0074 1600 0001 6f58 0000 0a00 1169 7287  .t....oX.....ir.
00007fc0: 0200 706f b300 000a 0011 69fe 0e9f 0100  ..po......i.....
00007fd0: 0073 b400 000a fe0e a001 0000 d084 0000  .s..............
00007fe0: 0128 8300 000a fe0e a101 0000 1b8d 7b00  .(............{.
00007ff0: 0001 fe0e a201 0000 fe0c a201 0000 1611  ................
00008000: 6aa2 fe0c a201 0000 1711 7aa2 fe0c a201  j.........z.....
00008010: 0000 1811 8ca2 fe0c a201 0000 1911 8da2  ................
00008020: fe0c a201 0000 1a11 8ea2 fe0c a201 0000  ................
00008030: 7edf 0000 0a11 8f73 b600 000a 25fe 0ea3  ~......s....%...
00008040: 0100 00fe 0ea4 0100 00fe 0ca0 0100 00fe  ................
00008050: 0ca1 0100 00fe 0ca3 0100 006f b700 000a  ...........o....
00008060: 00fe 0ca0 0100 00d0 8500 0001 2883 0000  ............(...
00008070: 0afe 0ca4 0100 006f b700 000a 00d0 8600  .......o........
00008080: 0001 2883 0000 0afe 0ea5 0100 0073 b800  ..(..........s..
00008090: 000a fe0e a601 0000 fe0c a601 0000 7201  ..............r.
000080a0: 0000 7072 e508 0070 6fb9 0000 0a00 fe0c  ..pr...po.......
000080b0: a601 0000 7231 0900 7072 3509 0070 6fb9  ....r1..pr5..po.
000080c0: 0000 0a00 fe0c a601 0000 728f 0900 7072  ..........r...pr
000080d0: a509 0070 6fb9 0000 0a00 fe0c a601 0000  ...po...........
000080e0: 721b 0a00 7072 230a 0070 6fb9 0000 0a00  r...pr#..po.....
000080f0: fe0c a601 0000 72d8 0a00 7072 e40a 0070  ......r...pr...p
00008100: 6fb9 0000 0a00 fe0c a601 0000 722e 0b00  o...........r...
00008110: 7072 380b 0070 6fb9 0000 0a00 fe0c a601  pr8..po.........
00008120: 0000 728c 0b00 7072 9e0b 0070 6fb9 0000  ..r...pr...po...
00008130: 0a00 fe0c a601 0000 72fa 0b00 7072 000c  ........r...pr..
00008140: 0070 6fb9 0000 0a00 fe0c a601 0000 7264  .po...........rd
00008150: 0c00 7072 6a0c 0070 6fb9 0000 0a00 fe0c  ..prj..po.......
00008160: a601 0000 d004 0000 0228 8300 000a 2884  .........(....(.
00008170: 0000 0a6f 8500 000a 73ba 0000 0afe 0ea7  ...o....s.......
00008180: 0100 00fe 0ca0 0100 00fe 0ca5 0100 00fe  ................
00008190: 0ca7 0100 006f b700 000a 00fe 0ca0 0100  .....o..........
000081a0: 00d0 8800 0001 2883 0000 0a20 aa01 0000  ......(.... ....
000081b0: 1f19 73bb 0000 0a73 bc00 000a 6fb7 0000  ..s....s....o...
000081c0: 0a00 fe0c 9f01 0000 fe0c a001 0000 6fbd  ..............o.
000081d0: 0000 0afe 0ea8 0100 0011 6a7e df00 000a  ..........j~....
000081e0: fe0c a801 0000 6fbe 0000 0a6f bf00 000a  ......o....o....
000081f0: 0011 7a6f 5b00 000a 116a 6f7d 0000 0a00  ..zo[....jo}....
00008200: 116d 7ed2 0000 0a17 8c93 0000 016f af00  .m~..........o..
00008210: 000a 0011 6d7e 0101 000a 168c 9300 0001  ....m~..........
00008220: 6faf 0000 0a00 116d 7ed9 0000 0a73 da00  o......m~....s..
00008230: 000a 723e 0e00 706f cf00 000a 6faf 0000  ..r>..po....o...
00008240: 0a00 116d 7e0b 0100 0a17 8ca5 0000 016f  ...m~..........o
00008250: af00 000a 0011 6b72 0e10 0070 6fdd 0000  ......kr...po...
00008260: 0a00 116b fe0e a901 0000 73b4 0000 0afe  ...k......s.....
00008270: 0eaa 0100 00d0 8400 0001 2883 0000 0afe  ..........(.....
00008280: 0eab 0100 001b 8d7b 0000 01fe 0eac 0100  .......{........
00008290: 00fe 0cac 0100 0016 116d a2fe 0cac 0100  .........m......
000082a0: 0017 117a a2fe 0cac 0100 0018 118c a2fe  ...z............
000082b0: 0cac 0100 0019 118d a2fe 0cac 0100 001a  ................
000082c0: 118e a2fe 0cac 0100 007e de00 000a 118f  .........~......
000082d0: 73b6 0000 0a25 fe0e ad01 0000 fe0e ae01  s....%..........
000082e0: 0000 fe0c aa01 0000 fe0c ab01 0000 fe0c  ................
000082f0: ad01 0000 6fb7 0000 0a00 fe0c aa01 0000  ....o...........
00008300: d085 0000 0128 8300 000a fe0c ae01 0000  .....(..........
00008310: 6fb7 0000 0a00 d086 0000 0128 8300 000a  o..........(....
00008320: fe0e af01 0000 73b8 0000 0afe 0eb0 0100  ......s.........
00008330: 00fe 0cb0 0100 0072 0100 0070 72e5 0800  .......r...pr...
00008340: 706f b900 000a 00fe 0cb0 0100 0072 3109  po...........r1.
00008350: 0070 7235 0900 706f b900 000a 00fe 0cb0  .pr5..po........
00008360: 0100 0072 8f09 0070 72a5 0900 706f b900  ...r...pr...po..
00008370: 000a 00fe 0cb0 0100 0072 1b0a 0070 7223  .........r...pr#
00008380: 0a00 706f b900 000a 00fe 0cb0 0100 0072  ..po...........r
00008390: d80a 0070 72e4 0a00 706f b900 000a 00fe  ...pr...po......
000083a0: 0cb0 0100 0072 2e0b 0070 7238 0b00 706f  .....r...pr8..po
000083b0: b900 000a 00fe 0cb0 0100 0072 8c0b 0070  ...........r...p
000083c0: 729e 0b00 706f b900 000a 00fe 0cb0 0100  r...po..........
000083d0: 0072 fa0b 0070 7200 0c00 706f b900 000a  .r...pr...po....
000083e0: 00fe 0cb0 0100 0072 640c 0070 726a 0c00  .......rd..prj..
000083f0: 706f b900 000a 00fe 0cb0 0100 00d0 0400  po..............
00008400: 0002 2883 0000 0a28 8400 000a 6f85 0000  ..(....(....o...
00008410: 0a73 ba00 000a fe0e b101 0000 fe0c aa01  .s..............
00008420: 0000 fe0c af01 0000 fe0c b101 0000 6fb7  ..............o.
00008430: 0000 0a00 fe0c aa01 0000 d088 0000 0128  ...............(
00008440: 8300 000a 20b0 0100 001f 1973 bb00 000a  .... ......s....
00008450: 73bc 0000 0a6f b700 000a 00fe 0ca9 0100  s....o..........
00008460: 00fe 0caa 0100 006f cc00 000a fe0e b201  .......o........
00008470: 0000 116d fe0c b201 0000 7416 0000 016f  ...m......t....o
00008480: 5800 000a 0011 6c72 c40d 0070 6fb3 0000  X.....lr...po...
00008490: 0a00 116c fe0e b301 0000 73b4 0000 0afe  ...l......s.....
000084a0: 0eb4 0100 00d0 8400 0001 2883 0000 0afe  ..........(.....
000084b0: 0eb5 0100 001b 8d7b 0000 01fe 0eb6 0100  .......{........
000084c0: 00fe 0cb6 0100 0016 116d a2fe 0cb6 0100  .........m......
000084d0: 0017 117a a2fe 0cb6 0100 0018 118c a2fe  ...z............
000084e0: 0cb6 0100 0019 118d a2fe 0cb6 0100 001a  ................
000084f0: 118e a2fe 0cb6 0100 007e df00 000a 118f  .........~......
00008500: 73b6 0000 0a25 fe0e b701 0000 fe0e b801  s....%..........
00008510: 0000 fe0c b401 0000 fe0c b501 0000 fe0c  ................
00008520: b701 0000 6fb7 0000 0a00 fe0c b401 0000  ....o...........
00008530: d085 0000 0128 8300 000a fe0c b801 0000  .....(..........
00008540: 6fb7 0000 0a00 d086 0000 0128 8300 000a  o..........(....
00008550: fe0e b901 0000 73b8 0000 0afe 0eba 0100  ......s.........
00008560: 00fe 0cba 0100 0072 0100 0070 72e5 0800  .......r...pr...
00008570: 706f b900 000a 00fe 0cba 0100 0072 3109  po...........r1.
00008580: 0070 7235 0900 706f b900 000a 00fe 0cba  .pr5..po........
00008590: 0100 0072 8f09 0070 72a5 0900 706f b900  ...r...pr...po..
000085a0: 000a 00fe 0cba 0100 0072 1b0a 0070 7223  .........r...pr#
000085b0: 0a00 706f b900 000a 00fe 0cba 0100 0072  ..po...........r
000085c0: d80a 0070 72e4 0a00 706f b900 000a 00fe  ...pr...po......
000085d0: 0cba 0100 0072 2e0b 0070 7238 0b00 706f  .....r...pr8..po
000085e0: b900 000a 00fe 0cba 0100 0072 8c0b 0070  ...........r...p
000085f0: 729e 0b00 706f b900 000a 00fe 0cba 0100  r...po..........
00008600: 0072 fa0b 0070 7200 0c00 706f b900 000a  .r...pr...po....
00008610: 00fe 0cba 0100 0072 640c 0070 726a 0c00  .......rd..prj..
00008620: 706f b900 000a 00fe 0cba 0100 00d0 0400  po..............
00008630: 0002 2883 0000 0a28 8400 000a 6f85 0000  ..(....(....o...
00008640: 0a73 ba00 000a fe0e bb01 0000 fe0c b401  .s..............
00008650: 0000 fe0c b901 0000 fe0c bb01 0000 6fb7  ..............o.
00008660: 0000 0a00 fe0c b401 0000 d088 0000 0128  ...............(
00008670: 8300 000a 20b1 0100 001f 1973 bb00 000a  .... ......s....
00008680: 73bc 0000 0a6f b700 000a 00fe 0cb3 0100  s....o..........
00008690: 00fe 0cb4 0100 006f bd00 000a fe0e bc01  .......o........
000086a0: 0000 116d 7edf 0000 0afe 0cbc 0100 006f  ...m~..........o
000086b0: be00 000a 6fbf 0000 0a00 117a 6f5b 0000  ....o......zo[..
000086c0: 0a11 6d6f 7d00 000a 0011 707e d200 000a  ..mo}.....p~....
000086d0: 178c 9300 0001 6faf 0000 0a00 1170 7e01  ......o......p~.
000086e0: 0100 0a17 8c93 0000 016f af00 000a 0011  .........o......
000086f0: 707e d700 000a 7e02 0100 0a8c 9500 0001  p~....~.........
00008700: 6faf 0000 0a00 1170 7ed9 0000 0a73 da00  o......p~....s..
00008710: 000a 7288 0e00 706f cf00 000a 6faf 0000  ..r...po....o...
00008720: 0a00 116e 724f 0200 706f dd00 000a 0011  ...nrO..po......
00008730: 6efe 0ebd 0100 0073 b400 000a fe0e be01  n......s........
00008740: 0000 d084 0000 0128 8300 000a fe0e bf01  .......(........
00008750: 0000 1b8d 7b00 0001 fe0e c001 0000 fe0c  ....{...........
00008760: c001 0000 1611 70a2 fe0c c001 0000 1711  ......p.........
00008770: 7aa2 fe0c c001 0000 1811 8ca2 fe0c c001  z...............
00008780: 0000 1911 8da2 fe0c c001 0000 1a11 8ea2  ................
00008790: fe0c c001 0000 7ede 0000 0a11 8f73 b600  ......~......s..
000087a0: 000a 25fe 0ec1 0100 00fe 0ec2 0100 00fe  ..%.............
000087b0: 0cbe 0100 00fe 0cbf 0100 00fe 0cc1 0100  ................
000087c0: 006f b700 000a 00fe 0cbe 0100 00d0 8500  .o..............
000087d0: 0001 2883 0000 0afe 0cc2 0100 006f b700  ..(..........o..
000087e0: 000a 00d0 8600 0001 2883 0000 0afe 0ec3  ........(.......
000087f0: 0100 0073 b800 000a fe0e c401 0000 fe0c  ...s............
00008800: c401 0000 7201 0000 7072 e508 0070 6fb9  ....r...pr...po.
00008810: 0000 0a00 fe0c c401 0000 7231 0900 7072  ..........r1..pr
00008820: 3509 0070 6fb9 0000 0a00 fe0c c401 0000  5..po...........
00008830: 728f 0900 7072 a509 0070 6fb9 0000 0a00  r...pr...po.....
00008840: fe0c c401 0000 721b 0a00 7072 230a 0070  ......r...pr#..p
00008850: 6fb9 0000 0a00 fe0c c401 0000 72d8 0a00  o...........r...
00008860: 7072 e40a 0070 6fb9 0000 0a00 fe0c c401  pr...po.........
00008870: 0000 722e 0b00 7072 380b 0070 6fb9 0000  ..r...pr8..po...
00008880: 0a00 fe0c c401 0000 728c 0b00 7072 9e0b  ........r...pr..
00008890: 0070 6fb9 0000 0a00 fe0c c401 0000 72fa  .po...........r.
000088a0: 0b00 7072 000c 0070 6fb9 0000 0a00 fe0c  ..pr...po.......
000088b0: c401 0000 7264 0c00 7072 6a0c 0070 6fb9  ....rd..prj..po.
000088c0: 0000 0a00 fe0c c401 0000 d004 0000 0228  ...............(
000088d0: 8300 000a 2884 0000 0a6f 8500 000a 73ba  ....(....o....s.
000088e0: 0000 0afe 0ec5 0100 00fe 0cbe 0100 00fe  ................
000088f0: 0cc3 0100 00fe 0cc5 0100 006f b700 000a  ...........o....
00008900: 00fe 0cbe 0100 00d0 8800 0001 2883 0000  ............(...
00008910: 0a20 b801 0000 1f19 73bb 0000 0a73 bc00  . ......s....s..
00008920: 000a 6fb7 0000 0a00 fe0c bd01 0000 fe0c  ..o.............
00008930: be01 0000 6fcc 0000 0afe 0ec6 0100 0011  ....o...........
00008940: 70fe 0cc6 0100 0074 1600 0001 6f58 0000  p......t....oX..
00008950: 0a00 116f 7287 0200 706f b300 000a 0011  ...or...po......
00008960: 6ffe 0ec7 0100 0073 b400 000a fe0e c801  o......s........
00008970: 0000 d084 0000 0128 8300 000a fe0e c901  .......(........
00008980: 0000 1b8d 7b00 0001 fe0e ca01 0000 fe0c  ....{...........
00008990: ca01 0000 1611 70a2 fe0c ca01 0000 1711  ......p.........
000089a0: 7aa2 fe0c ca01 0000 1811 8ca2 fe0c ca01  z...............
000089b0: 0000 1911 8da2 fe0c ca01 0000 1a11 8ea2  ................
000089c0: fe0c ca01 0000 7edf 0000 0a11 8f73 b600  ......~......s..
000089d0: 000a 25fe 0ecb 0100 00fe 0ecc 0100 00fe  ..%.............
000089e0: 0cc8 0100 00fe 0cc9 0100 00fe 0ccb 0100  ................
000089f0: 006f b700 000a 00fe 0cc8 0100 00d0 8500  .o..............
00008a00: 0001 2883 0000 0afe 0ccc 0100 006f b700  ..(..........o..
00008a10: 000a 00d0 8600 0001 2883 0000 0afe 0ecd  ........(.......
00008a20: 0100 0073 b800 000a fe0e ce01 0000 fe0c  ...s............
00008a30: ce01 0000 7201 0000 7072 e508 0070 6fb9  ....r...pr...po.
00008a40: 0000 0a00 fe0c ce01 0000 7231 0900 7072  ..........r1..pr
00008a50: 3509 0070 6fb9 0000 0a00 fe0c ce01 0000  5..po...........
00008a60: 728f 0900 7072 a509 0070 6fb9 0000 0a00  r...pr...po.....
00008a70: fe0c ce01 0000 721b 0a00 7072 230a 0070  ......r...pr#..p
00008a80: 6fb9 0000 0a00 fe0c ce01 0000 72d8 0a00  o...........r...
00008a90: 7072 e40a 0070 6fb9 0000 0a00 fe0c ce01  pr...po.........
00008aa0: 0000 722e 0b00 7072 380b 0070 6fb9 0000  ..r...pr8..po...
00008ab0: 0a00 fe0c ce01 0000 728c 0b00 7072 9e0b  ........r...pr..
00008ac0: 0070 6fb9 0000 0a00 fe0c ce01 0000 72fa  .po...........r.
00008ad0: 0b00 7072 000c 0070 6fb9 0000 0a00 fe0c  ..pr...po.......
00008ae0: ce01 0000 7264 0c00 7072 6a0c 0070 6fb9  ....rd..prj..po.
00008af0: 0000 0a00 fe0c ce01 0000 d004 0000 0228  ...............(
00008b00: 8300 000a 2884 0000 0a6f 8500 000a 73ba  ....(....o....s.
00008b10: 0000 0afe 0ecf 0100 00fe 0cc8 0100 00fe  ................
00008b20: 0ccd 0100 00fe 0ccf 0100 006f b700 000a  ...........o....
00008b30: 00fe 0cc8 0100 00d0 8800 0001 2883 0000  ............(...
00008b40: 0a20 b901 0000 1f19 73bb 0000 0a73 bc00  . ......s....s..
00008b50: 000a 6fb7 0000 0a00 fe0c c701 0000 fe0c  ..o.............
00008b60: c801 0000 6fbd 0000 0afe 0ed0 0100 0011  ....o...........
00008b70: 707e df00 000a fe0c d001 0000 6fbe 0000  p~..........o...
00008b80: 0a6f bf00 000a 0011 7a6f 5b00 000a 1170  .o......zo[....p
00008b90: 6f7d 0000 0a00 1179 7ed2 0000 0a18 8c93  o}.....y~.......
00008ba0: 0000 016f af00 000a 0011 797e 0101 000a  ...o......y~....
00008bb0: 168c 9300 0001 6faf 0000 0a00 1179 7e0c  ......o......y~.
00008bc0: 0100 0a18 8c93 0000 016f af00 000a 0011  .........o......
00008bd0: 797e d900 000a 73da 0000 0a72 f60c 0070  y~....s....r...p
00008be0: 6fcf 0000 0a6f af00 000a 0011 7172 4810  o....o......qrH.
00008bf0: 0070 6fdd 0000 0a00 1171 fe0e d101 0000  .po......q......
00008c00: 73b4 0000 0afe 0ed2 0100 00d0 8400 0001  s...............
00008c10: 2883 0000 0afe 0ed3 0100 001b 8d7b 0000  (............{..
00008c20: 01fe 0ed4 0100 00fe 0cd4 0100 0016 1179  ...............y
00008c30: a2fe 0cd4 0100 0017 117a a2fe 0cd4 0100  .........z......
00008c40: 0018 118c a2fe 0cd4 0100 0019 118d a2fe  ................
00008c50: 0cd4 0100 001a 118e a2fe 0cd4 0100 007e  ...............~
00008c60: de00 000a 118f 73b6 0000 0a25 fe0e d501  ......s....%....
00008c70: 0000 fe0e d601 0000 fe0c d201 0000 fe0c  ................
00008c80: d301 0000 fe0c d501 0000 6fb7 0000 0a00  ..........o.....
00008c90: fe0c d201 0000 d085 0000 0128 8300 000a  ...........(....
00008ca0: fe0c d601 0000 6fb7 0000 0a00 d086 0000  ......o.........
00008cb0: 0128 8300 000a fe0e d701 0000 73b8 0000  .(..........s...
00008cc0: 0afe 0ed8 0100 00fe 0cd8 0100 0072 0100  .............r..
00008cd0: 0070 72e5 0800 706f b900 000a 00fe 0cd8  .pr...po........
00008ce0: 0100 0072 3109 0070 7235 0900 706f b900  ...r1..pr5..po..
00008cf0: 000a 00fe 0cd8 0100 0072 8f09 0070 72a5  .........r...pr.
00008d00: 0900 706f b900 000a 00fe 0cd8 0100 0072  ..po...........r
00008d10: 1b0a 0070 7223 0a00 706f b900 000a 00fe  ...pr#..po......
00008d20: 0cd8 0100 0072 d80a 0070 72e4 0a00 706f  .....r...pr...po
00008d30: b900 000a 00fe 0cd8 0100 0072 2e0b 0070  ...........r...p
00008d40: 7238 0b00 706f b900 000a 00fe 0cd8 0100  r8..po..........
00008d50: 0072 8c0b 0070 729e 0b00 706f b900 000a  .r...pr...po....
00008d60: 00fe 0cd8 0100 0072 fa0b 0070 7200 0c00  .......r...pr...
00008d70: 706f b900 000a 00fe 0cd8 0100 0072 640c  po...........rd.
00008d80: 0070 726a 0c00 706f b900 000a 00fe 0cd8  .prj..po........
00008d90: 0100 00d0 0400 0002 2883 0000 0a28 8400  ........(....(..
00008da0: 000a 6f85 0000 0a73 ba00 000a fe0e d901  ..o....s........
00008db0: 0000 fe0c d201 0000 fe0c d701 0000 fe0c  ................
00008dc0: d901 0000 6fb7 0000 0a00 fe0c d201 0000  ....o...........
00008dd0: d088 0000 0128 8300 000a 20c0 0100 001f  .....(.... .....
00008de0: 1973 bb00 000a 73bc 0000 0a6f b700 000a  .s....s....o....
00008df0: 00fe 0cd1 0100 00fe 0cd2 0100 006f cc00  .............o..
00008e00: 000a fe0e da01 0000 1179 fe0c da01 0000  .........y......
00008e10: 7416 0000 016f 5800 000a 0011 7272 8702  t....oX.....rr..
00008e20: 0070 6fb3 0000 0a00 1172 fe0e db01 0000  .po......r......
00008e30: 73b4 0000 0afe 0edc 0100 00d0 8400 0001  s...............
00008e40: 2883 0000 0afe 0edd 0100 001b 8d7b 0000  (............{..
00008e50: 01fe 0ede 0100 00fe 0cde 0100 0016 1179  ...............y
00008e60: a2fe 0cde 0100 0017 117a a2fe 0cde 0100  .........z......
00008e70: 0018 118c a2fe 0cde 0100 0019 118d a2fe  ................
00008e80: 0cde 0100 001a 118e a2fe 0cde 0100 007e  ...............~
00008e90: df00 000a 118f 73b6 0000 0a25 fe0e df01  ......s....%....
00008ea0: 0000 fe0e e001 0000 fe0c dc01 0000 fe0c  ................
00008eb0: dd01 0000 fe0c df01 0000 6fb7 0000 0a00  ..........o.....
00008ec0: fe0c dc01 0000 d085 0000 0128 8300 000a  ...........(....
00008ed0: fe0c e001 0000 6fb7 0000 0a00 d086 0000  ......o.........
00008ee0: 0128 8300 000a fe0e e101 0000 73b8 0000  .(..........s...
00008ef0: 0afe 0ee2 0100 00fe 0ce2 0100 0072 0100  .............r..
00008f00: 0070 72e5 0800 706f b900 000a 00fe 0ce2  .pr...po........
00008f10: 0100 0072 3109 0070 7235 0900 706f b900  ...r1..pr5..po..
00008f20: 000a 00fe 0ce2 0100 0072 8f09 0070 72a5  .........r...pr.
00008f30: 0900 706f b900 000a 00fe 0ce2 0100 0072  ..po...........r
00008f40: 1b0a 0070 7223 0a00 706f b900 000a 00fe  ...pr#..po......
00008f50: 0ce2 0100 0072 d80a 0070 72e4 0a00 706f  .....r...pr...po
00008f60: b900 000a 00fe 0ce2 0100 0072 2e0b 0070  ...........r...p
00008f70: 7238 0b00 706f b900 000a 00fe 0ce2 0100  r8..po..........
00008f80: 0072 8c0b 0070 729e 0b00 706f b900 000a  .r...pr...po....
00008f90: 00fe 0ce2 0100 0072 fa0b 0070 7200 0c00  .......r...pr...
00008fa0: 706f b900 000a 00fe 0ce2 0100 0072 640c  po...........rd.
00008fb0: 0070 726a 0c00 706f b900 000a 00fe 0ce2  .prj..po........
00008fc0: 0100 00d0 0400 0002 2883 0000 0a28 8400  ........(....(..
00008fd0: 000a 6f85 0000 0a73 ba00 000a fe0e e301  ..o....s........
00008fe0: 0000 fe0c dc01 0000 fe0c e101 0000 fe0c  ................
00008ff0: e301 0000 6fb7 0000 0a00 fe0c dc01 0000  ....o...........
00009000: d088 0000 0128 8300 000a 20c1 0100 001f  .....(.... .....
00009010: 1973 bb00 000a 73bc 0000 0a6f b700 000a  .s....s....o....
00009020: 00fe 0cdb 0100 00fe 0cdc 0100 006f bd00  .............o..
00009030: 000a fe0e e401 0000 1179 7edf 0000 0afe  .........y~.....
00009040: 0ce4 0100 006f be00 000a 6fbf 0000 0a00  .....o....o.....
00009050: 1173 728d 0800 706f 0d01 000a 0011 73fe  .sr...po......s.
00009060: 0ee5 0100 0073 b400 000a fe0e e601 0000  .....s..........
00009070: d084 0000 0128 8300 000a fe0e e701 0000  .....(..........
00009080: 1c8d 7b00 0001 fe0e e801 0000 fe0c e801  ..{.............
00009090: 0000 1611 78a2 fe0c e801 0000 1711 79a2  ....x.........y.
000090a0: fe0c e801 0000 1811 7aa2 fe0c e801 0000  ........z.......
000090b0: 1911 8ca2 fe0c e801 0000 1a11 8da2 fe0c  ................
000090c0: e801 0000 1b11 8ea2 fe0c e801 0000 d06d  ...............m
000090d0: 0000 0128 8300 000a 7264 1000 7028 0e01  ...(....rd..p(..
000090e0: 000a 118f 73b6 0000 0a25 fe0e e901 0000  ....s....%......
000090f0: fe0e ea01 0000 fe0c e601 0000 fe0c e701  ................
00009100: 0000 fe0c e901 0000 6fb7 0000 0a00 fe0c  ........o.......
00009110: e601 0000 d085 0000 0128 8300 000a fe0c  .........(......
00009120: ea01 0000 6fb7 0000 0a00 d086 0000 0128  ....o..........(
00009130: 8300 000a fe0e eb01 0000 73b8 0000 0afe  ..........s.....
00009140: 0eec 0100 00fe 0cec 0100 0072 0100 0070  ...........r...p
00009150: 72e5 0800 706f b900 000a 00fe 0cec 0100  r...po..........
00009160: 0072 3109 0070 7235 0900 706f b900 000a  .r1..pr5..po....
00009170: 00fe 0cec 0100 0072 8f09 0070 72a5 0900  .......r...pr...
00009180: 706f b900 000a 00fe 0cec 0100 0072 1b0a  po...........r..
00009190: 0070 7223 0a00 706f b900 000a 00fe 0cec  .pr#..po........
000091a0: 0100 0072 d80a 0070 72e4 0a00 706f b900  ...r...pr...po..
000091b0: 000a 00fe 0cec 0100 0072 2e0b 0070 7238  .........r...pr8
000091c0: 0b00 706f b900 000a 00fe 0cec 0100 0072  ..po...........r
000091d0: 8c0b 0070 729e 0b00 706f b900 000a 00fe  ...pr...po......
000091e0: 0cec 0100 0072 fa0b 0070 7200 0c00 706f  .....r...pr...po
000091f0: b900 000a 00fe 0cec 0100 0072 640c 0070  ...........rd..p
00009200: 726a 0c00 706f b900 000a 00fe 0cec 0100  rj..po..........
00009210: 00d0 0400 0002 2883 0000 0a28 8400 000a  ......(....(....
00009220: 6f85 0000 0a73 ba00 000a fe0e ed01 0000  o....s..........
00009230: fe0c e601 0000 fe0c eb01 0000 fe0c ed01  ................
00009240: 0000 6fb7 0000 0a00 fe0c e601 0000 d088  ..o.............
00009250: 0000 0128 8300 000a 20c3 0100 001f 2b73  ...(.... .....+s
00009260: bb00 000a 73bc 0000 0a6f b700 000a 00fe  ....s....o......
00009270: 0ce5 0100 00fe 0ce6 0100 006f cc00 000a  ...........o....
00009280: fe0e ee01 0000 1178 fe0c ee01 0000 74a8  .......x......t.
00009290: 0000 016f 0f01 000a 0011 7518 6fe7 0000  ...o......u.o...
000092a0: 0a00 1175 7278 1000 706f e800 000a 0011  ...urx..po......
000092b0: 7511 746f 1001 000a 0011 7514 6fee 0000  u.to......u.o...
000092c0: 0afe 0eef 0100 0011 786f 1101 000a fe0c  ........xo......
000092d0: ef01 0000 6f12 0100 0a00 1177 186f e700  ....o......w.o..
000092e0: 000a 0011 7772 9c10 0070 6fe8 0000 0a00  ....wr...po.....
000092f0: 1177 1176 6f10 0100 0a00 1177 146f ee00  .w.vo......w.o..
00009300: 000a fe0e f001 0000 1178 6f11 0100 0afe  .........xo.....
00009310: 0cf0 0100 006f 1201 000a 0011 797e db00  .....o......y~..
00009320: 000a 1178 6fef 0000 0a00 117a 6f5b 0000  ...xo......zo[..
00009330: 0a11 796f 7d00 000a 0011 8c6f 5b00 000a  ..yo}......o[...
00009340: 117a 6f7d 0000 0a00 118a 7ed2 0000 0a18  .zo}......~.....
00009350: 8c93 0000 016f af00 000a 0011 8a7e fe00  .....o.......~..
00009360: 000a 168c a300 0001 6faf 0000 0a00 117b  ........o......{
00009370: 7eff 0000 0a73 ce00 000a 72aa 1000 706f  ~....s....r...po
00009380: cf00 000a 6faf 0000 0a00 1183 7e00 0100  ....o.......~...
00009390: 0a6f d100 000a 7401 0000 1b11 7b6f 2300  .o....t.....{o#.
000093a0: 000a 0011 7c7e ff00 000a 73ce 0000 0a72  ....|~....s....r
000093b0: b410 0070 6fcf 0000 0a6f af00 000a 0011  ...po....o......
000093c0: 837e 0001 000a 6fd1 0000 0a74 0100 001b  .~....o....t....
000093d0: 117c 6f23 0000 0a00 117f 7e01 0100 0a16  .|o#......~.....
000093e0: 8c93 0000 016f af00 000a 0011 7d72 be10  .....o......}r..
000093f0: 0070 6fb3 0000 0a00 117d fe0e f101 0000  .po......}......
00009400: 73b4 0000 0afe 0ef2 0100 00d0 8400 0001  s...............
00009410: 2883 0000 0afe 0ef3 0100 001c 8d7b 0000  (............{..
00009420: 01fe 0ef4 0100 00fe 0cf4 0100 0016 117f  ................
00009430: a2fe 0cf4 0100 0017 1183 a2fe 0cf4 0100  ................
00009440: 0018 118a a2fe 0cf4 0100 0019 118c a2fe  ................
00009450: 0cf4 0100 001a 118d a2fe 0cf4 0100 001b  ................
00009460: 118e a2fe 0cf4 0100 007e b500 000a 118f  .........~......
00009470: 73b6 0000 0a25 fe0e f501 0000 fe0e f601  s....%..........
00009480: 0000 fe0c f201 0000 fe0c f301 0000 fe0c  ................
00009490: f501 0000 6fb7 0000 0a00 fe0c f201 0000  ....o...........
000094a0: d085 0000 0128 8300 000a fe0c f601 0000  .....(..........
000094b0: 6fb7 0000 0a00 d086 0000 0128 8300 000a  o..........(....
000094c0: fe0e f701 0000 73b8 0000 0afe 0ef8 0100  ......s.........
000094d0: 00fe 0cf8 0100 0072 0100 0070 72e5 0800  .......r...pr...
000094e0: 706f b900 000a 00fe 0cf8 0100 0072 3109  po...........r1.
000094f0: 0070 7235 0900 706f b900 000a 00fe 0cf8  .pr5..po........
00009500: 0100 0072 8f09 0070 72a5 0900 706f b900  ...r...pr...po..
00009510: 000a 00fe 0cf8 0100 0072 1b0a 0070 7223  .........r...pr#
00009520: 0a00 706f b900 000a 00fe 0cf8 0100 0072  ..po...........r
00009530: d80a 0070 72e4 0a00 706f b900 000a 00fe  ...pr...po......
00009540: 0cf8 0100 0072 2e0b 0070 7238 0b00 706f  .....r...pr8..po
00009550: b900 000a 00fe 0cf8 0100 0072 8c0b 0070  ...........r...p
00009560: 729e 0b00 706f b900 000a 00fe 0cf8 0100  r...po..........
00009570: 0072 fa0b 0070 7200 0c00 706f b900 000a  .r...pr...po....
00009580: 00fe 0cf8 0100 0072 640c 0070 726a 0c00  .......rd..prj..
00009590: 706f b900 000a 00fe 0cf8 0100 00d0 0400  po..............
000095a0: 0002 2883 0000 0a28 8400 000a 6f85 0000  ..(....(....o...
000095b0: 0a73 ba00 000a fe0e f901 0000 fe0c f201  .s..............
000095c0: 0000 fe0c f701 0000 fe0c f901 0000 6fb7  ..............o.
000095d0: 0000 0a00 fe0c f201 0000 d088 0000 0128  ...............(
000095e0: 8300 000a 20e7 0100 001f 1d73 bb00 000a  .... ......s....
000095f0: 73bc 0000 0a6f b700 000a 00fe 0cf1 0100  s....o..........
00009600: 00fe 0cf2 0100 006f bd00 000a fe0e fa01  .......o........
00009610: 0000 117f 7eb5 0000 0afe 0cfa 0100 006f  ....~..........o
00009620: be00 000a 6fbf 0000 0a00 117f 7e13 0100  ....o.......~...
00009630: 0a7e 1401 000a 8c2e 0000 016f af00 000a  .~.........o....
00009640: 0011 7f11 8efe 061c 0000 0673 b100 000a  ...........s....
00009650: 6f15 0100 0a00 117f 7e16 0100 0a1f 098c  o.......~.......
00009660: 9300 0001 6faf 0000 0a00 117f 7edb 0000  ....o.......~...
00009670: 0a73 dc00 000a 72e0 1000 706f cf00 000a  .s....r...po....
00009680: 6faf 0000 0a00 117e 72ea 1000 706f dd00  o......~r...po..
00009690: 000a 0011 7efe 0efb 0100 0073 b400 000a  ....~......s....
000096a0: fe0e fc01 0000 d084 0000 0128 8300 000a  ...........(....
000096b0: fe0e fd01 0000 1c8d 7b00 0001 fe0e fe01  ........{.......
000096c0: 0000 fe0c fe01 0000 1611 7fa2 fe0c fe01  ................
000096d0: 0000 1711 83a2 fe0c fe01 0000 1811 8aa2  ................
000096e0: fe0c fe01 0000 1911 8ca2 fe0c fe01 0000  ................
000096f0: 1a11 8da2 fe0c fe01 0000 1b11 8ea2 fe0c  ................
00009700: fe01 0000 7e17 0100 0a11 8f73 b600 000a  ....~......s....
00009710: 25fe 0eff 0100 00fe 0e00 0200 00fe 0cfc  %...............
00009720: 0100 00fe 0cfd 0100 00fe 0cff 0100 006f  ...............o
00009730: b700 000a 00fe 0cfc 0100 00d0 8500 0001  ................
00009740: 2883 0000 0afe 0c00 0200 006f b700 000a  (..........o....
00009750: 00d0 8600 0001 2883 0000 0afe 0e01 0200  ......(.........
00009760: 0073 b800 000a fe0e 0202 0000 fe0c 0202  .s..............
00009770: 0000 7201 0000 7072 e508 0070 6fb9 0000  ..r...pr...po...
00009780: 0a00 fe0c 0202 0000 7231 0900 7072 3509  ........r1..pr5.
00009790: 0070 6fb9 0000 0a00 fe0c 0202 0000 728f  .po...........r.
000097a0: 0900 7072 a509 0070 6fb9 0000 0a00 fe0c  ..pr...po.......
000097b0: 0202 0000 721b 0a00 7072 230a 0070 6fb9  ....r...pr#..po.
000097c0: 0000 0a00 fe0c 0202 0000 72d8 0a00 7072  ..........r...pr
000097d0: e40a 0070 6fb9 0000 0a00 fe0c 0202 0000  ...po...........
000097e0: 722e 0b00 7072 380b 0070 6fb9 0000 0a00  r...pr8..po.....
000097f0: fe0c 0202 0000 728c 0b00 7072 9e0b 0070  ......r...pr...p
00009800: 6fb9 0000 0a00 fe0c 0202 0000 72fa 0b00  o...........r...
00009810: 7072 000c 0070 6fb9 0000 0a00 fe0c 0202  pr...po.........
00009820: 0000 7264 0c00 7072 6a0c 0070 6fb9 0000  ..rd..prj..po...
00009830: 0a00 fe0c 0202 0000 d004 0000 0228 8300  .............(..
00009840: 000a 2884 0000 0a6f 8500 000a 73ba 0000  ..(....o....s...
00009850: 0afe 0e03 0200 00fe 0cfc 0100 00fe 0c01  ................
00009860: 0200 00fe 0c03 0200 006f b700 000a 00fe  .........o......
00009870: 0cfc 0100 00d0 8800 0001 2883 0000 0a20  ..........(.... 
00009880: ec01 0000 1f1d 73bb 0000 0a73 bc00 000a  ......s....s....
00009890: 6fb7 0000 0a00 fe0c fb01 0000 fe0c fc01  o...............
000098a0: 0000 6fcc 0000 0afe 0e04 0200 0011 7ffe  ..o.............
000098b0: 0c04 0200 0074 1600 0001 6f18 0100 0a00  .....t....o.....
000098c0: 117f 7e19 0100 0a7e 1a01 000a 8c2e 0000  ..~....~........
000098d0: 016f af00 000a 0011 7f7e d400 000a 7e02  .o.......~....~.
000098e0: 0100 0a8c 9500 0001 6faf 0000 0a00 1183  ........o.......
000098f0: 6f5b 0000 0a11 7f6f 7d00 000a 0011 827e  o[.....o}......~
00009900: 0101 000a 178c 9300 0001 6faf 0000 0a00  ..........o.....
00009910: 1180 72be 1000 706f b300 000a 0011 80fe  ..r...po........
00009920: 0e05 0200 0073 b400 000a fe0e 0602 0000  .....s..........
00009930: d084 0000 0128 8300 000a fe0e 0702 0000  .....(..........
00009940: 1c8d 7b00 0001 fe0e 0802 0000 fe0c 0802  ..{.............
00009950: 0000 1611 82a2 fe0c 0802 0000 1711 83a2  ................
00009960: fe0c 0802 0000 1811 8aa2 fe0c 0802 0000  ................
00009970: 1911 8ca2 fe0c 0802 0000 1a11 8da2 fe0c  ................
00009980: 0802 0000 1b11 8ea2 fe0c 0802 0000 7eb5  ..............~.
00009990: 0000 0a11 8f73 b600 000a 25fe 0e09 0200  .....s....%.....
000099a0: 00fe 0e0a 0200 00fe 0c06 0200 00fe 0c07  ................
000099b0: 0200 00fe 0c09 0200 006f b700 000a 00fe  .........o......
000099c0: 0c06 0200 00d0 8500 0001 2883 0000 0afe  ..........(.....
000099d0: 0c0a 0200 006f b700 000a 00d0 8600 0001  .....o..........
000099e0: 2883 0000 0afe 0e0b 0200 0073 b800 000a  (..........s....
000099f0: fe0e 0c02 0000 fe0c 0c02 0000 7201 0000  ............r...
00009a00: 7072 e508 0070 6fb9 0000 0a00 fe0c 0c02  pr...po.........
00009a10: 0000 7231 0900 7072 3509 0070 6fb9 0000  ..r1..pr5..po...
00009a20: 0a00 fe0c 0c02 0000 728f 0900 7072 a509  ........r...pr..
00009a30: 0070 6fb9 0000 0a00 fe0c 0c02 0000 721b  .po...........r.
00009a40: 0a00 7072 230a 0070 6fb9 0000 0a00 fe0c  ..pr#..po.......
00009a50: 0c02 0000 72d8 0a00 7072 e40a 0070 6fb9  ....r...pr...po.
00009a60: 0000 0a00 fe0c 0c02 0000 722e 0b00 7072  ..........r...pr
00009a70: 380b 0070 6fb9 0000 0a00 fe0c 0c02 0000  8..po...........
00009a80: 728c 0b00 7072 9e0b 0070 6fb9 0000 0a00  r...pr...po.....
00009a90: fe0c 0c02 0000 72fa 0b00 7072 000c 0070  ......r...pr...p
00009aa0: 6fb9 0000 0a00 fe0c 0c02 0000 7264 0c00  o...........rd..
00009ab0: 7072 6a0c 0070 6fb9 0000 0a00 fe0c 0c02  prj..po.........
00009ac0: 0000 d004 0000 0228 8300 000a 2884 0000  .......(....(...
00009ad0: 0a6f 8500 000a 73ba 0000 0afe 0e0d 0200  .o....s.........
00009ae0: 00fe 0c06 0200 00fe 0c0b 0200 00fe 0c0d  ................
00009af0: 0200 006f b700 000a 00fe 0c06 0200 00d0  ...o............
00009b00: 8800 0001 2883 0000 0a20 f301 0000 1f1d  ....(.... ......
00009b10: 73bb 0000 0a73 bc00 000a 6fb7 0000 0a00  s....s....o.....
00009b20: fe0c 0502 0000 fe0c 0602 0000 6fbd 0000  ............o...
00009b30: 0afe 0e0e 0200 0011 827e b500 000a fe0c  .........~......
00009b40: 0e02 0000 6fbe 0000 0a6f bf00 000a 0011  ....o....o......
00009b50: 827e 1301 000a 7e14 0100 0a8c 2e00 0001  .~....~.........
00009b60: 6faf 0000 0a00 1182 118e fe06 1e00 0006  o...............
00009b70: 73b1 0000 0a6f 1501 000a 0011 827e 1601  s....o.......~..
00009b80: 000a 1f09 8c93 0000 016f af00 000a 0011  .........o......
00009b90: 827e db00 000a 73dc 0000 0a72 e010 0070  .~....s....r...p
00009ba0: 6fcf 0000 0a6f af00 000a 0011 8172 1e11  o....o.......r..
00009bb0: 0070 6fdd 0000 0a00 1181 fe0e 0f02 0000  .po.............
00009bc0: 73b4 0000 0afe 0e10 0200 00d0 8400 0001  s...............
00009bd0: 2883 0000 0afe 0e11 0200 001c 8d7b 0000  (............{..
00009be0: 01fe 0e12 0200 00fe 0c12 0200 0016 1182  ................
00009bf0: a2fe 0c12 0200 0017 1183 a2fe 0c12 0200  ................
00009c00: 0018 118a a2fe 0c12 0200 0019 118c a2fe  ................
00009c10: 0c12 0200 001a 118d a2fe 0c12 0200 001b  ................
00009c20: 118e a2fe 0c12 0200 007e 1701 000a 118f  .........~......
00009c30: 73b6 0000 0a25 fe0e 1302 0000 fe0e 1402  s....%..........
00009c40: 0000 fe0c 1002 0000 fe0c 1102 0000 fe0c  ................
00009c50: 1302 0000 6fb7 0000 0a00 fe0c 1002 0000  ....o...........
00009c60: d085 0000 0128 8300 000a fe0c 1402 0000  .....(..........
00009c70: 6fb7 0000 0a00 d086 0000 0128 8300 000a  o..........(....
00009c80: fe0e 1502 0000 73b8 0000 0afe 0e16 0200  ......s.........
00009c90: 00fe 0c16 0200 0072 0100 0070 72e5 0800  .......r...pr...
00009ca0: 706f b900 000a 00fe 0c16 0200 0072 3109  po...........r1.
00009cb0: 0070 7235 0900 706f b900 000a 00fe 0c16  .pr5..po........
00009cc0: 0200 0072 8f09 0070 72a5 0900 706f b900  ...r...pr...po..
00009cd0: 000a 00fe 0c16 0200 0072 1b0a 0070 7223  .........r...pr#
00009ce0: 0a00 706f b900 000a 00fe 0c16 0200 0072  ..po...........r
00009cf0: d80a 0070 72e4 0a00 706f b900 000a 00fe  ...pr...po......
00009d00: 0c16 0200 0072 2e0b 0070 7238 0b00 706f  .....r...pr8..po
00009d10: b900 000a 00fe 0c16 0200 0072 8c0b 0070  ...........r...p
00009d20: 729e 0b00 706f b900 000a 00fe 0c16 0200  r...po..........
00009d30: 0072 fa0b 0070 7200 0c00 706f b900 000a  .r...pr...po....
00009d40: 00fe 0c16 0200 0072 640c 0070 726a 0c00  .......rd..prj..
00009d50: 706f b900 000a 00fe 0c16 0200 00d0 0400  po..............
00009d60: 0002 2883 0000 0a28 8400 000a 6f85 0000  ..(....(....o...
00009d70: 0a73 ba00 000a fe0e 1702 0000 fe0c 1002  .s..............
00009d80: 0000 fe0c 1502 0000 fe0c 1702 0000 6fb7  ..............o.
00009d90: 0000 0a00 fe0c 1002 0000 d088 0000 0128  ...............(
00009da0: 8300 000a 20f8 0100 001f 1d73 bb00 000a  .... ......s....
00009db0: 73bc 0000 0a6f b700 000a 00fe 0c0f 0200  s....o..........
00009dc0: 00fe 0c10 0200 006f cc00 000a fe0e 1802  .......o........
00009dd0: 0000 1182 fe0c 1802 0000 7416 0000 016f  ..........t....o
00009de0: 1801 000a 0011 827e 1901 000a 7e1a 0100  .......~....~...
00009df0: 0a8c 2e00 0001 6faf 0000 0a00 1182 7ed4  ......o.......~.
00009e00: 0000 0a7e 0201 000a 8c95 0000 016f af00  ...~.........o..
00009e10: 000a 0011 836f 5b00 000a 1182 6f7d 0000  .....o[.....o}..
00009e20: 0a00 118a 6f07 0100 0a11 836f 7d00 000a  ....o......o}...
00009e30: 0011 867e d200 000a 168c 9300 0001 6faf  ...~..........o.
00009e40: 0000 0a00 1186 7e01 0100 0a16 8c93 0000  ......~.........
00009e50: 016f af00 000a 0011 867e 0c01 000a 188c  .o.......~......
00009e60: 9300 0001 6faf 0000 0a00 1184 7252 1100  ....o.......rR..
00009e70: 706f b300 000a 0011 84fe 0e19 0200 0073  po.............s
00009e80: b400 000a fe0e 1a02 0000 d084 0000 0128  ...............(
00009e90: 8300 000a fe0e 1b02 0000 1b8d 7b00 0001  ............{...
00009ea0: fe0e 1c02 0000 fe0c 1c02 0000 1611 86a2  ................
00009eb0: fe0c 1c02 0000 1711 8aa2 fe0c 1c02 0000  ................
00009ec0: 1811 8ca2 fe0c 1c02 0000 1911 8da2 fe0c  ................
00009ed0: 1c02 0000 1a11 8ea2 fe0c 1c02 0000 7eb5  ..............~.
00009ee0: 0000 0a11 8f73 b600 000a 25fe 0e1d 0200  .....s....%.....
00009ef0: 00fe 0e1e 0200 00fe 0c1a 0200 00fe 0c1b  ................
00009f00: 0200 00fe 0c1d 0200 006f b700 000a 00fe  .........o......
00009f10: 0c1a 0200 00d0 8500 0001 2883 0000 0afe  ..........(.....
00009f20: 0c1e 0200 006f b700 000a 00d0 8600 0001  .....o..........
00009f30: 2883 0000 0afe 0e1f 0200 0073 b800 000a  (..........s....
00009f40: fe0e 2002 0000 fe0c 2002 0000 7201 0000  .. ..... ...r...
00009f50: 7072 e508 0070 6fb9 0000 0a00 fe0c 2002  pr...po....... .
00009f60: 0000 7231 0900 7072 3509 0070 6fb9 0000  ..r1..pr5..po...
00009f70: 0a00 fe0c 2002 0000 728f 0900 7072 a509  .... ...r...pr..
00009f80: 0070 6fb9 0000 0a00 fe0c 2002 0000 721b  .po....... ...r.
00009f90: 0a00 7072 230a 0070 6fb9 0000 0a00 fe0c  ..pr#..po.......
00009fa0: 2002 0000 72d8 0a00 7072 e40a 0070 6fb9   ...r...pr...po.
00009fb0: 0000 0a00 fe0c 2002 0000 722e 0b00 7072  ...... ...r...pr
00009fc0: 380b 0070 6fb9 0000 0a00 fe0c 2002 0000  8..po....... ...
00009fd0: 728c 0b00 7072 9e0b 0070 6fb9 0000 0a00  r...pr...po.....
00009fe0: fe0c 2002 0000 72fa 0b00 7072 000c 0070  .. ...r...pr...p
00009ff0: 6fb9 0000 0a00 fe0c 2002 0000 7264 0c00  o....... ...rd..
0000a000: 7072 6a0c 0070 6fb9 0000 0a00 fe0c 2002  prj..po....... .
0000a010: 0000 d004 0000 0228 8300 000a 2884 0000  .......(....(...
0000a020: 0a6f 8500 000a 73ba 0000 0afe 0e21 0200  .o....s......!..
0000a030: 00fe 0c1a 0200 00fe 0c1f 0200 00fe 0c21  ...............!
0000a040: 0200 006f b700 000a 00fe 0c1a 0200 00d0  ...o............
0000a050: 8800 0001 2883 0000 0a20 0402 0000 1f19  ....(.... ......
0000a060: 73bb 0000 0a73 bc00 000a 6fb7 0000 0a00  s....s....o.....
0000a070: fe0c 1902 0000 fe0c 1a02 0000 6fbd 0000  ............o...
0000a080: 0afe 0e22 0200 0011 867e b500 000a fe0c  ...".....~......
0000a090: 2202 0000 6fbe 0000 0a6f bf00 000a 0011  "...o....o......
0000a0a0: 867e 1301 000a 7e14 0100 0a8c 2e00 0001  .~....~.........
0000a0b0: 6faf 0000 0a00 1186 118e fe06 1d00 0006  o...............
0000a0c0: 73b1 0000 0a6f 1501 000a 0011 867e 1601  s....o.......~..
0000a0d0: 000a 1f09 8c93 0000 016f af00 000a 0011  .........o......
0000a0e0: 867e db00 000a 73dc 0000 0a72 e20d 0070  .~....s....r...p
0000a0f0: 6fcf 0000 0a6f af00 000a 0011 8572 7011  o....o.......rp.
0000a100: 0070 6fdd 0000 0a00 1185 fe0e 2302 0000  .po.........#...
0000a110: 73b4 0000 0afe 0e24 0200 00d0 8400 0001  s......$........
0000a120: 2883 0000 0afe 0e25 0200 001b 8d7b 0000  (......%.....{..
0000a130: 01fe 0e26 0200 00fe 0c26 0200 0016 1186  ...&.....&......
0000a140: a2fe 0c26 0200 0017 118a a2fe 0c26 0200  ...&.........&..
0000a150: 0018 118c a2fe 0c26 0200 0019 118d a2fe  .......&........
0000a160: 0c26 0200 001a 118e a2fe 0c26 0200 007e  .&.........&...~
0000a170: 1701 000a 118f 73b6 0000 0a25 fe0e 2702  ......s....%..'.
0000a180: 0000 fe0e 2802 0000 fe0c 2402 0000 fe0c  ....(.....$.....
0000a190: 2502 0000 fe0c 2702 0000 6fb7 0000 0a00  %.....'...o.....
0000a1a0: fe0c 2402 0000 d085 0000 0128 8300 000a  ..$........(....
0000a1b0: fe0c 2802 0000 6fb7 0000 0a00 d086 0000  ..(...o.........
0000a1c0: 0128 8300 000a fe0e 2902 0000 73b8 0000  .(......)...s...
0000a1d0: 0afe 0e2a 0200 00fe 0c2a 0200 0072 0100  ...*.....*...r..
0000a1e0: 0070 72e5 0800 706f b900 000a 00fe 0c2a  .pr...po.......*
0000a1f0: 0200 0072 3109 0070 7235 0900 706f b900  ...r1..pr5..po..
0000a200: 000a 00fe 0c2a 0200 0072 8f09 0070 72a5  .....*...r...pr.
0000a210: 0900 706f b900 000a 00fe 0c2a 0200 0072  ..po.......*...r
0000a220: 1b0a 0070 7223 0a00 706f b900 000a 00fe  ...pr#..po......
0000a230: 0c2a 0200 0072 d80a 0070 72e4 0a00 706f  .*...r...pr...po
0000a240: b900 000a 00fe 0c2a 0200 0072 2e0b 0070  .......*...r...p
0000a250: 7238 0b00 706f b900 000a 00fe 0c2a 0200  r8..po.......*..
0000a260: 0072 8c0b 0070 729e 0b00 706f b900 000a  .r...pr...po....
0000a270: 00fe 0c2a 0200 0072 fa0b 0070 7200 0c00  ...*...r...pr...
0000a280: 706f b900 000a 00fe 0c2a 0200 0072 640c  po.......*...rd.
0000a290: 0070 726a 0c00 706f b900 000a 00fe 0c2a  .prj..po.......*
0000a2a0: 0200 00d0 0400 0002 2883 0000 0a28 8400  ........(....(..
0000a2b0: 000a 6f85 0000 0a73 ba00 000a fe0e 2b02  ..o....s......+.
0000a2c0: 0000 fe0c 2402 0000 fe0c 2902 0000 fe0c  ....$.....).....
0000a2d0: 2b02 0000 6fb7 0000 0a00 fe0c 2402 0000  +...o.......$...
0000a2e0: d088 0000 0128 8300 000a 2009 0200 001f  .....(.... .....
0000a2f0: 1973 bb00 000a 73bc 0000 0a6f b700 000a  .s....s....o....
0000a300: 00fe 0c23 0200 00fe 0c24 0200 006f cc00  ...#.....$...o..
0000a310: 000a fe0e 2c02 0000 1186 fe0c 2c02 0000  ....,.......,...
0000a320: 7416 0000 016f 1801 000a 0011 867e 1901  t....o.......~..
0000a330: 000a 7e1a 0100 0a8c 2e00 0001 6faf 0000  ..~.........o...
0000a340: 0a00 1186 7ed4 0000 0a7e 0201 000a 8c95  ....~....~......
0000a350: 0000 016f af00 000a 0011 8a6f 0701 000a  ...o.......o....
0000a360: 1186 6f7d 0000 0a00 1189 7ed2 0000 0a16  ..o}......~.....
0000a370: 8c93 0000 016f af00 000a 0011 897e 0101  .....o.......~..
0000a380: 000a 168c 9300 0001 6faf 0000 0a00 1189  ........o.......
0000a390: 7e0c 0100 0a18 8c93 0000 016f af00 000a  ~..........o....
0000a3a0: 0011 8772 5211 0070 6fb3 0000 0a00 1187  ...rR..po.......
0000a3b0: fe0e 2d02 0000 73b4 0000 0afe 0e2e 0200  ..-...s.........
0000a3c0: 00d0 8400 0001 2883 0000 0afe 0e2f 0200  ......(....../..
0000a3d0: 001b 8d7b 0000 01fe 0e30 0200 00fe 0c30  ...{.....0.....0
0000a3e0: 0200 0016 1189 a2fe 0c30 0200 0017 118a  .........0......
0000a3f0: a2fe 0c30 0200 0018 118c a2fe 0c30 0200  ...0.........0..
0000a400: 0019 118d a2fe 0c30 0200 001a 118e a2fe  .......0........
0000a410: 0c30 0200 007e b500 000a 118f 73b6 0000  .0...~......s...
0000a420: 0a25 fe0e 3102 0000 fe0e 3202 0000 fe0c  .%..1.....2.....
0000a430: 2e02 0000 fe0c 2f02 0000 fe0c 3102 0000  ....../.....1...
0000a440: 6fb7 0000 0a00 fe0c 2e02 0000 d085 0000  o...............
0000a450: 0128 8300 000a fe0c 3202 0000 6fb7 0000  .(......2...o...
0000a460: 0a00 d086 0000 0128 8300 000a fe0e 3302  .......(......3.
0000a470: 0000 73b8 0000 0afe 0e34 0200 00fe 0c34  ..s......4.....4
0000a480: 0200 0072 0100 0070 72e5 0800 706f b900  ...r...pr...po..
0000a490: 000a 00fe 0c34 0200 0072 3109 0070 7235  .....4...r1..pr5
0000a4a0: 0900 706f b900 000a 00fe 0c34 0200 0072  ..po.......4...r
0000a4b0: 8f09 0070 72a5 0900 706f b900 000a 00fe  ...pr...po......
0000a4c0: 0c34 0200 0072 1b0a 0070 7223 0a00 706f  .4...r...pr#..po
0000a4d0: b900 000a 00fe 0c34 0200 0072 d80a 0070  .......4...r...p
0000a4e0: 72e4 0a00 706f b900 000a 00fe 0c34 0200  r...po.......4..
0000a4f0: 0072 2e0b 0070 7238 0b00 706f b900 000a  .r...pr8..po....
0000a500: 00fe 0c34 0200 0072 8c0b 0070 729e 0b00  ...4...r...pr...
0000a510: 706f b900 000a 00fe 0c34 0200 0072 fa0b  po.......4...r..
0000a520: 0070 7200 0c00 706f b900 000a 00fe 0c34  .pr...po.......4
0000a530: 0200 0072 640c 0070 726a 0c00 706f b900  ...rd..prj..po..
0000a540: 000a 00fe 0c34 0200 00d0 0400 0002 2883  .....4........(.
0000a550: 0000 0a28 8400 000a 6f85 0000 0a73 ba00  ...(....o....s..
0000a560: 000a fe0e 3502 0000 fe0c 2e02 0000 fe0c  ....5...........
0000a570: 3302 0000 fe0c 3502 0000 6fb7 0000 0a00  3.....5...o.....
0000a580: fe0c 2e02 0000 d088 0000 0128 8300 000a  ...........(....
0000a590: 2012 0200 001f 1973 bb00 000a 73bc 0000   ......s....s...
0000a5a0: 0a6f b700 000a 00fe 0c2d 0200 00fe 0c2e  .o.......-......
0000a5b0: 0200 006f bd00 000a fe0e 3602 0000 1189  ...o......6.....
0000a5c0: 7eb5 0000 0afe 0c36 0200 006f be00 000a  ~......6...o....
0000a5d0: 6fbf 0000 0a00 1189 7e13 0100 0a7e 1401  o.......~....~..
0000a5e0: 000a 8c2e 0000 016f af00 000a 0011 8911  .......o........
0000a5f0: 8efe 061f 0000 0673 b100 000a 6f15 0100  .......s....o...
0000a600: 0a00 1189 7e16 0100 0a1f 098c 9300 0001  ....~...........
0000a610: 6faf 0000 0a00 1189 7edb 0000 0a73 dc00  o.......~....s..
0000a620: 000a 72e2 0d00 706f cf00 000a 6faf 0000  ..r...po....o...
0000a630: 0a00 1188 72aa 1100 706f dd00 000a 0011  ....r...po......
0000a640: 88fe 0e37 0200 0073 b400 000a fe0e 3802  ...7...s......8.
0000a650: 0000 d084 0000 0128 8300 000a fe0e 3902  .......(......9.
0000a660: 0000 1b8d 7b00 0001 fe0e 3a02 0000 fe0c  ....{.....:.....
0000a670: 3a02 0000 1611 89a2 fe0c 3a02 0000 1711  :.........:.....
0000a680: 8aa2 fe0c 3a02 0000 1811 8ca2 fe0c 3a02  ....:.........:.
0000a690: 0000 1911 8da2 fe0c 3a02 0000 1a11 8ea2  ........:.......
0000a6a0: fe0c 3a02 0000 7e17 0100 0a11 8f73 b600  ..:...~......s..
0000a6b0: 000a 25fe 0e3b 0200 00fe 0e3c 0200 00fe  ..%..;.....<....
0000a6c0: 0c38 0200 00fe 0c39 0200 00fe 0c3b 0200  .8.....9.....;..
0000a6d0: 006f b700 000a 00fe 0c38 0200 00d0 8500  .o.......8......
0000a6e0: 0001 2883 0000 0afe 0c3c 0200 006f b700  ..(......<...o..
0000a6f0: 000a 00d0 8600 0001 2883 0000 0afe 0e3d  ........(......=
0000a700: 0200 0073 b800 000a fe0e 3e02 0000 fe0c  ...s......>.....
0000a710: 3e02 0000 7201 0000 7072 e508 0070 6fb9  >...r...pr...po.
0000a720: 0000 0a00 fe0c 3e02 0000 7231 0900 7072  ......>...r1..pr
0000a730: 3509 0070 6fb9 0000 0a00 fe0c 3e02 0000  5..po.......>...
0000a740: 728f 0900 7072 a509 0070 6fb9 0000 0a00  r...pr...po.....
0000a750: fe0c 3e02 0000 721b 0a00 7072 230a 0070  ..>...r...pr#..p
0000a760: 6fb9 0000 0a00 fe0c 3e02 0000 72d8 0a00  o.......>...r...
0000a770: 7072 e40a 0070 6fb9 0000 0a00 fe0c 3e02  pr...po.......>.
0000a780: 0000 722e 0b00 7072 380b 0070 6fb9 0000  ..r...pr8..po...
0000a790: 0a00 fe0c 3e02 0000 728c 0b00 7072 9e0b  ....>...r...pr..
0000a7a0: 0070 6fb9 0000 0a00 fe0c 3e02 0000 72fa  .po.......>...r.
0000a7b0: 0b00 7072 000c 0070 6fb9 0000 0a00 fe0c  ..pr...po.......
0000a7c0: 3e02 0000 7264 0c00 7072 6a0c 0070 6fb9  >...rd..prj..po.
0000a7d0: 0000 0a00 fe0c 3e02 0000 d004 0000 0228  ......>........(
0000a7e0: 8300 000a 2884 0000 0a6f 8500 000a 73ba  ....(....o....s.
0000a7f0: 0000 0afe 0e3f 0200 00fe 0c38 0200 00fe  .....?.....8....
0000a800: 0c3d 0200 00fe 0c3f 0200 006f b700 000a  .=.....?...o....
0000a810: 00fe 0c38 0200 00d0 8800 0001 2883 0000  ...8........(...
0000a820: 0a20 1702 0000 1f19 73bb 0000 0a73 bc00  . ......s....s..
0000a830: 000a 6fb7 0000 0a00 fe0c 3702 0000 fe0c  ..o.......7.....
0000a840: 3802 0000 6fcc 0000 0afe 0e40 0200 0011  8...o......@....
0000a850: 89fe 0c40 0200 0074 1600 0001 6f18 0100  ...@...t....o...
0000a860: 0a00 1189 7e19 0100 0a7e 1a01 000a 8c2e  ....~....~......
0000a870: 0000 016f af00 000a 0011 897e d400 000a  ...o.......~....
0000a880: 7e02 0100 0a8c 9500 0001 6faf 0000 0a00  ~.........o.....
0000a890: 118a 6f07 0100 0a11 896f 7d00 000a 0011  ..o......o}.....
0000a8a0: 8c6f 5b00 000a 118a 6f7d 0000 0a00 118b  .o[.....o}......
0000a8b0: 7ed2 0000 0a19 8c93 0000 016f af00 000a  ~..........o....
0000a8c0: 0011 8b7e db00 000a 73dc 0000 0a72 dc11  ...~....s....r..
0000a8d0: 0070 6fcf 0000 0a6f af00 000a 0011 8b7e  .po....o.......~
0000a8e0: d400 000a 7e02 0100 0a8c 9500 0001 6faf  ....~.........o.
0000a8f0: 0000 0a00 118c 6f5b 0000 0a11 8b6f 7d00  ......o[.....o}.
0000a900: 000a 0011 8d6f 5b00 000a 118c 6f7d 0000  .....o[.....o}..
0000a910: 0a00 118e 7e1b 0100 0a11 8d6f af00 000a  ....~......o....
0000a920: 0000 2a00 1330 0300 8901 0000 0000 0000  ..*..0..........
0000a930: 0002 d004 0000 0228 8300 000a 282a 0000  .......(....(*..
0000a940: 2b26 0202 7249 0500 7028 2b00 002b 7d05  +&..rI..p(+..+}.
0000a950: 0000 0402 0272 5305 0070 282c 0000 2b7d  .....rS..p(,..+}
0000a960: 0600 0004 0202 726b 0500 7028 2d00 002b  ......rk..p(-..+
0000a970: 7d07 0000 0402 0272 8b05 0070 282e 0000  }......r...p(...
0000a980: 2b7d 0800 0004 0202 729b 0500 7028 2d00  +}......r...p(-.
0000a990: 002b 7d09 0000 0402 0272 b505 0070 282c  .+}......r...p(,
0000a9a0: 0000 2b7d 0a00 0004 0202 72d5 0500 7028  ..+}......r...p(
0000a9b0: 2f00 002b 7d0b 0000 0402 0272 f105 0070  /..+}......r...p
0000a9c0: 282f 0000 2b7d 0c00 0004 0202 7221 0600  (/..+}......r!..
0000a9d0: 7028 3000 002b 7d0d 0000 0402 0272 3106  p(0..+}......r1.
0000a9e0: 0070 282d 0000 2b7d 0e00 0004 0202 7241  .p(-..+}......rA
0000a9f0: 0600 7028 2d00 002b 7d0f 0000 0402 0272  ..p(-..+}......r
0000aa00: 5b06 0070 282c 0000 2b7d 1000 0004 0202  [..p(,..+}......
0000aa10: 7283 0600 7028 2c00 002b 7d11 0000 0402  r...p(,..+}.....
0000aa20: 0272 ad06 0070 282d 0000 2b7d 1200 0004  .r...p(-..+}....
0000aa30: 0202 72c5 0600 7028 2d00 002b 7d13 0000  ..r...p(-..+}...
0000aa40: 0402 0272 dd06 0070 282d 0000 2b7d 1400  ...r...p(-..+}..
0000aa50: 0004 0202 72ef 0600 7028 3000 002b 7d15  ....r...p(0..+}.
0000aa60: 0000 0402 0272 1507 0070 2831 0000 2b7d  .....r...p(1..+}
0000aa70: 1600 0004 0202 722b 0700 7028 3100 002b  ......r+..p(1..+
0000aa80: 7d17 0000 0402 0272 5107 0070 2831 0000  }......rQ..p(1..
0000aa90: 2b7d 1800 0004 0202 726d 0700 7028 3100  +}......rm..p(1.
0000aaa0: 002b 7d19 0000 0402 0272 9107 0070 2832  .+}......r...p(2
0000aab0: 0000 2b7d 1a00 0004 2a4e 0202 7b02 0000  ..+}....*N..{...
0000aac0: 047e 1e01 000a 2808 0000 0600 2a4e 0202  .~....(.....*N..
0000aad0: 7b04 0000 047e 1e01 000a 2807 0000 0600  {....~....(.....
0000aae0: 2a4e 0202 7b03 0000 047e 1e01 000a 2806  *N..{....~....(.
0000aaf0: 0000 0600 2a00 0000 1330 0200 2d00 0000  ....*....0..-...
0000ab00: 2d00 0011 7343 0000 060a 0628 0c00 000a  -...sC.....(....
0000ab10: 7d1d 0000 0406 027d 1e00 0004 0615 7d1c  }......}......}.
0000ab20: 0000 0406 7c1d 0000 0412 0028 3300 002b  ....|......(3..+
0000ab30: 2a22 0228 2000 0006 002a 0000 1330 0200  *".( ....*...0..
0000ab40: 2d00 0000 2e00 0011 7346 0000 060a 0628  -.......sF.....(
0000ab50: 0c00 000a 7d20 0000 0406 027d 2100 0004  ....} .....}!...
0000ab60: 0615 7d1f 0000 0406 7c20 0000 0412 0028  ..}.....| .....(
0000ab70: 3400 002b 2a22 0228 3600 0006 002a 2202  4..+*".(6....*".
0000ab80: 2820 0100 0a00 2a00 1b30 0200 4800 0000  ( ....*..0..H...
0000ab90: 2f00 0011 027b 1c00 0004 0a02 7b1e 0000  /....{......{...
0000aba0: 047b 1a00 0004 176f 1900 000a 00de 180b  .{.....o........
0000abb0: 021f fe7d 1c00 0004 027c 1d00 0004 0728  ...}.....|.....(
0000abc0: 2101 000a 00de 1402 1ffe 7d1c 0000 0402  !.........}.....
0000abd0: 7c1d 0000 0428 2201 000a 002a 0110 0000  |....("....*....
0000abe0: 0000 0700 141b 0018 1f00 0001 062a 0000  .............*..
0000abf0: 1b30 0300 e201 0000 3000 0011 027b 1f00  .0......0....{..
0000ac00: 0004 0a06 2c08 2b00 0617 2e07 2b0a 38a0  ....,.+.....+.8.
0000ac10: 0000 0038 0001 0000 0002 7b21 0000 047b  ...8......{!...{
0000ac20: 1800 0004 166f 5400 000a 0002 7b21 0000  .....oT.....{!..
0000ac30: 047b 1600 0004 166f 5400 000a 0002 7b21  .{.....oT.....{!
0000ac40: 0000 047b 1900 0004 166f 5400 000a 0002  ...{.....oT.....
0000ac50: 7b21 0000 047b 1700 0004 166f 5400 000a  {!...{.....oT...
0000ac60: 0002 7b21 0000 047b 0900 0004 176f 1900  ..{!...{.....o..
0000ac70: 000a 007e 2f00 000a 6f26 0100 0a6f 2701  ...~/...o&...o'.
0000ac80: 000a 0b12 0128 2801 000a 2d43 0216 250a  .....((...-C..%.
0000ac90: 7d1f 0000 0402 077d 2400 0004 020c 027c  }......}$......|
0000aca0: 2000 0004 1201 1202 2835 0000 2b00 dd2a   .......(5..+..*
0000acb0: 0100 0002 7b24 0000 040b 027c 2400 0004  ....{$.....|$...
0000acc0: fe15 ae00 0001 0215 250a 7d1f 0000 0412  ........%.}.....
0000acd0: 0128 2a01 000a 0002 7b21 0000 0428 2800  .(*.....{!...((.
0000ace0: 0006 6f2b 0100 0a0d 1203 282c 0100 0a2d  ..o+......(,...-
0000acf0: 4302 1725 0a7d 1f00 0004 0209 7d25 0000  C..%.}......}%..
0000ad00: 0402 0c02 7c20 0000 0412 0312 0228 3600  ....| .......(6.
0000ad10: 002b 00dd c500 0000 027b 2500 0004 0d02  .+.......{%.....
0000ad20: 7c25 0000 04fe 152a 0000 1b02 1525 0a7d  |%.....*.....%.}
0000ad30: 1f00 0004 0212 0328 2d01 000a 7d23 0000  .......(-...}#..
0000ad40: 0402 027b 2300 0004 2d03 162b 0117 7d22  ...{#...-..+..}"
0000ad50: 0000 0402 7b21 0000 047b 1800 0004 176f  ....{!...{.....o
0000ad60: 5400 000a 0002 7b21 0000 047b 1600 0004  T.....{!...{....
0000ad70: 176f 5400 000a 0002 7b21 0000 047b 1900  .oT.....{!...{..
0000ad80: 0004 176f 5400 000a 0002 7b21 0000 047b  ...oT.....{!...{
0000ad90: 1700 0004 176f 5400 000a 0002 7b21 0000  .....oT.....{!..
0000ada0: 047b 0900 0004 166f 1900 000a 00de 1a13  .{.....o........
0000adb0: 0402 1ffe 7d1f 0000 0402 7c20 0000 0411  ....}.....| ....
0000adc0: 0428 2101 000a 00de 1402 1ffe 7d1f 0000  .(!.........}...
0000add0: 0402 7c20 0000 0428 2201 000a 002a 0000  ..| ...("....*..
0000ade0: 411c 0000 0000 0000 0700 0000 ac01 0000  A...............
0000adf0: b301 0000 1a00 0000 1f00 0001 2e73 4a00  .............sJ.
0000ae00: 0006 8026 0000 042a 2e03 6f7b 0000 0a1f  ...&...*..o{....
0000ae10: 0ffe 012a 1e28 2e01 000a 002a 4a28 4d00  ...*.(.....*J(M.
0000ae20: 000a 252d 0326 2b06 6f4e 0000 0a00 2a2a  ..%-.&+.oN....**
0000ae30: 0375 3000 0001 14fe 032a 1e03 7530 0000  .u0......*..u0..
0000ae40: 012a 6e03 7559 0000 012c 1103 7559 0000  .*n.uY...,..uY..
0000ae50: 016f 2f01 000a 1f0e fe01 2b01 162a 0000  .o/.......+..*..
0000ae60: 1330 0200 3000 0000 0a00 0011 0028 0400  .0..0........(..
0000ae70: 0006 2c0f 2804 0000 067b 0b00 0004 14fe  ..,.(....{......
0000ae80: 012b 0117 0a06 2c02 2b11 2804 0000 067b  .+....,.+.(....{
0000ae90: 0b00 0004 176f 1900 000a 002a 1330 0200  .....o.....*.0..
0000aea0: 3000 0000 0a00 0011 0028 0400 0006 2c0f  0........(....,.
0000aeb0: 2804 0000 067b 0b00 0004 14fe 012b 0117  (....{.......+..
0000aec0: 0a06 2c02 2b11 2804 0000 067b 0b00 0004  ..,.+.(....{....
0000aed0: 166f 1900 000a 002a 1e28 3001 000a 002a  .o.....*.(0....*
0000aee0: 6203 6f31 0100 0a2c 0e03 75b2 0000 0114  b.o1...,..u.....
0000aef0: fe03 16fe 012b 0116 2a1e 036f 3201 000a  .....+..*..o2...
0000af00: 2a2e 036f 7b00 000a 1f0d fe01 2a2e 036f  *..o{.......*..o
0000af10: 7b00 000a 1f0a fe01 2a2e 036f 7b00 000a  {.......*..o{...
0000af20: 1f09 fe01 2a00 0000 1330 0200 2000 0000  ....*....0.. ...
0000af30: 3100 0011 0003 0a06 2d09 1616 7333 0100  1.......-...s3..
0000af40: 0a2b 0c06 6f34 0100 0a17 7333 0100 0a0b  .+..o4....s3....
0000af50: 2b00 072a 0a03 2a00 1330 0200 2000 0000  +..*..*..0.. ...
0000af60: 3200 0011 0003 0a06 2d09 1416 7335 0100  2.......-...s5..
0000af70: 0a2b 0c06 6f36 0100 0a17 7335 0100 0a0b  .+..o6....s5....
0000af80: 2b00 072a 1330 0200 2000 0000 3300 0011  +..*.0.. ...3...
0000af90: 0003 0a06 2d09 1616 7337 0100 0a2b 0c06  ....-...s7...+..
0000afa0: 6f38 0100 0a17 7337 0100 0a0b 2b00 072a  o8....s7....+..*
0000afb0: 1330 0200 1600 0000 3400 0011 0003 0a06  .0......4.......
0000afc0: 14fe 010b 072c 022b 0806 046f 3901 000a  .....,.+...o9...
0000afd0: 002a 0000 1330 0200 2000 0000 3500 0011  .*...0.. ...5...
0000afe0: 0003 0a06 2d09 1416 733a 0100 0a2b 0c06  ....-...s:...+..
0000aff0: 6f3b 0100 0a17 733a 0100 0a0b 2b00 072a  o;....s:....+..*
0000b000: 1330 0200 2000 0000 3600 0011 0003 0a06  .0.. ...6.......
0000b010: 2d09 1616 7333 0100 0a2b 0c06 6f3c 0100  -...s3...+..o<..
0000b020: 0a17 7333 0100 0a0b 2b00 072a 1330 0200  ..s3....+..*.0..
0000b030: 2000 0000 3500 0011 0003 0a06 2d09 1416   ...5.......-...
0000b040: 733a 0100 0a2b 0c06 6f3d 0100 0a17 733a  s:...+..o=....s:
0000b050: 0100 0a0b 2b00 072a 1330 0200 2000 0000  ....+..*.0.. ...
0000b060: 3600 0011 0003 0a06 2d09 1616 7333 0100  6.......-...s3..
0000b070: 0a2b 0c06 6f3e 0100 0a17 7333 0100 0a0b  .+..o>....s3....
0000b080: 2b00 072a 1330 0200 2000 0000 3500 0011  +..*.0.. ...5...
0000b090: 0003 0a06 2d09 1416 733a 0100 0a2b 0c06  ....-...s:...+..
0000b0a0: 6f3f 0100 0a17 733a 0100 0a0b 2b00 072a  o?....s:....+..*
0000b0b0: 1330 0200 2000 0000 3600 0011 0003 0a06  .0.. ...6.......
0000b0c0: 2d09 1616 7333 0100 0a2b 0c06 6f40 0100  -...s3...+..o@..
0000b0d0: 0a17 7333 0100 0a0b 2b00 072a 1330 0200  ..s3....+..*.0..
0000b0e0: 2000 0000 3500 0011 0003 0a06 2d09 1416   ...5.......-...
0000b0f0: 733a 0100 0a2b 0c06 6f41 0100 0a17 733a  s:...+..oA....s:
0000b100: 0100 0a0b 2b00 072a 1b30 0300 5301 0000  ....+..*.0..S...
0000b110: 3700 0011 0020 f401 0000 2842 0100 0a6f  7.... ....(B...o
0000b120: 4301 000a 0000 2844 0100 0a00 00de 0526  C.....(D.......&
0000b130: 0000 de00 0000 027b 4d00 0004 2828 0000  .......{M...((..
0000b140: 0626 00de 0526 0000 de00 2853 0000 0a2d  .&...&....(S...-
0000b150: 0316 2b01 170a 7e2f 0000 0a6f 3a00 000a  ..+...~/...o:...
0000b160: 252d 0326 2b06 2845 0100 0a00 0000 2846  %-.&+.(E......(F
0000b170: 0100 0a00 00de 050b 0000 de00 0228 4701  .............(G.
0000b180: 000a 7d4e 0000 0402 7b4e 0000 040c 0839  ..}N....{N.....9
0000b190: c600 0000 0028 1700 000a 6f48 0100 0a72  .....(....oH...r
0000b1a0: e611 0070 2849 0100 0a16 fe01 0d09 2c4f  ...p(I........,O
0000b1b0: 0073 6700 000a 1304 1104 6f69 0000 0a7e  .sg.......oi...~
0000b1c0: 2700 0004 252d 1726 7e26 0000 04fe 064b  '...%-.&~&.....K
0000b1d0: 0000 0673 6a00 000a 2580 2700 0004 2829  ...sj...%.'...()
0000b1e0: 0000 2b17 6f4a 0100 0a00 1104 6f4b 0100  ..+.oJ......oK..
0000b1f0: 0a00 027b 4d00 0004 2836 0000 0600 0002  ...{M...(6......
0000b200: 7b4f 0000 0425 2d18 2602 02fe 0673 0000  {O...%-.&....s..
0000b210: 0673 0700 000a 2513 057d 4f00 0004 1105  .s....%..}O.....
0000b220: 281a 0000 0a00 284c 0100 0a00 284d 0100  (.....(L....(M..
0000b230: 0a00 027b 5000 0004 252d 1826 0202 fe06  ...{P...%-.&....
0000b240: 7400 0006 7307 0000 0a25 1305 7d50 0000  t...s....%..}P..
0000b250: 0411 0528 1a00 000a 0000 027b 4d00 0004  ...(.......{M...
0000b260: 2810 0000 0600 2a00 0128 0000 0000 1100  (.....*..(......
0000b270: 0a1b 0005 7b00 0001 0000 2100 1031 0005  ....{.....!..1..
0000b280: 7b00 0001 0000 5900 0a63 0005 1f00 0001  {.....Y..c......
0000b290: 4e02 7b4d 0000 047b 0b00 0004 176f 1900  N.{M...{.....o..
0000b2a0: 000a 002a 4e02 7b4d 0000 047b 0b00 0004  ...*N.{M...{....
0000b2b0: 166f 1900 000a 002a 3602 7b4d 0000 0428  .o.....*6.{M...(
0000b2c0: 1300 0006 002a 0000 1330 0200 3800 0000  .....*...0..8...
0000b2d0: 3800 0011 7377 0000 060a 0628 1000 000a  8...sw.....(....
0000b2e0: 7d52 0000 0406 027d 5300 0004 0615 7d51  }R.....}S.....}Q
0000b2f0: 0000 0406 7c52 0000 0412 0028 3700 002b  ....|R.....(7..+
0000b300: 067c 5200 0004 2812 0000 0a2a 1b30 0300  .|R...(....*.0..
0000b310: 9601 0000 3900 0011 027b 5100 0004 0a06  ....9....{Q.....
0000b320: 4503 0000 0002 0000 0004 0000 0009 0000  E...............
0000b330: 002b 0c2b 5138 ab00 0000 3819 0100 0000  .+.+Q8....8.....
0000b340: 027b 5300 0004 7b4d 0000 0428 0b00 0006  .{S...{M...(....
0000b350: 6f27 0100 0a0b 1201 2828 0100 0a2d 4302  o'......((...-C.
0000b360: 1625 0a7d 5100 0004 0207 7d54 0000 0402  .%.}Q.....}T....
0000b370: 0c02 7c52 0000 0412 0112 0228 3800 002b  ..|R.......(8..+
0000b380: 00dd 2701 0000 027b 5400 0004 0b02 7c54  ..'....{T.....|T
0000b390: 0000 04fe 15ae 0000 0102 1525 0a7d 5100  ...........%.}Q.
0000b3a0: 0004 1201 282a 0100 0a00 284f 0100 0a6f  ....(*....(O...o
0000b3b0: 2701 000a 0d12 0328 2801 000a 2d43 0217  '......((...-C..
0000b3c0: 250a 7d51 0000 0402 097d 5400 0004 020c  %.}Q.....}T.....
0000b3d0: 027c 5200 0004 1203 1202 2838 0000 2b00  .|R.......(8..+.
0000b3e0: ddc8 0000 0002 7b54 0000 040d 027c 5400  ......{T.....|T.
0000b3f0: 0004 fe15 ae00 0001 0215 250a 7d51 0000  ..........%.}Q..
0000b400: 0412 0328 2a01 000a 0028 1700 000a 6f50  ...(*....(....oP
0000b410: 0100 0a16 fe01 1304 1104 2c02 de7b 2851  ..........,..{(Q
0000b420: 0100 0a6f 2701 000a 1305 1205 2828 0100  ...o'.......((..
0000b430: 0a2d 4202 1825 0a7d 5100 0004 0211 057d  .-B..%.}Q......}
0000b440: 5400 0004 020c 027c 5200 0004 1205 1202  T......|R.......
0000b450: 2838 0000 2b00 de55 027b 5400 0004 1305  (8..+..U.{T.....
0000b460: 027c 5400 0004 fe15 ae00 0001 0215 250a  .|T...........%.
0000b470: 7d51 0000 0412 0528 2a01 000a 00de 1a13  }Q.....(*.......
0000b480: 0602 1ffe 7d51 0000 0402 7c52 0000 0411  ....}Q....|R....
0000b490: 0628 5201 000a 00de 1402 1ffe 7d51 0000  .(R.........}Q..
0000b4a0: 0402 7c52 0000 0428 5301 000a 002a 0000  ..|R...(S....*..
0000b4b0: 411c 0000 0000 0000 0700 0000 6001 0000  A...........`...
0000b4c0: 6701 0000 1a00 0000 1f00 0001 3602 7b55  g...........6.{U
0000b4d0: 0000 046f 0b00 0006 262a 0000 1330 0200  ...o....&*...0..
0000b4e0: 3500 0000 0a00 0011 0028 0400 0006 2c0f  5........(....,.
0000b4f0: 2804 0000 067b 0b00 0004 14fe 012b 0117  (....{.......+..
0000b500: 0a06 2c02 2b16 2804 0000 067b 0b00 0004  ..,.+.(....{....
0000b510: 027b 5600 0004 6f54 0100 0a00 2a00 0000  .{V...oT....*...
0000b520: 1330 0200 3800 0000 3a00 0011 7385 0000  .0..8...:...s...
0000b530: 060a 0628 1000 000a 7d63 0000 0406 027d  ...(....}c.....}
0000b540: 6400 0004 0615 7d62 0000 0406 7c63 0000  d.....}b....|c..
0000b550: 0412 0028 3900 002b 067c 6300 0004 2812  ...(9..+.|c...(.
0000b560: 0000 0a2a 1330 0200 3800 0000 3b00 0011  ...*.0..8...;...
0000b570: 7388 0000 060a 0628 1000 000a 7d68 0000  s......(....}h..
0000b580: 0406 027d 6900 0004 0615 7d67 0000 0406  ...}i.....}g....
0000b590: 7c68 0000 0412 0028 3a00 002b 067c 6800  |h.....(:..+.|h.
0000b5a0: 0004 2812 0000 0a2a 1330 0200 3800 0000  ..(....*.0..8...
0000b5b0: 3c00 0011 7382 0000 060a 0628 1000 000a  <...s......(....
0000b5c0: 7d5a 0000 0406 027d 5b00 0004 0615 7d59  }Z.....}[.....}Y
0000b5d0: 0000 0406 7c5a 0000 0412 0028 3b00 002b  ....|Z.....(;..+
0000b5e0: 067c 5a00 0004 2812 0000 0a2a 1b30 0600  .|Z...(....*.0..
0000b5f0: 9305 0000 3d00 0011 027b 5900 0004 0a06  ....=....{Y.....
0000b600: 4504 0000 0002 0000 0004 0000 0009 0000  E...............
0000b610: 000e 0000 002b 112b 4338 1c01 0000 38c5  .....+.+C8....8.
0000b620: 0300 0038 8404 0000 007e 2f00 000a 6f39  ...8.....~/...o9
0000b630: 0000 0a18 3311 7e2f 0000 0afe 137b 5501  ....3.~/.....{U.
0000b640: 000a 16fe 012b 0116 027b 5b00 0004 7b58  .....+...{[...{X
0000b650: 0000 045f 0b07 39b7 0000 0000 0006 2c02  ..._..9.......,.
0000b660: 2b02 2b6a 0002 7b5b 0000 047b 5700 0004  +.+j..{[...{W...
0000b670: 72f4 1100 7028 5700 000a 7244 1200 7028  r...p(W...rD..p(
0000b680: 5700 000a 72bb 0300 7072 9c12 0070 2857  W...r...pr...p(W
0000b690: 0000 0a28 5601 000a 6f2b 0100 0a0c 1202  ...(V...o+......
0000b6a0: 282c 0100 0a2d 4302 1625 0a7d 5900 0004  (,...-C..%.}Y...
0000b6b0: 0208 7d60 0000 0402 0d02 7c5a 0000 0412  ..}`......|Z....
0000b6c0: 0212 0328 3c00 002b 00dd bc04 0000 027b  ...(<..+.......{
0000b6d0: 6000 0004 0c02 7c60 0000 04fe 152a 0000  `.....|`.....*..
0000b6e0: 1b02 1525 0a7d 5900 0004 0212 0228 2d01  ...%.}Y......(-.
0000b6f0: 000a 7d5d 0000 0402 027b 5d00 0004 2d03  ..}].....{]...-.
0000b700: 162b 0117 7d5c 0000 0400 de05 2600 00de  .+..}\......&...
0000b710: 0000 7e2f 0000 0a6f 3900 000a 2d11 7e2f  ..~/...o9...-.~/
0000b720: 0000 0afe 137b 5501 000a 16fe 012b 0116  .....{U......+..
0000b730: 1304 1104 39f7 0100 0000 0006 172e 022b  ....9..........+
0000b740: 0538 6e01 0000 0002 72c0 1200 7028 5700  .8n.....r...p(W.
0000b750: 000a 7d5e 0000 0428 2a00 000a 1305 1105  ..}^...(*.......
0000b760: 39e8 0000 0000 2817 0000 0a6f 5701 000a  9.....(....oW...
0000b770: 2d0a 1f0e 1628 5801 000a 2b01 1613 0611  -....(X...+.....
0000b780: 062c 5002 1b8d 1600 0001 2516 7218 1300  .,P.......%.r...
0000b790: 7028 5700 000a 2859 0100 0a28 5a01 000a  p(W...(Y...(Z...
0000b7a0: a225 1772 3213 0070 a225 1872 3613 0070  .%.r2..p.%.r6..p
0000b7b0: 2857 0000 0aa2 2519 7232 1300 70a2 251a  (W....%.r2..p.%.
0000b7c0: 027b 5e00 0004 a228 5b01 000a 7d5e 0000  .{^....([...}^..
0000b7d0: 042b 7928 1700 000a 6f57 0100 0a17 2e0d  .+y(....oW......
0000b7e0: 2817 0000 0a6f 5701 000a 1a33 0a1f 0d16  (....oW....3....
0000b7f0: 2858 0100 0a2b 0116 1307 1107 2c4e 021b  (X...+......,N..
0000b800: 8d16 0000 0125 1672 1813 0070 2857 0000  .....%.r...p(W..
0000b810: 0a28 5901 000a 285a 0100 0aa2 2517 7232  .(Y...(Z....%.r2
0000b820: 1300 70a2 2518 7258 1300 7028 5700 000a  ..p.%.rX..p(W...
0000b830: a225 1972 3213 0070 a225 1a02 7b5e 0000  .%.r2..p.%..{^..
0000b840: 04a2 285b 0100 0a7d 5e00 0004 0002 7b5b  ..([...}^.....{[
0000b850: 0000 047b 5700 0004 72f4 1100 7028 5700  ...{W...r...p(W.
0000b860: 000a 027b 5e00 0004 72bb 0300 7072 8413  ...{^...r...pr..
0000b870: 0070 2857 0000 0a28 5601 000a 6f2b 0100  .p(W...(V...o+..
0000b880: 0a13 0912 0928 2c01 000a 2d45 0217 250a  .....(,...-E..%.
0000b890: 7d59 0000 0402 1109 7d60 0000 0402 0d02  }Y......}`......
0000b8a0: 7c5a 0000 0412 0912 0328 3c00 002b 00dd  |Z.......(<..+..
0000b8b0: d602 0000 027b 6000 0004 1309 027c 6000  .....{`......|`.
0000b8c0: 0004 fe15 2a00 001b 0215 250a 7d59 0000  ....*.....%.}Y..
0000b8d0: 0402 1209 282d 0100 0a7d 5f00 0004 027b  ....(-...}_....{
0000b8e0: 5f00 0004 16fe 0113 0811 082c 2d00 2817  _..........,-.(.
0000b8f0: 0000 0a6f 5701 000a 16fe 0113 0a11 0a2c  ...oW..........,
0000b900: 0d72 b413 0070 285c 0100 0a26 2b0b 7220  .r...p(\...&+.r 
0000b910: 1400 7028 5c01 000a 2600 0002 147d 5e00  ..p(\...&....}^.
0000b920: 0004 de05 2600 00de 0028 5d01 000a 0000  ....&....(].....
0000b930: 7e2f 0000 0a6f 3900 000a 1a40 9d00 0000  ~/...o9....@....
0000b940: 2817 0000 0a6f 5e01 000a 398e 0000 0028  (....o^...9....(
0000b950: 1700 000a 6f5f 0100 0a72 8e14 0070 2860  ....o_...r...p(`
0000b960: 0100 0a2d 1628 1700 000a 6f5f 0100 0a72  ...-.(....o_...r
0000b970: 9c14 0070 2860 0100 0a2c 627e 2f00 000a  ...p(`...,b~/...
0000b980: 6f61 0100 0a19 2e1a 7e2f 0000 0a6f 6101  oa......~/...oa.
0000b990: 000a 1a2e 0d7e 2f00 000a 6f61 0100 0a1b  .....~/...oa....
0000b9a0: 333b 7e2f 0000 0a6f 3a00 000a 6f3b 0000  3;~/...o:...o;..
0000b9b0: 0a7e 3000 0004 252d 1726 7e26 0000 04fe  .~0...%-.&~&....
0000b9c0: 0654 0000 0673 3d00 000a 2580 3000 0004  .T...s=...%.0...
0000b9d0: 283d 0000 2b18 fe02 16fe 012b 0116 130b  (=..+......+....
0000b9e0: 110b 3995 0000 0000 0006 182e 022b 022b  ..9..........+.+
0000b9f0: 5d00 027b 5b00 0004 7b57 0000 0472 ae14  ]..{[...{W...r..
0000ba00: 0070 72d2 1400 7028 5700 000a 72bb 0300  .pr...p(W...r...
0000ba10: 7028 6600 000a 6f27 0100 0a13 0c12 0c28  p(f...o'.......(
0000ba20: 2801 000a 2d45 0218 250a 7d59 0000 0402  (...-E..%.}Y....
0000ba30: 110c 7d61 0000 0402 0d02 7c5a 0000 0412  ..}a......|Z....
0000ba40: 0c12 0328 3e00 002b 00dd 3c01 0000 027b  ...(>..+..<....{
0000ba50: 6100 0004 130c 027c 6100 0004 fe15 ae00  a......|a.......
0000ba60: 0001 0215 250a 7d59 0000 0412 0c28 2a01  ....%.}Y.....(*.
0000ba70: 000a 0000 de05 2600 00de 0000 7e2f 0000  ......&.....~/..
0000ba80: 0a7b 6301 000a 17fe 0128 1700 000a 6f64  .{c......(....od
0000ba90: 0100 0a72 0215 0070 6f65 0100 0a5f 16fe  ...r...poe..._..
0000baa0: 0113 0d11 0d2c 05dd ca00 0000 0006 192e  .....,..........
0000bab0: 022b 022b 7800 027b 5b00 0004 7b57 0000  .+.+x..{[...{W..
0000bac0: 0472 0a15 0070 2857 0000 0a72 3c15 0070  .r...p(W...r<..p
0000bad0: 2857 0000 0a28 6601 000a 7e2f 0000 0a6f  (W...(f...~/...o
0000bae0: 6101 000a 6f67 0100 0a28 5a01 000a 72bb  a...og...(Z...r.
0000baf0: 0300 7028 6600 000a 6f27 0100 0a13 0e12  ..p(f...o'......
0000bb00: 0e28 2801 000a 2d42 0219 250a 7d59 0000  .((...-B..%.}Y..
0000bb10: 0402 110e 7d61 0000 0402 0d02 7c5a 0000  ....}a......|Z..
0000bb20: 0412 0e12 0328 3e00 002b 00de 5d02 7b61  .....(>..+..].{a
0000bb30: 0000 0413 0e02 7c61 0000 04fe 15ae 0000  ......|a........
0000bb40: 0102 1525 0a7d 5900 0004 120e 282a 0100  ...%.}Y.....(*..
0000bb50: 0a00 00de 0526 0000 de00 de1a 130f 021f  .....&..........
0000bb60: fe7d 5900 0004 027c 5a00 0004 110f 2852  .}Y....|Z.....(R
0000bb70: 0100 0a00 de14 021f fe7d 5900 0004 027c  .........}Y....|
0000bb80: 5a00 0004 2853 0100 0a00 2a00 417c 0000  Z...(S....*.A|..
0000bb90: 0000 0000 6500 0000 af00 0000 1401 0000  ....e...........
0000bba0: 0500 0000 7b00 0001 0000 0000 4301 0000  ....{.......C...
0000bbb0: e901 0000 2c03 0000 0500 0000 7b00 0001  ....,.......{...
0000bbc0: 0000 0000 f103 0000 8d00 0000 7e04 0000  ............~...
0000bbd0: 0500 0000 7b00 0001 0000 0000 b504 0000  ....{...........
0000bbe0: a800 0000 5d05 0000 0500 0000 7b00 0001  ....].......{...
0000bbf0: 0000 0000 0700 0000 5d05 0000 6405 0000  ........]...d...
0000bc00: 1a00 0000 1f00 0001 1b30 0500 fe00 0000  .........0......
0000bc10: 3e00 0011 027b 6200 0004 0a06 2c02 2b02  >....{b.....,.+.
0000bc20: 2b6f 0002 7b64 0000 047b 5700 0004 7262  +o..{d...{W...rb
0000bc30: 1500 7028 5700 000a 7294 1500 7028 5700  ..p(W...r...p(W.
0000bc40: 000a 72c4 1500 7028 5700 000a 72d4 1500  ..r...p(W...r...
0000bc50: 7028 5700 000a 2856 0100 0a6f 2b01 000a  p(W...(V...o+...
0000bc60: 0c12 0228 2c01 000a 2d43 0216 250a 7d62  ...(,...-C..%.}b
0000bc70: 0000 0402 087d 6600 0004 020d 027c 6300  .....}f......|c.
0000bc80: 0004 1202 1203 283f 0000 2b00 dd80 0000  ......(?..+.....
0000bc90: 0002 7b66 0000 040c 027c 6600 0004 fe15  ..{f.....|f.....
0000bca0: 2a00 001b 0215 250a 7d62 0000 0402 1202  *.....%.}b......
0000bcb0: 282d 0100 0a7d 6500 0004 027b 6500 0004  (-...}e....{e...
0000bcc0: 16fe 010b 072c 02de 3428 1700 000a 176f  .....,..4(.....o
0000bcd0: 6801 000a 0028 1700 000a 176f 6901 000a  h....(.....oi...
0000bce0: 00de 1a13 0402 1ffe 7d62 0000 0402 7c63  ........}b....|c
0000bcf0: 0000 0411 0428 5201 000a 00de 1402 1ffe  .....(R.........
0000bd00: 7d62 0000 0402 7c63 0000 0428 5301 000a  }b....|c...(S...
0000bd10: 002a 0000 0110 0000 0000 0700 c8cf 001a  .*..............
0000bd20: 1f00 0001 1b30 0400 cf00 0000 3f00 0011  .....0......?...
0000bd30: 027b 6700 0004 0a06 2c02 2b02 2b01 0000  .{g.....,.+.+...
0000bd40: 062c 022b 022b 5d00 027b 6900 0004 7b57  .,.+.+]..{i...{W
0000bd50: 0000 0472 e215 0070 2857 0000 0a72 1216  ...r...p(W...r..
0000bd60: 0070 2857 0000 0a72 bb03 0070 2866 0000  .p(W...r...p(f..
0000bd70: 0a6f 2701 000a 0b12 0128 2801 000a 2d40  .o'......((...-@
0000bd80: 0216 250a 7d67 0000 0402 077d 6a00 0004  ..%.}g.....}j...
0000bd90: 020c 027c 6800 0004 1201 1202 2840 0000  ...|h.......(@..
0000bda0: 2b00 de5a 027b 6a00 0004 0b02 7c6a 0000  +..Z.{j.....|j..
0000bdb0: 04fe 15ae 0000 0102 1525 0a7d 6700 0004  .........%.}g...
0000bdc0: 1201 282a 0100 0a00 00de 0526 0000 de00  ..(*.......&....
0000bdd0: de18 0d02 1ffe 7d67 0000 0402 7c68 0000  ......}g....|h..
0000bde0: 0409 2852 0100 0a00 de14 021f fe7d 6700  ..(R.........}g.
0000bdf0: 0004 027c 6800 0004 2853 0100 0a00 2a00  ...|h...(S....*.
0000be00: 011c 0000 0000 1000 8b9b 0005 7b00 0001  ............{...
0000be10: 0000 0700 9ba2 0018 1f00 0001 1330 0400  .............0..
0000be20: 5302 0000 4000 0011 0002 7b6f 0000 047b  S...@.....{o...{
0000be30: 6c00 0004 7b57 0000 047b 0c00 0004 7240  l...{W...{....r@
0000be40: 1600 7028 5700 000a 6f54 0100 0a00 2817  ..p(W...oT....(.
0000be50: 0000 0a6f 5701 000a 16fe 010a 0639 1301  ...oW........9..
0000be60: 0000 0002 7b6f 0000 047b 6b00 0004 286a  ....{o...{k...(j
0000be70: 0100 0a0b 072c 5c00 027b 6d00 0004 6f6b  .....,\..{m...ok
0000be80: 0100 0a0c 082c 4902 7b6f 0000 047b 6c00  .....,I.{o...{l.
0000be90: 0004 7b57 0000 047b 0c00 0004 027b 6f00  ..{W...{.....{o.
0000bea0: 0004 7b6c 0000 047b 5700 0004 7b0c 0000  ..{l...{W...{...
0000beb0: 046f 6c01 000a 7268 1600 7072 6e16 0070  .ol...rh..prn..p
0000bec0: 2857 0000 0a28 6d01 000a 6f54 0100 0a00  (W...(m...oT....
0000bed0: 002b 4a02 7b6f 0000 047b 6c00 0004 7b57  .+J.{o...{l...{W
0000bee0: 0000 047b 0c00 0004 027b 6f00 0004 7b6c  ...{.....{o...{l
0000bef0: 0000 047b 5700 0004 7b0c 0000 046f 6c01  ...{W...{....ol.
0000bf00: 000a 7284 1600 7002 7b6f 0000 047b 6b00  ..r...p.{o...{k.
0000bf10: 0004 286d 0100 0a6f 5401 000a 0028 1b00  ..(m...oT....(..
0000bf20: 000a 0d09 2c49 027b 6f00 0004 7b6c 0000  ....,I.{o...{l..
0000bf30: 047b 5700 0004 7b0c 0000 0402 7b6f 0000  .{W...{.....{o..
0000bf40: 047b 6c00 0004 7b57 0000 047b 0c00 0004  .{l...{W...{....
0000bf50: 6f6c 0100 0a72 6816 0070 7296 1600 7028  ol...rh..pr...p(
0000bf60: 5700 000a 286d 0100 0a6f 5401 000a 0000  W...(m...oT.....
0000bf70: 38e9 0000 0028 1700 000a 6f57 0100 0a18  8....(....oW....
0000bf80: fe01 1304 1104 2c65 0028 1700 000a 6f6e  ......,e.(....on
0000bf90: 0100 0a28 6a01 000a 16fe 0113 0511 052c  ...(j..........,
0000bfa0: 4902 7b6f 0000 047b 6c00 0004 7b57 0000  I.{o...{l...{W..
0000bfb0: 047b 0c00 0004 027b 6f00 0004 7b6c 0000  .{.....{o...{l..
0000bfc0: 047b 5700 0004 7b0c 0000 046f 6c01 000a  .{W...{....ol...
0000bfd0: 72c6 1600 7028 1700 000a 6f6e 0100 0a28  r...p(....on...(
0000bfe0: 6d01 000a 6f54 0100 0a00 002b 7128 1700  m...oT.....+q(..
0000bff0: 000a 6f57 0100 0a17 3314 2817 0000 0a6f  ..oW....3.(....o
0000c000: 6f01 000a 286a 0100 0a16 fe01 2b01 1613  o...(j......+...
0000c010: 0611 062c 4902 7b6f 0000 047b 6c00 0004  ...,I.{o...{l...
0000c020: 7b57 0000 047b 0c00 0004 027b 6f00 0004  {W...{.....{o...
0000c030: 7b6c 0000 047b 5700 0004 7b0c 0000 046f  {l...{W...{....o
0000c040: 6c01 000a 72c6 1600 7028 1700 000a 6f6f  l...r...p(....oo
0000c050: 0100 0a28 6d01 000a 6f54 0100 0a00 027b  ...(m...oT.....{
0000c060: 6f00 0004 7b6c 0000 047b 5700 0004 7b0c  o...{l...{W...{.
0000c070: 0000 0417 6f19 0000 0a00 2a00 1330 0200  ....o.....*..0..
0000c080: 3800 0000 4100 0011 7390 0000 060a 0628  8...A...s......(
0000c090: 1000 000a 7d71 0000 0406 027d 7200 0004  ....}q.....}r...
0000c0a0: 0615 7d70 0000 0406 7c71 0000 0412 0028  ..}p....|q.....(
0000c0b0: 4100 002b 067c 7100 0004 2812 0000 0a2a  A..+.|q...(....*
0000c0c0: 1330 0200 3800 0000 4200 0011 7393 0000  .0..8...B...s...
0000c0d0: 060a 0628 1000 000a 7d76 0000 0406 027d  ...(....}v.....}
0000c0e0: 7700 0004 0615 7d75 0000 0406 7c76 0000  w.....}u....|v..
0000c0f0: 0412 0028 4200 002b 067c 7600 0004 2812  ...(B..+.|v...(.
0000c100: 0000 0a2a 1b30 0300 b500 0000 4300 0011  ...*.0......C...
0000c110: 027b 7000 0004 0a06 2c02 2b02 2b3e 7e2f  .{p.....,.+.+>~/
0000c120: 0000 0a17 6f70 0100 0a6f 2b01 000a 0b12  ....op...o+.....
0000c130: 0128 2c01 000a 2d40 0216 250a 7d70 0000  .(,...-@..%.}p..
0000c140: 0402 077d 7400 0004 020c 027c 7100 0004  ...}t......|q...
0000c150: 1201 1202 2843 0000 2b00 de68 027b 7400  ....(C..+..h.{t.
0000c160: 0004 0b02 7c74 0000 04fe 152a 0000 1b02  ....|t.....*....
0000c170: 1525 0a7d 7000 0004 0212 0128 2d01 000a  .%.}p......(-...
0000c180: 7d73 0000 0402 7b72 0000 0402 7b73 0000  }s....{r....{s..
0000c190: 047d 6e00 0004 de18 0d02 1ffe 7d70 0000  .}n.........}p..
0000c1a0: 0402 7c71 0000 0409 2852 0100 0a00 de14  ..|q....(R......
0000c1b0: 021f fe7d 7000 0004 027c 7100 0004 2853  ...}p....|q...(S
0000c1c0: 0100 0a00 2a00 0000 0110 0000 0000 0700  ....*...........
0000c1d0: 8188 0018 1f00 0001 1b30 0300 b500 0000  .........0......
0000c1e0: 4400 0011 027b 7500 0004 0a06 2c02 2b02  D....{u.....,.+.
0000c1f0: 2b3e 7e2f 0000 0a17 6f70 0100 0a6f 2b01  +>~/....op...o+.
0000c200: 000a 0b12 0128 2c01 000a 2d40 0216 250a  .....(,...-@..%.
0000c210: 7d75 0000 0402 077d 7900 0004 020c 027c  }u.....}y......|
0000c220: 7600 0004 1201 1202 2844 0000 2b00 de68  v.......(D..+..h
0000c230: 027b 7900 0004 0b02 7c79 0000 04fe 152a  .{y.....|y.....*
0000c240: 0000 1b02 1525 0a7d 7500 0004 0212 0128  .....%.}u......(
0000c250: 2d01 000a 7d78 0000 0402 7b77 0000 0402  -...}x....{w....
0000c260: 7b78 0000 047d 6e00 0004 de18 0d02 1ffe  {x...}n.........
0000c270: 7d75 0000 0402 7c76 0000 0409 2852 0100  }u....|v....(R..
0000c280: 0a00 de14 021f fe7d 7500 0004 027c 7600  .......}u....|v.
0000c290: 0004 2853 0100 0a00 2a00 0000 0110 0000  ..(S....*.......
0000c2a0: 0000 0700 8188 0018 1f00 0001 1330 0200  .............0..
0000c2b0: 3800 0000 4500 0011 7398 0000 060a 0628  8...E...s......(
0000c2c0: 1000 000a 7d7f 0000 0406 027d 8000 0004  ....}......}....
0000c2d0: 0615 7d7e 0000 0406 7c7f 0000 0412 0028  ..}~....|......(
0000c2e0: 4500 002b 067c 7f00 0004 2812 0000 0a2a  E..+.|....(....*
0000c2f0: 1b30 0400 cc00 0000 4600 0011 027b 7e00  .0......F....{~.
0000c300: 0004 0a06 2c02 2b02 2b55 007e 2f00 000a  ....,.+.+U.~/...
0000c310: 027b 8000 0004 7b7a 0000 0416 027b 8000  .{....{z.....{..
0000c320: 0004 7b7b 0000 046f 7101 000a 6f2b 0100  ..{{...oq...o+..
0000c330: 0a0b 1201 282c 0100 0a2d 4002 1625 0a7d  ....(,...-@..%.}
0000c340: 7e00 0004 0207 7d82 0000 0402 0c02 7c7f  ~.....}.......|.
0000c350: 0000 0412 0112 0228 4600 002b 00de 6802  .......(F..+..h.
0000c360: 7b82 0000 040b 027c 8200 0004 fe15 2a00  {......|......*.
0000c370: 001b 0215 250a 7d7e 0000 0402 1201 282d  ....%.}~......(-
0000c380: 0100 0a7d 8100 0004 027b 8000 0004 027b  ...}.....{.....{
0000c390: 8100 0004 7d7c 0000 04de 180d 021f fe7d  ....}|.........}
0000c3a0: 7e00 0004 027c 7f00 0004 0928 5201 000a  ~....|.....(R...
0000c3b0: 00de 1402 1ffe 7d7e 0000 0402 7c7f 0000  ......}~....|...
0000c3c0: 0428 5301 000a 002a 0110 0000 0000 0700  .(S....*........
0000c3d0: 989f 0018 1f00 0001 1330 0200 3b00 0000  .........0..;...
0000c3e0: 4700 0011 739e 0000 060a 0628 0c00 000a  G...s......(....
0000c3f0: 7d87 0000 0406 027d 8a00 0004 0603 7d88  }......}......}.
0000c400: 0000 0406 047d 8900 0004 0615 7d86 0000  .....}......}...
0000c410: 0406 7c87 0000 0412 0028 4700 002b 2a00  ..|......(G..+*.
0000c420: 1330 0200 2700 0000 4800 0011 73a1 0000  .0..'...H...s...
0000c430: 060a 0602 7d8c 0000 0406 037d 8b00 0004  ....}......}....
0000c440: 06fe 06a2 0000 0673 0700 000a 285f 0000  .......s....(_..
0000c450: 0a00 2a00 1b30 0200 5900 0000 2f00 0011  ..*..0..Y.../...
0000c460: 027b 8600 0004 0a00 027b 8a00 0004 7b83  .{.......{....{.
0000c470: 0000 046f 7201 000a 007e 2f00 000a 168d  ...or....~/.....
0000c480: c300 0001 6f73 0100 0a00 de18 0b02 1ffe  ....os..........
0000c490: 7d86 0000 0402 7c87 0000 0407 2821 0100  }.....|.....(!..
0000c4a0: 0a00 de14 021f fe7d 8600 0004 027c 8700  .......}.....|..
0000c4b0: 0004 2822 0100 0a00 2a00 0000 0110 0000  ..("....*.......
0000c4c0: 0000 0700 252c 0018 1f00 0001 1330 0500  ....%,.......0..
0000c4d0: 8c00 0000 0000 0000 027b 8c00 0004 7b85  .........{....{.
0000c4e0: 0000 047b 7d00 0004 7b6f 0000 047b 6c00  ...{}...{o...{l.
0000c4f0: 0004 7b57 0000 047b 0c00 0004 1e8d 1600  ..{W...{........
0000c500: 0001 2516 027b 8c00 0004 7b84 0000 04a2  ..%..{....{.....
0000c510: 2517 7232 1300 70a2 2518 2817 0000 0a6f  %.r2..p.%.(....o
0000c520: 5f01 000a a225 1972 e216 0070 a225 1a28  _....%.r...p.%.(
0000c530: 1700 000a 6f74 0100 0aa2 251b 7232 1300  ....ot....%.r2..
0000c540: 70a2 251c 027c 8b00 0004 2875 0100 0aa2  p.%..|....(u....
0000c550: 251d 72e6 1600 70a2 285b 0100 0a6f 5401  %.r...p.([...oT.
0000c560: 000a 002a 6202 7b8d 0000 047b 0c00 0004  ...*b.{....{....
0000c570: 027b 8e00 0004 6f54 0100 0a00 2a36 027b  .{....oT....*6.{
0000c580: 8f00 0004 6f28 0000 0626 2a00 1b30 0500  ....o(...&*..0..
0000c590: e901 0000 4900 0011 027b 9000 0004 0a06  ....I....{......
0000c5a0: 2c08 2b00 0617 2e07 2b0a 3883 0000 0038  ,.+.....+.8....8
0000c5b0: 5801 0000 0002 027b 9200 0004 7d93 0000  X......{....}...
0000c5c0: 0428 1b00 000a 16fe 010b 072c 05dd 9301  .(.........,....
0000c5d0: 0000 027b 9300 0004 72ea 1600 7028 5700  ...{....r...p(W.
0000c5e0: 000a 7201 0000 7072 bb03 0070 729c 1200  ..r...pr...pr...
0000c5f0: 7028 5700 000a 6f56 0100 0a6f 2b01 000a  p(W...oV...o+...
0000c600: 0d12 0328 2c01 000a 2d44 0216 250a 7d90  ...(,...-D..%.}.
0000c610: 0000 0402 097d 9500 0004 0213 0402 7c91  .....}........|.
0000c620: 0000 0412 0312 0428 4800 002b 00dd 4e01  .......(H..+..N.
0000c630: 0000 027b 9500 0004 0d02 7c95 0000 04fe  ...{......|.....
0000c640: 152a 0000 1b02 1525 0a7d 9000 0004 0212  .*.....%.}......
0000c650: 0328 2d01 000a 7d94 0000 0402 7b94 0000  .(-...}.....{...
0000c660: 0416 fe01 0c08 2c05 ddf8 0000 0028 1700  ......,......(..
0000c670: 000a 7201 0000 706f 7601 000a 007e 2f00  ..r...pov....~/.
0000c680: 000a 6f39 0000 0a16 fe03 1305 1105 2c17  ..o9..........,.
0000c690: 027b 9300 0004 027b 9300 0004 7377 0100  .{.....{....sw..
0000c6a0: 0a6f 1d00 0006 007e 2900 0004 252d 1726  .o.....~)...%-.&
0000c6b0: 7e26 0000 04fe 064d 0000 0673 0700 000a  ~&.....M...s....
0000c6c0: 2580 2900 0004 2878 0100 0a26 202c 0100  %.)...(x...& ,..
0000c6d0: 0028 4201 000a 6f27 0100 0a13 0612 0628  .(B...o'.......(
0000c6e0: 2801 000a 2d43 0217 250a 7d90 0000 0402  (...-C..%.}.....
0000c6f0: 1106 7d96 0000 0402 1304 027c 9100 0004  ..}........|....
0000c700: 1206 1204 2849 0000 2b00 de74 027b 9600  ....(I..+..t.{..
0000c710: 0004 1306 027c 9600 0004 fe15 ae00 0001  .....|..........
0000c720: 0215 250a 7d90 0000 0412 0628 2a01 000a  ..%.}......(*...
0000c730: 0028 4d00 000a 252d 0326 2b06 6f79 0100  .(M...%-.&+.oy..
0000c740: 0a00 de21 1307 021f fe7d 9000 0004 0214  ...!.....}......
0000c750: 7d93 0000 0402 7c91 0000 0411 0728 2101  }.....|......(!.
0000c760: 000a 00de 1b02 1ffe 7d90 0000 0402 147d  ........}......}
0000c770: 9300 0004 027c 9100 0004 2822 0100 0a00  .....|....("....
0000c780: 2a00 0000 411c 0000 0000 0000 0700 0000  *...A...........
0000c790: a501 0000 ac01 0000 2100 0000 1f00 0001  ........!.......
0000c7a0: 1b30 0500 6e01 0000 4a00 0011 027b 9700  .0..n...J....{..
0000c7b0: 0004 0a06 2c02 2b05 38a8 0000 0000 0202  ....,.+.8.......
0000c7c0: 7b99 0000 047d 9a00 0004 2817 0000 0a6f  {....}....(....o
0000c7d0: 7a01 000a 2d1b 2817 0000 0a6f 7b01 000a  z...-.(....o{...
0000c7e0: 2817 0000 0a6f 7c01 000a fe02 16fe 012b  (....o|........+
0000c7f0: 0117 0b07 2c05 dd03 0100 0002 7b9a 0000  ....,.......{...
0000c800: 0472 0017 0070 2857 0000 0a72 2e17 0070  .r...p(W...r...p
0000c810: 2857 0000 0a72 c415 0070 2857 0000 0a72  (W...r...p(W...r
0000c820: 5017 0070 2857 0000 0a6f 5601 000a 6f2b  P..p(W...oV...o+
0000c830: 0100 0a0d 1203 282c 0100 0a2d 4402 1625  ......(,...-D..%
0000c840: 0a7d 9700 0004 0209 7d9d 0000 0402 1304  .}......}.......
0000c850: 027c 9800 0004 1203 1204 284a 0000 2b00  .|........(J..+.
0000c860: ddb4 0000 0002 7b9d 0000 040d 027c 9d00  ......{......|..
0000c870: 0004 fe15 2a00 001b 0215 250a 7d97 0000  ....*.....%.}...
0000c880: 0402 1203 282d 0100 0a7d 9b00 0004 027b  ....(-...}.....{
0000c890: 9b00 0004 0c08 2c2f 0028 1700 000a 176f  ......,/.(.....o
0000c8a0: 7d01 000a 0000 1628 4b00 002b 166f 7e01  }......(K..+.o~.
0000c8b0: 000a 0000 de0e 1305 0211 057d 9c00 0004  ...........}....
0000c8c0: 0000 de00 002b 1428 1700 000a 256f 7c01  .....+.(....%o|.
0000c8d0: 000a 1f0c 586f 7f01 000a 00de 2113 0502  ....Xo......!...
0000c8e0: 1ffe 7d97 0000 0402 147d 9a00 0004 027c  ..}......}.....|
0000c8f0: 9800 0004 1105 2852 0100 0a00 de1b 021f  ......(R........
0000c900: fe7d 9700 0004 0214 7d9a 0000 0402 7c98  .}......}.....|.
0000c910: 0000 0428 5301 000a 002a 0000 4134 0000  ...(S....*..A4..
0000c920: 0000 0000 f900 0000 1100 0000 0a01 0000  ................
0000c930: 0e00 0000 1f00 0001 0000 0000 0700 0000  ................
0000c940: 2a01 0000 3101 0000 2100 0000 1f00 0001  *...1...!.......
0000c950: 1b30 0300 db00 0000 4b00 0011 027b 9e00  .0......K....{..
0000c960: 0004 0a06 2c02 2b02 2b55 0273 7a00 0006  ....,.+.+U.sz...
0000c970: 7da1 0000 0400 027b a100 0004 027b a000  }......{.....{..
0000c980: 0004 7d55 0000 0428 8001 000a 6f27 0100  ..}U...(....o'..
0000c990: 0a0b 1201 2828 0100 0a2d 4002 1625 0a7d  ....((...-@..%.}
0000c9a0: 9e00 0004 0207 7da2 0000 0402 0c02 7c9f  ......}.......|.
0000c9b0: 0000 0412 0112 0228 4c00 002b 00de 7702  .......(L..+..w.
0000c9c0: 7ba2 0000 040b 027c a200 0004 fe15 ae00  {......|........
0000c9d0: 0001 0215 250a 7d9e 0000 0412 0128 2a01  ....%.}......(*.
0000c9e0: 000a 0002 7ba1 0000 04fe 067b 0000 0673  ....{......{...s
0000c9f0: 0700 000a 281a 0000 0a00 de1f 0d02 1ffe  ....(...........
0000ca00: 7d9e 0000 0402 147d a100 0004 027c 9f00  }......}.....|..
0000ca10: 0004 0928 5201 000a 00de 1b02 1ffe 7d9e  ...(R.........}.
0000ca20: 0000 0402 147d a100 0004 027c 9f00 0004  .....}.....|....
0000ca30: 2853 0100 0a00 2a00 0110 0000 0000 0700  (S....*.........
0000ca40: 99a0 001f 1f00 0001 1b30 0500 0908 0000  .........0......
0000ca50: 4c00 0011 027b a300 0004 0a06 4507 0000  L....{......E...
0000ca60: 0002 0000 0007 0000 000c 0000 0011 0000  ................
0000ca70: 0016 0000 001b 0000 0020 0000 002b 2338  ......... ...+#8
0000ca80: 0c01 0000 38f1 0100 0038 8502 0000 387e  ....8....8....8~
0000ca90: 0300 0038 3d04 0000 385d 0600 0038 1707  ...8=...8]...8..
0000caa0: 0000 0002 027b a600 0004 7da7 0000 0402  .....{....}.....
0000cab0: 027b a500 0004 6f81 0100 0a7d a800 0004  .{....o....}....
0000cac0: 2817 0000 0a6f 8201 000a 2d0f 2817 0000  (....o....-.(...
0000cad0: 0a6f 8301 000a 16fe 012b 0117 0c08 2c0c  .o.......+....,.
0000cae0: 027b a800 0004 0bdd 4d07 0000 027b a500  .{......M....{..
0000caf0: 0004 6f6b 0100 0a2c 1e02 7ba8 0000 0428  ..ok...,..{....(
0000cb00: 6a01 000a 2c11 2817 0000 0a6f 8401 000a  j...,.(....o....
0000cb10: 286a 0100 0a2b 0116 0d09 399c 0000 0000  (j...+....9.....
0000cb20: 2817 0000 0a6f 8201 000a 1304 1104 3982  (....o........9.
0000cb30: 0000 0002 7ba7 0000 0472 6417 0070 2857  ....{....rd..p(W
0000cb40: 0000 0a72 9417 0070 2857 0000 0a72 bb03  ...r...p(W...r..
0000cb50: 0070 6f66 0000 0a6f 2701 000a 1305 1205  .pof...o'.......
0000cb60: 2828 0100 0a2d 4602 1625 0a7d a300 0004  ((...-F..%.}....
0000cb70: 0211 057d b000 0004 0213 0602 7ca4 0000  ...}........|...
0000cb80: 0412 0512 0628 4d00 002b 00dd cc06 0000  .....(M..+......
0000cb90: 027b b000 0004 1305 027c b000 0004 fe15  .{.......|......
0000cba0: ae00 0001 0215 250a 7da3 0000 0412 0528  ......%.}......(
0000cbb0: 2a01 000a 0000 384d 0600 0002 7ba8 0000  *.....8M....{...
0000cbc0: 0428 6a01 000a 2c1d 2817 0000 0a6f 8401  .(j...,.(....o..
0000cbd0: 000a 286a 0100 0a2d 0c28 1700 000a 6f83  ..(j...-.(....o.
0000cbe0: 0100 0a2b 0116 1307 1107 394f 0100 0000  ...+......9O....
0000cbf0: 027b a700 0004 7b0c 0000 0472 c217 0070  .{....{....r...p
0000cc00: 2857 0000 0a28 1700 000a 6f84 0100 0a28  (W...(....o....(
0000cc10: 5a01 000a 6f54 0100 0a00 027b a700 0004  Z...oT.....{....
0000cc20: 7b0c 0000 0417 6f19 0000 0a00 027b a500  {.....o......{..
0000cc30: 0004 2817 0000 0a6f 8401 000a 6f86 0100  ..(....o....o...
0000cc40: 0a6f 2b01 000a 1309 1209 282c 0100 0a2d  .o+.......(,...-
0000cc50: 4602 1725 0a7d a300 0004 0211 097d b100  F..%.}.......}..
0000cc60: 0004 0213 0602 7ca4 0000 0412 0912 0628  ......|........(
0000cc70: 4e00 002b 00dd e205 0000 027b b100 0004  N..+.......{....
0000cc80: 1309 027c b100 0004 fe15 2a00 001b 0215  ...|......*.....
0000cc90: 250a 7da3 0000 0402 1209 282d 0100 0a7d  %.}.......(-...}
0000cca0: a900 0004 027b a900 0004 16fe 0113 0811  .....{..........
0000ccb0: 0839 8200 0000 027b a700 0004 7264 1700  .9.....{....rd..
0000ccc0: 7028 5700 000a 7294 1700 7028 5700 000a  p(W...r...p(W...
0000ccd0: 72bb 0300 706f 6600 000a 6f27 0100 0a13  r...pof...o'....
0000cce0: 0a12 0a28 2801 000a 2d46 0218 250a 7da3  ...((...-F..%.}.
0000ccf0: 0000 0402 110a 7db0 0000 0402 1306 027c  ......}........|
0000cd00: a400 0004 120a 1206 284d 0000 2b00 dd49  ........(M..+..I
0000cd10: 0500 0002 7bb0 0000 0413 0a02 7cb0 0000  ....{.......|...
0000cd20: 04fe 15ae 0000 0102 1525 0a7d a300 0004  .........%.}....
0000cd30: 120a 282a 0100 0a00 0038 ca04 0000 2817  ..(*.....8....(.
0000cd40: 0000 0a6f 8401 000a 286a 0100 0a2d 3602  ...o....(j...-6.
0000cd50: 7ba8 0000 0428 6a01 000a 2d29 027b a800  {....(j...-).{..
0000cd60: 0004 72fa 1700 7028 8701 000a 2c17 2817  ..r...p(....,.(.
0000cd70: 0000 0a6f 8401 000a 027b a800 0004 2887  ...o.....{....(.
0000cd80: 0100 0a2b 0116 130b 110b 399a 0100 0000  ...+......9.....
0000cd90: 027b a700 0004 720a 1500 7028 5700 000a  .{....r...p(W...
0000cda0: 7218 1800 7028 5700 000a 027b a800 0004  r...p(W....{....
0000cdb0: 2817 0000 0a6f 8401 000a 2888 0100 0a72  (....o....(....r
0000cdc0: 4618 0070 2857 0000 0a72 6a18 0070 2857  F..p(W...rj..p(W
0000cdd0: 0000 0a6f 5601 000a 6f2b 0100 0a13 0d12  ...oV...o+......
0000cde0: 0d28 2c01 000a 2d46 0219 250a 7da3 0000  .(,...-F..%.}...
0000cdf0: 0402 110d 7db1 0000 0402 1306 027c a400  ....}........|..
0000ce00: 0004 120d 1206 284e 0000 2b00 dd4b 0400  ......(N..+..K..
0000ce10: 0002 7bb1 0000 0413 0d02 7cb1 0000 04fe  ..{.......|.....
0000ce20: 152a 0000 1b02 1525 0a7d a300 0004 0212  .*.....%.}......
0000ce30: 0d28 2d01 000a 7daa 0000 0402 7baa 0000  .(-...}.....{...
0000ce40: 0413 0c11 0c39 d900 0000 0002 7ba7 0000  .....9......{...
0000ce50: 047b 0c00 0004 72c2 1700 7028 5700 000a  .{....r...p(W...
0000ce60: 2817 0000 0a6f 8401 000a 285a 0100 0a6f  (....o....(Z...o
0000ce70: 5401 000a 0002 7ba7 0000 047b 0c00 0004  T.....{....{....
0000ce80: 176f 1900 000a 0002 7ba5 0000 0428 1700  .o......{....(..
0000ce90: 000a 6f84 0100 0a6f 8601 000a 6f2b 0100  ..o....o....o+..
0000cea0: 0a13 0e12 0e28 2c01 000a 2d46 021a 250a  .....(,...-F..%.
0000ceb0: 7da3 0000 0402 110e 7db1 0000 0402 1306  }.......}.......
0000cec0: 027c a400 0004 120e 1206 284e 0000 2b00  .|........(N..+.
0000ced0: dd87 0300 0002 7bb1 0000 0413 0e02 7cb1  ......{.......|.
0000cee0: 0000 04fe 152a 0000 1b02 1525 0a7d a300  .....*.....%.}..
0000cef0: 0004 0212 0e28 2d01 000a 7dac 0000 0402  .....(-...}.....
0000cf00: 027b ac00 0004 2d03 162b 0117 7dab 0000  .{....-..+..}...
0000cf10: 0402 027b a500 0004 6f81 0100 0a7d a800  ...{....o....}..
0000cf20: 0004 0000 38df 0200 0002 7ba8 0000 0428  ....8.....{....(
0000cf30: 6a01 000a 3a35 0100 0002 7ba8 0000 0472  j...:5....{....r
0000cf40: fa17 0070 2887 0100 0a39 2001 0000 2817  ...p(....9 ...(.
0000cf50: 0000 0a6f 8401 000a 286a 0100 0a39 0c01  ...o....(j...9..
0000cf60: 0000 027b a800 0004 728c 1800 7019 6f89  ...{....r...p.o.
0000cf70: 0100 0a3a f600 0000 027b a800 0004 7294  ...:.....{....r.
0000cf80: 1800 7019 6f89 0100 0a3a e000 0000 027b  ..p.o....:.....{
0000cf90: a800 0004 72a0 1800 7019 6f89 0100 0a3a  ....r...p.o....:
0000cfa0: ca00 0000 027b a800 0004 72ac 1800 7019  .....{....r...p.
0000cfb0: 6f89 0100 0a3a b400 0000 027b a800 0004  o....:.....{....
0000cfc0: 72ba 1800 7019 6f89 0100 0a3a 9e00 0000  r...p.o....:....
0000cfd0: 027b a800 0004 72ca 1800 7019 6f89 0100  .{....r...p.o...
0000cfe0: 0a3a 8800 0000 027b a800 0004 72da 1800  .:.....{....r...
0000cff0: 7019 6f89 0100 0a2d 7502 7ba8 0000 0472  p.o....-u.{....r
0000d000: ec18 0070 196f 8901 000a 2d62 027b a800  ...p.o....-b.{..
0000d010: 0004 72f4 1800 7019 6f89 0100 0a2d 4f02  ..r...p.o....-O.
0000d020: 7ba8 0000 0472 0219 0070 196f 8901 000a  {....r...p.o....
0000d030: 2d3c 027b a800 0004 720e 1900 7019 6f89  -<.{....r...p.o.
0000d040: 0100 0a2d 2902 7ba8 0000 0472 2019 0070  ...-).{....r ..p
0000d050: 196f 8901 000a 2d16 027b a800 0004 722a  .o....-..{....r*
0000d060: 1900 7019 6f89 0100 0a16 fe01 2b01 1613  ..p.o.......+...
0000d070: 0f11 0f39 9001 0000 0002 7ba7 0000 0472  ...9......{....r
0000d080: 0a15 0070 2857 0000 0a72 3619 0070 2857  ...p(W...r6..p(W
0000d090: 0000 0a02 7ba8 0000 0428 1700 000a 6f84  ....{....(....o.
0000d0a0: 0100 0a28 8801 000a 72c4 1500 7028 5700  ...(....r...p(W.
0000d0b0: 000a 72d4 1500 7028 5700 000a 6f56 0100  ..r...p(W...oV..
0000d0c0: 0a6f 2b01 000a 1311 1211 282c 0100 0a2d  .o+.......(,...-
0000d0d0: 4602 1b25 0a7d a300 0004 0211 117d b100  F..%.}.......}..
0000d0e0: 0004 0213 0602 7ca4 0000 0412 1112 0628  ......|........(
0000d0f0: 4e00 002b 00dd 6201 0000 027b b100 0004  N..+..b....{....
0000d100: 1311 027c b100 0004 fe15 2a00 001b 0215  ...|......*.....
0000d110: 250a 7da3 0000 0402 1211 282d 0100 0a7d  %.}.......(-...}
0000d120: ad00 0004 027b ad00 0004 1310 1110 39d4  .....{........9.
0000d130: 0000 0000 027b a700 0004 7b0c 0000 0472  .....{....{....r
0000d140: c217 0070 2857 0000 0a28 1700 000a 6f84  ...p(W...(....o.
0000d150: 0100 0a28 5a01 000a 6f54 0100 0a00 027b  ...(Z...oT.....{
0000d160: a700 0004 7b0c 0000 0417 6f19 0000 0a00  ....{.....o.....
0000d170: 027b a500 0004 7258 1900 706f 8601 000a  .{....rX..po....
0000d180: 6f2b 0100 0a13 1212 1228 2c01 000a 2d46  o+.......(,...-F
0000d190: 021c 250a 7da3 0000 0402 1112 7db1 0000  ..%.}.......}...
0000d1a0: 0402 1306 027c a400 0004 1212 1206 284e  .....|........(N
0000d1b0: 0000 2b00 dda3 0000 0002 7bb1 0000 0413  ..+.......{.....
0000d1c0: 1202 7cb1 0000 04fe 152a 0000 1b02 1525  ..|......*.....%
0000d1d0: 0a7d a300 0004 0212 1228 2d01 000a 7daf  .}.......(-...}.
0000d1e0: 0000 0402 027b af00 0004 2d03 162b 0117  .....{....-..+..
0000d1f0: 7dae 0000 0402 027b a500 0004 6f81 0100  }......{....o...
0000d200: 0a7d a800 0004 0000 027b a800 0004 0bde  .}.......{......
0000d210: 2813 1302 1ffe 7da3 0000 0402 147d a700  (.....}......}..
0000d220: 0004 0214 7da8 0000 0402 7ca4 0000 0411  ....}.....|.....
0000d230: 1328 8a01 000a 00de 2302 1ffe 7da3 0000  .(......#...}...
0000d240: 0402 147d a700 0004 0214 7da8 0000 0402  ...}......}.....
0000d250: 7ca4 0000 0407 288b 0100 0a00 2a00 0000  |.....(.....*...
0000d260: 411c 0000 0000 0000 0700 0000 b607 0000  A...............
0000d270: bd07 0000 2800 0000 1f00 0001 1b30 0300  ....(........0..
0000d280: 7d01 0000 4d00 0011 027b b200 0004 0a06  }...M....{......
0000d290: 2c08 2b00 0617 2e04 2b07 2b18 380e 0100  ,.+.....+.+.8...
0000d2a0: 0000 2817 0000 0a6f 8c01 000a 0b07 39bc  ..(....o......9.
0000d2b0: 0000 0000 0006 2c02 2b02 2b43 0002 7bb4  ......,.+.+C..{.
0000d2c0: 0000 0417 2824 0000 066f 2701 000a 0c12  ....($...o'.....
0000d2d0: 0228 2801 000a 2d43 0216 250a 7db2 0000  .((...-C..%.}...
0000d2e0: 0402 087d b600 0004 020d 027c b300 0004  ...}.......|....
0000d2f0: 1202 1203 284f 0000 2b00 dd05 0100 0002  ....(O..+.......
0000d300: 7bb6 0000 040c 027c b600 0004 fe15 ae00  {......|........
0000d310: 0001 0215 250a 7db2 0000 0412 0228 2a01  ....%.}......(*.
0000d320: 000a 0028 1700 000a 6f8d 0100 0a2c 127e  ...(....o....,.~
0000d330: 2f00 000a 6f39 0000 0a1a fe01 16fe 012b  /...o9.........+
0000d340: 0117 1304 1104 2c05 dda3 0000 0002 7bb4  ......,.......{.
0000d350: 0000 0414 1428 3100 0006 0000 de0e 1305  .....(1.........
0000d360: 0211 057d b500 0004 0000 de00 002b 6502  ...}.........+e.
0000d370: 7bb4 0000 0428 1400 0006 6f27 0100 0a13  {....(....o'....
0000d380: 0612 0628 2801 000a 2d42 0217 250a 7db2  ...((...-B..%.}.
0000d390: 0000 0402 1106 7db6 0000 0402 0d02 7cb3  ......}.......|.
0000d3a0: 0000 0412 0612 0328 4f00 002b 00de 5502  .......(O..+..U.
0000d3b0: 7bb6 0000 0413 0602 7cb6 0000 04fe 15ae  {.......|.......
0000d3c0: 0000 0102 1525 0a7d b200 0004 1206 282a  .....%.}......(*
0000d3d0: 0100 0a00 de1a 1305 021f fe7d b200 0004  ...........}....
0000d3e0: 027c b300 0004 1105 2821 0100 0a00 de14  .|......(!......
0000d3f0: 021f fe7d b200 0004 027c b300 0004 2822  ...}.....|....("
0000d400: 0100 0a00 2a00 0000 4134 0000 0000 0000  ....*...A4......
0000d410: 2d00 0000 a900 0000 d600 0000 0e00 0000  -...............
0000d420: 1f00 0001 0000 0000 0700 0000 4701 0000  ............G...
0000d430: 4e01 0000 1a00 0000 1f00 0001 1b30 0300  N............0..
0000d440: 7202 0000 4e00 0011 027b b700 0004 0a06  r...N....{......
0000d450: 2c02 2b05 3857 0100 0002 7371 0000 067d  ,.+.8W....sq...}
0000d460: ba00 0004 027b ba00 0004 027b b900 0004  .....{.....{....
0000d470: 7d4d 0000 0400 0202 7bb9 0000 047d bb00  }M......{....}..
0000d480: 0004 7e2f 0000 0a02 7bbb 0000 04fe 0619  ..~/....{.......
0000d490: 0000 0673 8e01 000a 6f8f 0100 0a00 7e2f  ...s....o.....~/
0000d4a0: 0000 0a02 7bbb 0000 04fe 0619 0000 0673  ....{..........s
0000d4b0: 8e01 000a 6f90 0100 0a00 027b bb00 0004  ....o......{....
0000d4c0: 7b08 0000 0402 7bbb 0000 04fe 061a 0000  {.....{.........
0000d4d0: 0673 b100 000a 6f91 0100 0a00 027b bb00  .s....o......{..
0000d4e0: 0004 7b08 0000 0402 7bbb 0000 04fe 061a  ..{.....{.......
0000d4f0: 0000 0673 b100 000a 6ff8 0000 0a00 027b  ...s....o......{
0000d500: bb00 0004 7b1a 0000 0416 6f19 0000 0a00  ....{.....o.....
0000d510: 027b ba00 0004 167d 4e00 0004 027b bb00  .{.....}N....{..
0000d520: 0004 7b17 0000 0416 6f54 0000 0a00 027b  ..{.....oT.....{
0000d530: bb00 0004 7b16 0000 0416 6f54 0000 0a00  ....{.....oT....
0000d540: 027b bb00 0004 7b03 0000 0416 6f92 0100  .{....{.....o...
0000d550: 0a00 027b bb00 0004 7b0b 0000 0417 6f19  ...{....{.....o.
0000d560: 0000 0a00 027b ba00 0004 fe06 7200 0006  .....{......r...
0000d570: 7307 0000 0a28 7801 000a 6f27 0100 0a0b  s....(x...o'....
0000d580: 1201 2828 0100 0a2d 4302 1625 0a7d b700  ..((...-C..%.}..
0000d590: 0004 0207 7dbc 0000 0402 0c02 7cb8 0000  ....}.......|...
0000d5a0: 0412 0112 0228 5000 002b 00dd 0901 0000  .....(P..+......
0000d5b0: 027b bc00 0004 0b02 7cbc 0000 04fe 15ae  .{......|.......
0000d5c0: 0000 0102 1525 0a7d b700 0004 1201 282a  .....%.}......(*
0000d5d0: 0100 0a00 027b bb00 0004 7b17 0000 0417  .....{....{.....
0000d5e0: 6f54 0000 0a00 027b bb00 0004 7b16 0000  oT.....{....{...
0000d5f0: 0417 6f54 0000 0a00 027b bb00 0004 7b03  ..oT.....{....{.
0000d600: 0000 0417 6f92 0100 0a00 027b bb00 0004  ....o......{....
0000d610: 7b0b 0000 0416 6f19 0000 0a00 0002 7bbb  {.....o.......{.
0000d620: 0000 046f 2700 0006 2600 de05 2600 00de  ...o'...&...&...
0000d630: 0028 1700 000a 6f93 0100 0a0d 092c 1702  .(....o......,..
0000d640: 7bba 0000 04fe 0675 0000 0673 0700 000a  {......u...s....
0000d650: 281a 0000 0a00 027b ba00 0004 fe06 7600  (......{......v.
0000d660: 0006 7394 0100 0a28 9501 000a 26de 2813  ..s....(....&.(.
0000d670: 0402 1ffe 7db7 0000 0402 147d ba00 0004  ....}......}....
0000d680: 0214 7dbb 0000 0402 7cb8 0000 0411 0428  ..}.....|......(
0000d690: 2101 000a 00de 2202 1ffe 7db7 0000 0402  !....."...}.....
0000d6a0: 147d ba00 0004 0214 7dbb 0000 0402 7cb8  .}......}.....|.
0000d6b0: 0000 0428 2201 000a 002a 0000 4134 0000  ...("....*..A4..
0000d6c0: 0000 0000 d401 0000 1000 0000 e401 0000  ................
0000d6d0: 0500 0000 7b00 0001 0000 0000 0700 0000  ....{...........
0000d6e0: 2002 0000 2702 0000 2800 0000 1f00 0001   ...'...(.......
0000d6f0: 1b30 0200 7300 0000 4f00 0011 027b bd00  .0..s...O....{..
0000d700: 0004 0a00 7e2f 0000 0a6f 3900 000a 1afe  ....~/...o9.....
0000d710: 0116 fe01 0b07 2c02 de40 2848 0000 0a6f  ......,..@(H...o
0000d720: 4900 000a 0c08 2c0d 7e2f 0000 0a28 9601  I.....,.~/...(..
0000d730: 000a 002b 0b7e 2f00 000a 2897 0100 0a00  ...+.~/...(.....
0000d740: de18 0d02 1ffe 7dbd 0000 0402 7cbe 0000  ......}.....|...
0000d750: 0409 2852 0100 0a00 de14 021f fe7d bd00  ..(R.........}..
0000d760: 0004 027c be00 0004 2853 0100 0a00 2a00  ...|....(S....*.
0000d770: 0110 0000 0000 0700 3f46 0018 1f00 0001  ........?F......
0000d780: 1b30 0300 cd00 0000 5000 0011 027b c000  .0......P....{..
0000d790: 0004 0a06 2c02 2b02 2b47 0023 0000 0000  ....,.+.+G.#....
0000d7a0: 0000 1440 2898 0100 0a28 9901 000a 6f27  ...@(....(....o'
0000d7b0: 0100 0a0b 1201 2828 0100 0a2d 4002 1625  ......((...-@..%
0000d7c0: 0a7d c000 0004 0207 7dc3 0000 0402 0c02  .}......}.......
0000d7d0: 7cc1 0000 0412 0112 0228 5100 002b 00de  |........(Q..+..
0000d7e0: 7702 7bc3 0000 040b 027c c300 0004 fe15  w.{......|......
0000d7f0: ae00 0001 0215 250a 7dc0 0000 0412 0128  ......%.}......(
0000d800: 2a01 000a 007e 2800 0004 252d 1726 7e26  *....~(...%-.&~&
0000d810: 0000 04fe 064c 0000 0673 0700 000a 2580  .....L...s....%.
0000d820: 2800 0004 2878 0100 0a26 de18 0d02 1ffe  (...(x...&......
0000d830: 7dc0 0000 0402 7cc1 0000 0409 2821 0100  }.....|.....(!..
0000d840: 0a00 de14 021f fe7d c000 0004 027c c100  .......}.....|..
0000d850: 0004 2822 0100 0a00 2a00 0000 0110 0000  ..("....*.......
0000d860: 0000 0700 99a0 0018 1f00 0001 1b30 0300  .............0..
0000d870: 7101 0000 5100 0011 027b c400 0004 0a06  q...Q....{......
0000d880: 2c08 2b00 0617 2e04 2b07 2b6d 38d7 0000  ,.+.....+.+m8...
0000d890: 0000 0202 7bc6 0000 047d c700 0004 027b  ....{....}.....{
0000d8a0: c700 0004 6f37 0000 0600 027b c700 0004  ....o7.....{....
0000d8b0: 7b0b 0000 0417 6f19 0000 0a00 1f64 2842  {.....o......d(B
0000d8c0: 0100 0a6f 2701 000a 0b12 0128 2801 000a  ...o'......((...
0000d8d0: 2d43 0216 250a 7dc4 0000 0402 077d c800  -C..%.}......}..
0000d8e0: 0004 020c 027c c500 0004 1201 1202 2852  .....|........(R
0000d8f0: 0000 2b00 ddef 0000 0002 7bc8 0000 040b  ..+.......{.....
0000d900: 027c c800 0004 fe15 ae00 0001 0215 250a  .|............%.
0000d910: 7dc4 0000 0412 0128 2a01 000a 0002 7bc7  }......(*.....{.
0000d920: 0000 046f 9a01 000a 739b 0100 0a6f 9c01  ...o....s....o..
0000d930: 000a 6f27 0100 0a0d 1203 2828 0100 0a2d  ..o'......((...-
0000d940: 4302 1725 0a7d c400 0004 0209 7dc8 0000  C..%.}......}...
0000d950: 0402 0c02 7cc5 0000 0412 0312 0228 5200  ....|........(R.
0000d960: 002b 00dd 8000 0000 027b c800 0004 0d02  .+.......{......
0000d970: 7cc8 0000 04fe 15ae 0000 0102 1525 0a7d  |............%.}
0000d980: c400 0004 1203 282a 0100 0a00 027b c700  ......(*.....{..
0000d990: 0004 7b0b 0000 0416 6f19 0000 0a00 027b  ..{.....o......{
0000d9a0: c700 0004 6f38 0000 0600 de21 1304 021f  ....o8.....!....
0000d9b0: fe7d c400 0004 0214 7dc7 0000 0402 7cc5  .}......}.....|.
0000d9c0: 0000 0411 0428 5201 000a 00de 1b02 1ffe  .....(R.........
0000d9d0: 7dc4 0000 0402 147d c700 0004 027c c500  }......}.....|..
0000d9e0: 0004 2853 0100 0a00 2a00 0000 411c 0000  ..(S....*...A...
0000d9f0: 0000 0000 0700 0000 2d01 0000 3401 0000  ........-...4...
0000da00: 2100 0000 1f00 0001 1b30 0300 7101 0000  !........0..q...
0000da10: 5200 0011 027b c900 0004 0a06 2c08 2b00  R....{......,.+.
0000da20: 0617 2e04 2b07 2b6d 38d7 0000 0000 0202  ....+.+m8.......
0000da30: 7bcb 0000 047d cc00 0004 027b cc00 0004  {....}.....{....
0000da40: 6f37 0000 0600 027b cc00 0004 7b0b 0000  o7.....{....{...
0000da50: 0417 6f19 0000 0a00 1f64 2842 0100 0a6f  ..o......d(B...o
0000da60: 2701 000a 0b12 0128 2801 000a 2d43 0216  '......((...-C..
0000da70: 250a 7dc9 0000 0402 077d cd00 0004 020c  %.}......}......
0000da80: 027c ca00 0004 1201 1202 2853 0000 2b00  .|........(S..+.
0000da90: ddef 0000 0002 7bcd 0000 040b 027c cd00  ......{......|..
0000daa0: 0004 fe15 ae00 0001 0215 250a 7dc9 0000  ..........%.}...
0000dab0: 0412 0128 2a01 000a 0002 7bcc 0000 046f  ...(*.....{....o
0000dac0: 9a01 000a 739d 0100 0a6f 9c01 000a 6f27  ....s....o....o'
0000dad0: 0100 0a0d 1203 2828 0100 0a2d 4302 1725  ......((...-C..%
0000dae0: 0a7d c900 0004 0209 7dcd 0000 0402 0c02  .}......}.......
0000daf0: 7cca 0000 0412 0312 0228 5300 002b 00dd  |........(S..+..
0000db00: 8000 0000 027b cd00 0004 0d02 7ccd 0000  .....{......|...
0000db10: 04fe 15ae 0000 0102 1525 0a7d c900 0004  .........%.}....
0000db20: 1203 282a 0100 0a00 027b cc00 0004 7b0b  ..(*.....{....{.
0000db30: 0000 0416 6f19 0000 0a00 027b cc00 0004  ....o......{....
0000db40: 6f38 0000 0600 de21 1304 021f fe7d c900  o8.....!.....}..
0000db50: 0004 0214 7dcc 0000 0402 7cca 0000 0411  ....}.....|.....
0000db60: 0428 5201 000a 00de 1b02 1ffe 7dc9 0000  .(R.........}...
0000db70: 0402 147d cc00 0004 027c ca00 0004 2853  ...}.....|....(S
0000db80: 0100 0a00 2a00 0000 411c 0000 0000 0000  ....*...A.......
0000db90: 0700 0000 2d01 0000 3401 0000 2100 0000  ....-...4...!...
0000dba0: 1f00 0001 1b30 0300 8d01 0000 5300 0011  .....0......S...
0000dbb0: 027b ce00 0004 0a06 2c08 2b00 0617 2e07  .{......,.+.....
0000dbc0: 2b0a 3881 0000 0038 0501 0000 0002 027b  +.8....8.......{
0000dbd0: d000 0004 7dd1 0000 0428 9e01 000a 2c07  ....}....(....,.
0000dbe0: 282a 0000 0a2b 0116 0b07 398a 0000 0000  (*...+....9.....
0000dbf0: 0273 9f01 000a 7dd2 0000 0402 7bd1 0000  .s....}.....{...
0000dc00: 046f 9a01 000a 027b d200 0004 176f a001  .o.....{.....o..
0000dc10: 000a 6f27 0100 0a0c 1202 2828 0100 0a2d  ..o'......((...-
0000dc20: 4302 1625 0a7d ce00 0004 0208 7dd4 0000  C..%.}......}...
0000dc30: 0402 0d02 7ccf 0000 0412 0212 0328 5400  ....|........(T.
0000dc40: 002b 00dd f400 0000 027b d400 0004 0c02  .+.......{......
0000dc50: 7cd4 0000 04fe 15ae 0000 0102 1525 0a7d  |............%.}
0000dc60: ce00 0004 1202 282a 0100 0a00 0002 147d  ......(*.......}
0000dc70: d200 0004 3885 0000 0000 0273 a101 000a  ....8......s....
0000dc80: 7dd3 0000 0402 7bd1 0000 046f 9a01 000a  }.....{....o....
0000dc90: 027b d300 0004 176f a001 000a 6f27 0100  .{.....o....o'..
0000dca0: 0a13 0412 0428 2801 000a 2d42 0217 250a  .....((...-B..%.
0000dcb0: 7dce 0000 0402 1104 7dd4 0000 0402 0d02  }.......}.......
0000dcc0: 7ccf 0000 0412 0412 0328 5400 002b 00de  |........(T..+..
0000dcd0: 6b02 7bd4 0000 0413 0402 7cd4 0000 04fe  k.{.......|.....
0000dce0: 15ae 0000 0102 1525 0a7d ce00 0004 1204  .......%.}......
0000dcf0: 282a 0100 0a00 0002 147d d300 0004 de21  (*.......}.....!
0000dd00: 1305 021f fe7d ce00 0004 0214 7dd1 0000  .....}......}...
0000dd10: 0402 7ccf 0000 0411 0528 5201 000a 00de  ..|......(R.....
0000dd20: 1b02 1ffe 7dce 0000 0402 147d d100 0004  ....}......}....
0000dd30: 027c cf00 0004 2853 0100 0a00 2a00 0000  .|....(S....*...
0000dd40: 411c 0000 0000 0000 0700 0000 4901 0000  A...........I...
0000dd50: 5001 0000 2100 0000 1f00 0001 1b30 0500  P...!........0..
0000dd60: e117 0000 5400 0011 027b d500 0004 0a06  ....T....{......
0000dd70: 4516 0000 0002 0000 0007 0000 000c 0000  E...............
0000dd80: 0011 0000 0011 0000 0016 0000 0016 0000  ................
0000dd90: 001b 0000 0020 0000 0025 0000 002a 0000  ..... ...%...*..
0000dda0: 002f 0000 0034 0000 0039 0000 003e 0000  ./...4...9...>..
0000ddb0: 0043 0000 0048 0000 004d 0000 0052 0000  .C...H...M...R..
0000ddc0: 0057 0000 005c 0000 0061 0000 002b 6438  .W...\...a...+d8
0000ddd0: 6b01 0000 3893 0200 0038 1b03 0000 386a  k...8....8....8j
0000dde0: 0300 0038 cd04 0000 3826 0600 0038 0808  ...8....8&...8..
0000ddf0: 0000 3861 0800 0038 e509 0000 3856 0a00  ..8a...8....8V..
0000de00: 0038 b50a 0000 38fd 0b00 0038 320c 0000  .8....8....82...
0000de10: 387f 0f00 0038 d610 0000 38d7 1200 0038  8....8....8....8
0000de20: be13 0000 381f 1500 0038 d115 0000 388c  ....8....8....8.
0000de30: 1600 0002 737e 0000 067d d900 0004 027b  ....s~...}.....{
0000de40: d900 0004 027b d800 0004 7d57 0000 0402  .....{....}W....
0000de50: 7bd9 0000 0402 7bd7 0000 047d 5800 0004  {.....{....}X...
0000de60: 0002 027b d800 0004 7dda 0000 047e 2f00  ...{....}....~/.
0000de70: 000a 6f39 0000 0a16 fe03 0b07 2c06 0038  ..o9........,..8
0000de80: 7816 0000 0002 7bda 0000 047b 0c00 0004  x.....{....{....
0000de90: 6fa2 0100 0a00 027b da00 0004 7b0c 0000  o......{....{...
0000dea0: 0416 6fa3 0100 0a00 0216 7ddb 0000 0428  ..o.......}....(
0000deb0: 1700 000a 6fa4 0100 0a2c 1628 1700 000a  ....o....,.(....
0000dec0: 6fa4 0100 0a28 a501 000a 6f65 0100 0a2b  o....(....oe...+
0000ded0: 0116 0c08 2c02 0000 2817 0000 0a6f a601  ....,...(....o..
0000dee0: 000a 286a 0100 0a0d 092c 0900 0217 7ddb  ..(j.....,....}.
0000def0: 0000 0400 2817 0000 0a6f a601 000a 28a5  ....(....o....(.
0000df00: 0100 0a28 6001 000a 1304 1104 2c09 0002  ...(`.......,...
0000df10: 177d db00 0004 0028 a501 000a 2817 0000  .}.....(....(...
0000df20: 0a6f a601 000a 2849 0100 0a13 0511 052c  .o....(I.......,
0000df30: 0900 0217 7ddb 0000 0400 1613 062b 5e02  ....}........+^.
0000df40: 7bf3 0000 0413 0802 7cf3 0000 04fe 152a  {.......|......*
0000df50: 0000 1b02 1525 0a7d d500 0004 0212 0828  .....%.}.......(
0000df60: 2d01 000a 7ddc 0000 0402 7bdc 0000 0416  -...}.....{.....
0000df70: fe01 1307 1107 2c03 002b 1c02 7bda 0000  ......,..+..{...
0000df80: 0402 7bda 0000 047b 0700 0004 7e1e 0100  ..{....{....~...
0000df90: 0a6f 0c00 0006 0000 385e 1500 0002 738b  .o......8^....s.
0000dfa0: 0000 067d dd00 0004 027b dd00 0004 027b  ...}.....{.....{
0000dfb0: d900 0004 7d6c 0000 0400 027b dd00 0004  ....}l.....{....
0000dfc0: 7201 0000 707d 6b00 0004 7e2f 0000 0a16  r...p}k...~/....
0000dfd0: fe13 7d55 0100 0a7e 2f00 000a 6fa7 0100  ..}U...~/...o...
0000dfe0: 0a6f a801 000a 0028 1700 000a 166f a901  .o.....(.....o..
0000dff0: 000a 0028 1b00 000a 2c24 2817 0000 0a6f  ...(....,$(....o
0000e000: 5701 000a 172e 0d28 1700 000a 6f57 0100  W......(....oW..
0000e010: 0a18 330a 1f1f 1628 5801 000a 2b01 1613  ..3....(X...+...
0000e020: 0a11 0a39 fc00 0000 0028 4d00 000a 6faa  ...9.....(M...o.
0000e030: 0100 0a6f ab01 000a 130c 120c 28ac 0100  ...o........(...
0000e040: 0a2d 4602 1725 0a7d d500 0004 0211 0c7d  .-F..%.}.......}
0000e050: f400 0004 0213 0902 7cd6 0000 0412 0c12  ........|.......
0000e060: 0928 5500 002b 00dd dc14 0000 027b f400  .(U..+.......{..
0000e070: 0004 130c 027c f400 0004 fe15 3200 001b  .....|......2...
0000e080: 0215 250a 7dd5 0000 0402 120c 28ad 0100  ..%.}.......(...
0000e090: 0a7d de00 0004 027b de00 0004 19fe 0116  .}.....{........
0000e0a0: fe01 130b 110b 2c7b 0002 7bda 0000 046f  ......,{..{....o
0000e0b0: 9a01 000a 1716 73ae 0100 0a6f 9c01 000a  ......s....o....
0000e0c0: 6f27 0100 0a13 0d12 0d28 2801 000a 2d46  o'.......((...-F
0000e0d0: 0218 250a 7dd5 0000 0402 110d 7df5 0000  ..%.}.......}...
0000e0e0: 0402 1309 027c d600 0004 120d 1209 2856  .....|........(V
0000e0f0: 0000 2b00 dd4f 1400 0002 7bf5 0000 0413  ..+..O....{.....
0000e100: 0d02 7cf5 0000 04fe 15ae 0000 0102 1525  ..|............%
0000e110: 0a7d d500 0004 120d 282a 0100 0a00 dd03  .}......(*......
0000e120: 1400 0000 2817 0000 0a6f 5701 000a 1733  ....(....oW....3
0000e130: 1128 1700 000a 6faf 0100 0a28 6a01 000a  .(....o....(j...
0000e140: 2b01 1613 0e11 0e39 3301 0000 0000 0619  +......93.......
0000e150: 2e08 2b00 061a 2e04 2b07 2b63 38eb 0000  ..+.....+.+c8...
0000e160: 0000 027b da00 0004 726e 1900 7028 5700  ...{....rn..p(W.
0000e170: 000a 72ac 1900 7028 5700 000a 72bb 0300  ..r...p(W...r...
0000e180: 706f 6600 000a 6f27 0100 0a13 0f12 0f28  pof...o'.......(
0000e190: 2801 000a 2d46 0219 250a 7dd5 0000 0402  (...-F..%.}.....
0000e1a0: 110f 7df5 0000 0402 1309 027c d600 0004  ..}........|....
0000e1b0: 120f 1209 2856 0000 2b00 dd89 1300 0002  ....(V..+.......
0000e1c0: 7bf5 0000 0413 0f02 7cf5 0000 04fe 15ae  {.......|.......
0000e1d0: 0000 0102 1525 0a7d d500 0004 120f 282a  .....%.}......(*
0000e1e0: 0100 0a00 28b0 0100 0a02 7bda 0000 04fe  ....(.....{.....
0000e1f0: 0116 fe01 1310 1110 2c03 002b 7402 7bda  ........,..+t.{.
0000e200: 0000 046f 9a01 000a 73b1 0100 0a17 6fa0  ...o....s.....o.
0000e210: 0100 0a6f 2701 000a 1311 1211 2828 0100  ...o'.......((..
0000e220: 0a2d 4602 1a25 0a7d d500 0004 0211 117d  .-F..%.}.......}
0000e230: f500 0004 0213 0902 7cd6 0000 0412 1112  ........|.......
0000e240: 0928 5600 002b 00dd fc12 0000 027b f500  .(V..+.......{..
0000e250: 0004 1311 027c f500 0004 fe15 ae00 0001  .....|..........
0000e260: 0215 250a 7dd5 0000 0412 1128 2a01 000a  ..%.}......(*...
0000e270: 0000 de05 2600 00de 0000 3874 1200 0028  ....&.....8t...(
0000e280: 1700 000a 6f57 0100 0a18 2e0d 2817 0000  ....oW......(...
0000e290: 0a6f 5701 000a 1a33 1128 1700 000a 6fb2  .oW....3.(....o.
0000e2a0: 0100 0a28 6a01 000a 2b01 1613 1211 1239  ...(j...+......9
0000e2b0: 3301 0000 0000 061b 2e08 2b00 061c 2e04  3.........+.....
0000e2c0: 2b07 2b63 38eb 0000 0000 027b da00 0004  +.+c8......{....
0000e2d0: 72e8 1900 7028 5700 000a 7222 1a00 7028  r...p(W...r"..p(
0000e2e0: 5700 000a 72bb 0300 706f 6600 000a 6f27  W...r...pof...o'
0000e2f0: 0100 0a13 1312 1328 2801 000a 2d46 021b  .......((...-F..
0000e300: 250a 7dd5 0000 0402 1113 7df5 0000 0402  %.}.......}.....
0000e310: 1309 027c d600 0004 1213 1209 2856 0000  ...|........(V..
0000e320: 2b00 dd21 1200 0002 7bf5 0000 0413 1302  +..!....{.......
0000e330: 7cf5 0000 04fe 15ae 0000 0102 1525 0a7d  |............%.}
0000e340: d500 0004 1213 282a 0100 0a00 28b0 0100  ......(*....(...
0000e350: 0a02 7bda 0000 04fe 0116 fe01 1314 1114  ..{.............
0000e360: 2c03 002b 7402 7bda 0000 046f 9a01 000a  ,..+t.{....o....
0000e370: 73b3 0100 0a17 6fa0 0100 0a6f 2701 000a  s.....o....o'...
0000e380: 1315 1215 2828 0100 0a2d 4602 1c25 0a7d  ....((...-F..%.}
0000e390: d500 0004 0211 157d f500 0004 0213 0902  .......}........
0000e3a0: 7cd6 0000 0412 1512 0928 5600 002b 00dd  |........(V..+..
0000e3b0: 9411 0000 027b f500 0004 1315 027c f500  .....{.......|..
0000e3c0: 0004 fe15 ae00 0001 0215 250a 7dd5 0000  ..........%.}...
0000e3d0: 0412 1528 2a01 000a 0000 de05 2600 00de  ...(*.......&...
0000e3e0: 0000 380c 1100 0002 738c 0000 067d df00  ..8.....s....}..
0000e3f0: 0004 027b df00 0004 027b dd00 0004 7d6f  ...{.....{....}o
0000e400: 0000 0400 282a 0000 0a13 1611 1639 0f01  ....(*.......9..
0000e410: 0000 0000 061d 2e02 2b05 3889 0000 0000  ........+.8.....
0000e420: 2817 0000 0a6f 5701 000a 17fe 0113 1711  (....oW.........
0000e430: 1739 a800 0000 0028 b401 000a 6fb5 0100  .9.....(....o...
0000e440: 0a13 1811 1839 9300 0000 0002 7bda 0000  .....9......{...
0000e450: 0472 5a1a 0070 2857 0000 0a72 981a 0070  .rZ..p(W...r...p
0000e460: 2857 0000 0a72 bb03 0070 6f66 0000 0a6f  (W...r...pof...o
0000e470: 2701 000a 1319 1219 2828 0100 0a2d 4602  '.......((...-F.
0000e480: 1d25 0a7d d500 0004 0211 197d f500 0004  .%.}.......}....
0000e490: 0213 0902 7cd6 0000 0412 1912 0928 5600  ....|........(V.
0000e4a0: 002b 00dd a010 0000 027b f500 0004 1319  .+.......{......
0000e4b0: 027c f500 0004 fe15 ae00 0001 0215 250a  .|............%.
0000e4c0: 7dd5 0000 0412 1928 2a01 000a 0028 b401  }......(*....(..
0000e4d0: 000a 6fb6 0100 0a00 dd49 1000 0000 00de  ..o......I......
0000e4e0: 0e13 1a02 111a 7de1 0000 0400 00de 0000  ......}.........
0000e4f0: 0028 1700 000a 6f57 0100 0a16 fe01 131b  .(....oW........
0000e500: 111b 2c0b 28b4 0100 0a6f b701 000a 0000  ..,.(....o......
0000e510: de0e 131a 0211 1a7d e200 0004 0000 de00  .......}........
0000e520: 0028 1b00 000a 131c 111c 3901 0100 0000  .(........9.....
0000e530: 2817 0000 0a6f b801 000a 2c1f 2817 0000  (....o....,.(...
0000e540: 0a6f 5701 000a 182e 0f28 1700 000a 6f57  .oW......(....oW
0000e550: 0100 0a17 fe01 2b01 172b 0116 131d 111d  ......+..+......
0000e560: 39c4 0000 0000 027b da00 0004 7b0c 0000  9......{....{...
0000e570: 0472 d41a 0070 2857 0000 0a6f 5401 000a  .r...p(W...oT...
0000e580: 0002 7bda 0000 047b 0c00 0004 176f 1900  ..{....{.....o..
0000e590: 000a 0028 1700 000a 6fb9 0100 0a2c 1016  ...(....o....,..
0000e5a0: 2857 0000 2b6f ba01 000a 16fe 012b 0116  (W..+o.......+..
0000e5b0: 131e 111e 2c70 0028 4d00 000a 6fbb 0100  ....,p.(M...o...
0000e5c0: 0a6f 2701 000a 131f 121f 2828 0100 0a2d  .o'.......((...-
0000e5d0: 4602 1e25 0a7d d500 0004 0211 1f7d f500  F..%.}.......}..
0000e5e0: 0004 0213 0902 7cd6 0000 0412 1f12 0928  ......|........(
0000e5f0: 5600 002b 00dd 4e0f 0000 027b f500 0004  V..+..N....{....
0000e600: 131f 027c f500 0004 fe15 ae00 0001 0215  ...|............
0000e610: 250a 7dd5 0000 0412 1f28 2a01 000a 0017  %.}......(*.....
0000e620: 80bc 0100 0a00 002b 0616 80bc 0100 0a00  .......+........
0000e630: 027b df00 0004 1628 5800 002b 7d6d 0000  .{.....(X..+}m..
0000e640: 0428 1700 000a 6f57 0100 0a16 fe01 1320  .(....oW....... 
0000e650: 1120 39dc 0000 0000 0006 1f09 2e02 2b02  . 9...........+.
0000e660: 2b51 0002 7bda 0000 0402 7bdf 0000 047b  +Q..{.....{....{
0000e670: 6d00 0004 6f25 0000 066f bd01 000a 1321  m...o%...o.....!
0000e680: 1221 28be 0100 0a2d 4702 1f09 250a 7dd5  .!(....-G...%.}.
0000e690: 0000 0402 1121 7df6 0000 0402 1309 027c  .....!}........|
0000e6a0: d600 0004 1221 1209 2859 0000 2b00 dd95  .....!..(Y..+...
0000e6b0: 0e00 0002 7bf6 0000 0413 2102 7cf6 0000  ....{.....!.|...
0000e6c0: 04fe 1534 0000 1b02 1525 0a7d d500 0004  ...4.....%.}....
0000e6d0: 0212 2128 bf01 000a 7de3 0000 0402 7bdf  ..!(....}.....{.
0000e6e0: 0000 047b 6f00 0004 027b e300 0004 7d6b  ...{o....{....}k
0000e6f0: 0000 0402 147d e300 0004 00de 2313 1a02  .....}......#...
0000e700: 111a 7de4 0000 0400 027b df00 0004 7b6f  ..}......{....{o
0000e710: 0000 0472 fa17 0070 7d6b 0000 0400 de00  ...r...p}k......
0000e720: 027b da00 0004 7b0c 0000 0416 6f19 0000  .{....{.....o...
0000e730: 0a00 0028 1700 000a 6fc0 0100 0a2d 2328  ...(....o....-#(
0000e740: 1700 000a 6fc1 0100 0a2c 1428 c201 000a  ....o....,.(....
0000e750: 6fc3 0100 0a6f c401 000a 16fe 012b 0116  o....o.......+..
0000e760: 2b01 1713 2211 2239 9b00 0000 0002 7bda  +..."."9......{.
0000e770: 0000 047b 0c00 0004 28c5 0100 0a6f 5401  ...{....(....oT.
0000e780: 000a 007e 2f00 0004 252d 1726 7e26 0000  ...~/...%-.&~&..
0000e790: 04fe 0653 0000 0673 0700 000a 2580 2f00  ...S...s....%./.
0000e7a0: 0004 2878 0100 0a6f 2701 000a 1323 1223  ..(x...o'....#.#
0000e7b0: 2828 0100 0a2d 4702 1f0a 250a 7dd5 0000  ((...-G...%.}...
0000e7c0: 0402 1123 7df5 0000 0402 1309 027c d600  ...#}........|..
0000e7d0: 0004 1223 1209 2856 0000 2b00 dd67 0d00  ...#..(V..+..g..
0000e7e0: 0002 7bf5 0000 0413 2302 7cf5 0000 04fe  ..{.....#.|.....
0000e7f0: 15ae 0000 0102 1525 0a7d d500 0004 1223  .......%.}.....#
0000e800: 282a 0100 0a00 0002 7bdf 0000 04fe 068d  (*......{.......
0000e810: 0000 0673 0700 000a 28c6 0100 0a6f 2701  ...s....(....o'.
0000e820: 000a 1324 1224 2828 0100 0a2d 4702 1f0b  ...$.$((...-G...
0000e830: 250a 7dd5 0000 0402 1124 7df5 0000 0402  %.}......$}.....
0000e840: 1309 027c d600 0004 1224 1209 2856 0000  ...|.....$..(V..
0000e850: 2b00 ddf1 0c00 0002 7bf5 0000 0413 2402  +.......{.....$.
0000e860: 7cf5 0000 04fe 15ae 0000 0102 1525 0a7d  |............%.}
0000e870: d500 0004 1224 282a 0100 0a00 027b df00  .....$(*.....{..
0000e880: 0004 167d 6e00 0004 7e2f 0000 0a14 fe03  ...}n...~/......
0000e890: 1325 1125 2c25 0002 7e2f 0000 0a6f c701  .%.%,%..~/...o..
0000e8a0: 000a 7de5 0000 0402 7be5 0000 046f c801  ..}.....{....o..
0000e8b0: 000a 0000 0214 7de5 0000 0400 061f 0c2e  ......}.........
0000e8c0: 022b 0538 8900 0000 0028 1700 000a 6fc9  .+.8.....(....o.
0000e8d0: 0100 0a2c 0a28 ca01 000a 14fe 012b 0116  ...,.(.......+..
0000e8e0: 1326 1126 2c0b 73cb 0100 0a28 cc01 000a  .&.&,.s....(....
0000e8f0: 0028 cd01 000a 0002 7bdf 0000 04fe 068e  .(......{.......
0000e900: 0000 0673 9401 000a 2895 0100 0a17 6fce  ...s....(.....o.
0000e910: 0100 0a13 2812 2828 cf01 000a 1327 1227  ....(.((.....'.'
0000e920: 28d0 0100 0a2d 4702 1f0c 250a 7dd5 0000  (....-G...%.}...
0000e930: 0402 1127 7df7 0000 0402 1309 027c d600  ...'}........|..
0000e940: 0004 1227 1209 285a 0000 2b00 ddf7 0b00  ...'..(Z..+.....
0000e950: 0002 7bf7 0000 0413 2702 7cf7 0000 04fe  ..{.....'.|.....
0000e960: 15d4 0000 0102 1525 0a7d d500 0004 1227  .......%.}.....'
0000e970: 28d1 0100 0a00 00de 0e13 1a02 111a 7de6  (.............}.
0000e980: 0000 0400 00de 0028 1700 000a 6f57 0100  .......(....oW..
0000e990: 0a17 332a 027b df00 0004 7b6e 0000 042d  ..3*.{....{n...-
0000e9a0: 1d28 1700 000a 6fd2 0100 0a2c 117e 2f00  .(....o....,.~/.
0000e9b0: 000a fe13 7b55 0100 0a16 fe01 2b01 1613  ....{U......+...
0000e9c0: 2911 2939 1d01 0000 0028 d301 000a 6f2b  ).)9.....(....o+
0000e9d0: 0100 0a13 2b12 2b28 2c01 000a 2d47 021f  ....+.+(,...-G..
0000e9e0: 0d25 0a7d d500 0004 0211 2b7d f300 0004  .%.}......+}....
0000e9f0: 0213 0902 7cd6 0000 0412 2b12 0928 5b00  ....|.....+..([.
0000ea00: 002b 00dd 400b 0000 027b f300 0004 132b  .+..@....{.....+
0000ea10: 027c f300 0004 fe15 2a00 001b 0215 250a  .|......*.....%.
0000ea20: 7dd5 0000 0402 122b 282d 0100 0a7d e700  }......+(-...}..
0000ea30: 0004 027b e700 0004 132a 112a 39a3 0000  ...{.....*.*9...
0000ea40: 0000 0006 1f0e 2e02 2b02 2b61 0028 cd01  ........+.+a.(..
0000ea50: 000a 0002 7bdf 0000 04fe 068f 0000 0673  ....{..........s
0000ea60: 9401 000a 2895 0100 0a17 6fce 0100 0a13  ....(.....o.....
0000ea70: 2812 2828 cf01 000a 132c 122c 28d0 0100  (.((.....,.,(...
0000ea80: 0a2d 4702 1f0e 250a 7dd5 0000 0402 112c  .-G...%.}......,
0000ea90: 7df7 0000 0402 1309 027c d600 0004 122c  }........|.....,
0000eaa0: 1209 285a 0000 2b00 dd9b 0a00 0002 7bf7  ..(Z..+.......{.
0000eab0: 0000 0413 2c02 7cf7 0000 04fe 15d4 0000  ....,.|.........
0000eac0: 0102 1525 0a7d d500 0004 122c 28d1 0100  ...%.}.....,(...
0000ead0: 0a00 00de 0e13 1a02 111a 7de8 0000 0400  ..........}.....
0000eae0: 00de 0000 0002 7201 0000 707d e000 0004  ......r...p}....
0000eaf0: 0228 1700 000a 6f57 0100 0a13 2d11 2d7d  .(....oW....-.-}
0000eb00: e900 0004 027b e900 0004 132e 112e 4503  .....{........E.
0000eb10: 0000 0002 0000 0028 0000 003a 0000 002b  .......(...:...+
0000eb20: 4a02 2817 0000 0a6f d401 000a 7206 1b00  J.(....o....r...
0000eb30: 7028 1700 000a 6fd5 0100 0a28 6d01 000a  p(....o....(m...
0000eb40: 7de0 0000 042b 2402 2817 0000 0a6f af01  }....+$.(....o..
0000eb50: 000a 7de0 0000 042b 1202 2817 0000 0a6f  ..}....+..(....o
0000eb60: b201 000a 7de0 0000 042b 0002 7be0 0000  ....}....+..{...
0000eb70: 0428 d601 000a 2602 7bda 0000 047b 0c00  .(....&.{....{..
0000eb80: 0004 166f 1900 000a 0002 7bdf 0000 047b  ...o......{....{
0000eb90: 6e00 0004 2c11 7e2f 0000 0afe 137b 5501  n...,.~/.....{U.
0000eba0: 000a 16fe 012b 0116 132f 112f 39a2 0800  .....+..././9...
0000ebb0: 0000 2817 0000 0a6f d701 000a 2c0f 2817  ..(....o....,.(.
0000ebc0: 0000 0a6f 5701 000a 16fe 012b 0116 1330  ...oW......+...0
0000ebd0: 1130 2c67 0028 1b00 000a 1331 1131 2c3f  .0,g.(.....1.1,?
0000ebe0: 0002 7bdf 0000 047b 6f00 0004 7b6b 0000  ..{....{o...{k..
0000ebf0: 0472 fa17 0070 2887 0100 0a13 3211 322c  .r...p(.....2.2,
0000ec00: 1b28 1700 000a 027b df00 0004 7b6f 0000  .(.....{....{o..
0000ec10: 047b 6b00 0004 6fd8 0100 0a00 002b 1b28  .{k...o......+.(
0000ec20: 1700 000a 027b df00 0004 7b6f 0000 047b  .....{....{o...{
0000ec30: 6b00 0004 6fd8 0100 0a00 0002 7bdf 0000  k...o.......{...
0000ec40: 047b 6f00 0004 7b6c 0000 047b 5800 0004  .{o...{l...{X...
0000ec50: 1333 1133 39d7 0700 0002 7396 0000 067d  .3.39.....s....}
0000ec60: ea00 0004 027b ea00 0004 027b df00 0004  .....{.....{....
0000ec70: 7d7d 0000 0400 7e2f 0000 0afe 137b 5501  }}....~/.....{U.
0000ec80: 000a 1334 1134 2c05 dd99 0800 0002 7bda  ...4.4,.......{.
0000ec90: 0000 047b 0c00 0004 720a 1b00 7028 5700  ...{....r...p(W.
0000eca0: 000a 6f54 0100 0a00 027b da00 0004 7b0c  ..oT.....{....{.
0000ecb0: 0000 0417 6f19 0000 0a00 027b ea00 0004  ....o......{....
0000ecc0: 73d9 0100 0a7d 7b00 0004 027b ea00 0004  s....}{....{....
0000ecd0: 7b7b 0000 0402 7bda 0000 04fe 0626 0000  {{....{......&..
0000ece0: 0673 da01 000a 6fdb 0100 0a00 027b ea00  .s....o......{..
0000ecf0: 0004 197d 7a00 0004 2817 0000 0a6f dc01  ...}z...(....o..
0000ed00: 000a 2d0c 2817 0000 0a6f 5e01 000a 2b01  ..-.(....o^...+.
0000ed10: 1613 3511 352c 0c02 7bea 0000 0418 7d7a  ..5.5,..{.....}z
0000ed20: 0000 0428 9f00 000a 6fdd 0100 0a00 027b  ...(....o......{
0000ed30: ea00 0004 167d 7c00 0004 027b ea00 0004  .....}|....{....
0000ed40: fe06 9700 0006 7394 0100 0a28 9501 000a  ......s....(....
0000ed50: 176f ce01 000a 1328 1228 28cf 0100 0a13  .o.....(.((.....
0000ed60: 3612 3628 d001 000a 2d47 021f 0f25 0a7d  6.6(....-G...%.}
0000ed70: d500 0004 0211 367d f700 0004 0213 0902  ......6}........
0000ed80: 7cd6 0000 0412 3612 0928 5a00 002b 00dd  |.....6..(Z..+..
0000ed90: b407 0000 027b f700 0004 1336 027c f700  .....{.....6.|..
0000eda0: 0004 fe15 d400 0001 0215 250a 7dd5 0000  ..........%.}...
0000edb0: 0412 3628 d101 000a 0002 7bea 0000 047b  ..6(......{....{
0000edc0: 7c00 0004 1337 1137 3959 0600 0000 2817  |....7.79Y....(.
0000edd0: 0000 0a25 6f7b 0100 0a17 5813 3811 386f  ...%o{....X.8.8o
0000ede0: de01 000a 0028 1700 000a 6f57 0100 0a16  .....(....oW....
0000edf0: fe01 1339 1139 2c76 0028 1b00 000a 133a  ...9.9,v.(.....:
0000ee00: 113a 2c49 0002 7bea 0000 047b 7d00 0004  .:,I..{....{}...
0000ee10: 7b6f 0000 047b 6b00 0004 72fa 1700 7028  {o...{k...r...p(
0000ee20: 8701 000a 133b 113b 2c20 2817 0000 0a02  .....;.;, (.....
0000ee30: 7bea 0000 047b 7d00 0004 7b6f 0000 047b  {....{}...{o...{
0000ee40: 6b00 0004 6fd8 0100 0a00 002b 2028 1700  k...o......+ (..
0000ee50: 000a 027b ea00 0004 7b7d 0000 047b 6f00  ...{....{}...{o.
0000ee60: 0004 7b6b 0000 046f d801 000a 0000 281b  ..{k...o......(.
0000ee70: 0000 0a2c 0c28 1700 000a 6fdf 0100 0a2b  ...,.(....o....+
0000ee80: 0116 133c 113c 2c11 284d 0000 0a25 2d03  ...<.<,.(M...%-.
0000ee90: 262b 066f e001 000a 0002 7bda 0000 047b  &+.o......{....{
0000eea0: 0c00 0004 166f 1900 000a 0002 7bda 0000  .....o......{...
0000eeb0: 046f 2800 0006 6f2b 0100 0a13 3d12 3d28  .o(...o+....=.=(
0000eec0: 2c01 000a 2d47 021f 1025 0a7d d500 0004  ,...-G...%.}....
0000eed0: 0211 3d7d f300 0004 0213 0902 7cd6 0000  ..=}........|...
0000eee0: 0412 3d12 0928 5b00 002b 00dd 5806 0000  ..=..([..+..X...
0000eef0: 027b f300 0004 133d 027c f300 0004 fe15  .{.....=.|......
0000ef00: 2a00 001b 0215 250a 7dd5 0000 0402 123d  *.....%.}......=
0000ef10: 282d 0100 0a7d ec00 0004 0202 7bec 0000  (-...}......{...
0000ef20: 042d 0316 2b01 177d eb00 0004 2817 0000  .-..+..}....(...
0000ef30: 0a6f e101 000a 2c2b 2817 0000 0a6f e201  .o....,+(....o..
0000ef40: 000a 2d1f 7e2f 0000 0a7b 6301 000a 182e  ..-.~/...{c.....
0000ef50: 0f7e 2f00 000a 7b63 0100 0a19 fe01 2b01  .~/...{c......+.
0000ef60: 172b 0116 133e 113e 39c3 0200 0002 739b  .+...>.>9.....s.
0000ef70: 0000 067d ed00 0004 027b ed00 0004 027b  ...}.....{.....{
0000ef80: ea00 0004 7d85 0000 0400 027b ed00 0004  ....}......{....
0000ef90: 7232 1b00 7028 5700 000a 7d84 0000 0402  r2..p(W...}.....
0000efa0: 7bda 0000 047b 0c00 0004 027b ed00 0004  {....{.....{....
0000efb0: 7b84 0000 046f 5401 000a 0002 7bda 0000  {....oT.....{...
0000efc0: 047b 0c00 0004 726e 1b00 7028 5700 000a  .{....rn..p(W...
0000efd0: 6fe3 0100 0a00 027b da00 0004 7b0c 0000  o......{....{...
0000efe0: 0417 6fa3 0100 0a00 027b ed00 0004 73e4  ..o......{....s.
0000eff0: 0100 0a7d 8300 0004 0202 7bed 0000 04fe  ...}......{.....
0000f000: 069c 0000 0673 b100 000a 7dee 0000 0402  .....s....}.....
0000f010: 7bda 0000 047b 0c00 0004 257b e501 000a  {....{....%{....
0000f020: 027b ee00 0004 28e6 0100 0a74 8300 0001  .{....(....t....
0000f030: 7de5 0100 0a02 7bda 0000 047b 0c00 0004  }.....{....{....
0000f040: 257b e501 000a 027b ee00 0004 28e7 0100  %{.....{....(...
0000f050: 0a74 8300 0001 7de5 0100 0a02 7bda 0000  .t....}.....{...
0000f060: 047b 0c00 0004 176f 1900 000a 0002 027b  .{.....o.......{
0000f070: ed00 0004 fe06 9d00 0006 73e8 0100 0a73  ..........s....s
0000f080: e901 000a 7def 0000 0402 7bda 0000 046f  ....}.....{....o
0000f090: 3700 0006 0002 027b ed00 0004 7b83 0000  7......{....{...
0000f0a0: 046f ea01 000a 7df0 0000 0402 7bef 0000  .o....}.....{...
0000f0b0: 0402 7bf0 0000 0428 eb01 000a 6fbd 0100  ..{....(....o...
0000f0c0: 0a13 3f12 3f28 be01 000a 2d47 021f 1125  ..?.?(....-G...%
0000f0d0: 0a7d d500 0004 0211 3f7d f600 0004 0213  .}......?}......
0000f0e0: 0902 7cd6 0000 0412 3f12 0928 5900 002b  ..|.....?..(Y..+
0000f0f0: 00dd 5204 0000 027b f600 0004 133f 027c  ..R....{.....?.|
0000f100: f600 0004 fe15 3400 001b 0215 250a 7dd5  ......4.....%.}.
0000f110: 0000 0402 123f 28bf 0100 0a7d f200 0004  .....?(....}....
0000f120: 0202 7bf2 0000 047d f100 0004 0214 7df2  ..{....}......}.
0000f130: 0000 0402 7bda 0000 046f 3800 0006 0002  ....{....o8.....
0000f140: 7bda 0000 047b 0c00 0004 166f 1900 000a  {....{.....o....
0000f150: 0002 7bda 0000 047b 0c00 0004 6fa2 0100  ..{....{....o...
0000f160: 0a00 027b da00 0004 7b0c 0000 0416 6fa3  ...{....{.....o.
0000f170: 0100 0a00 027b f100 0004 286a 0100 0a16  .....{....(j....
0000f180: fe01 1340 1140 2c7f 027b da00 0004 7280  ...@.@,..{....r.
0000f190: 1b00 7028 5700 000a 027b f100 0004 72bb  ..p(W....{....r.
0000f1a0: 0300 706f 6600 000a 6f27 0100 0a13 4112  ..pof...o'....A.
0000f1b0: 4128 2801 000a 2d47 021f 1225 0a7d d500  A((...-G...%.}..
0000f1c0: 0004 0211 417d f500 0004 0213 0902 7cd6  ....A}........|.
0000f1d0: 0000 0412 4112 0928 5600 002b 00dd 6603  ....A..(V..+..f.
0000f1e0: 0000 027b f500 0004 1341 027c f500 0004  ...{.....A.|....
0000f1f0: fe15 ae00 0001 0215 250a 7dd5 0000 0412  ........%.}.....
0000f200: 4128 2a01 000a 0000 0214 7ded 0000 0402  A(*.......}.....
0000f210: 147d ee00 0004 0214 7def 0000 0402 7cf0  .}......}.....|.
0000f220: 0000 04fe 15d2 0000 0102 147d f100 0004  ...........}....
0000f230: 7e2f 0000 0a6f 3a00 000a 6fec 0100 0a25  ~/...o:...o....%
0000f240: 2d03 262b 0628 ed01 000a 0028 1700 000a  -.&+.(.....(....
0000f250: 6fee 0100 0a13 4211 422c 0828 ef01 000a  o.....B.B,.(....
0000f260: 002b 117e 2f00 000a 6f3a 0000 0a14 6ff0  .+.~/...o:....o.
0000f270: 0100 0a00 284b 0000 0a00 7e2f 0000 0a7b  ....(K....~/...{
0000f280: 6301 000a 182e 0d7e 2f00 000a 7b63 0100  c......~/...{c..
0000f290: 0a19 333e 2817 0000 0a6f f101 000a 2d32  ..3>(....o....-2
0000f2a0: 2817 0000 0a6f f201 000a 2d26 2817 0000  (....o....-&(...
0000f2b0: 0a6f 7b01 000a 1731 1928 1700 000a 6f5f  .o{....1.(....o_
0000f2c0: 0100 0a72 ca1b 0070 2860 0100 0a16 fe01  ...r...p(`......
0000f2d0: 2b01 1613 4311 4339 9200 0000 0028 1700  +...C.C9.....(..
0000f2e0: 000a 176f f301 000a 0002 7bea 0000 047b  ...o......{....{
0000f2f0: 7d00 0004 7b6f 0000 047b 6c00 0004 fe06  }...{o...{l.....
0000f300: 7f00 0006 7394 0100 0a28 f401 000a 6f27  ....s....(....o'
0000f310: 0100 0a13 4412 4428 2801 000a 2d47 021f  ....D.D((...-G..
0000f320: 1325 0a7d d500 0004 0211 447d f500 0004  .%.}......D}....
0000f330: 0213 0902 7cd6 0000 0412 4412 0928 5600  ....|.....D..(V.
0000f340: 002b 00dd 0002 0000 027b f500 0004 1344  .+.......{.....D
0000f350: 027c f500 0004 fe15 ae00 0001 0215 250a  .|............%.
0000f360: 7dd5 0000 0412 4428 2a01 000a 0000 2817  }.....D(*.....(.
0000f370: 0000 0a6f f501 000a 2c0f 2817 0000 0a6f  ...o....,.(....o
0000f380: f601 000a 16fe 012b 0116 1345 1145 3992  .......+...E.E9.
0000f390: 0000 0000 2817 0000 0a17 6ff7 0100 0a00  ....(.....o.....
0000f3a0: 027b ea00 0004 7b7d 0000 047b 6f00 0004  .{....{}...{o...
0000f3b0: 7b6c 0000 04fe 0680 0000 0673 9401 000a  {l.........s....
0000f3c0: 28f4 0100 0a6f 2701 000a 1346 1246 2828  (....o'....F.F((
0000f3d0: 0100 0a2d 4702 1f14 250a 7dd5 0000 0402  ...-G...%.}.....
0000f3e0: 1146 7df5 0000 0402 1309 027c d600 0004  .F}........|....
0000f3f0: 1246 1209 2856 0000 2b00 dd49 0100 0002  .F..(V..+..I....
0000f400: 7bf5 0000 0413 4602 7cf5 0000 04fe 15ae  {.....F.|.......
0000f410: 0000 0102 1525 0a7d d500 0004 1246 282a  .....%.}.....F(*
0000f420: 0100 0a00 0000 0002 147d ea00 0004 2b10  .........}....+.
0000f430: 7e2f 0000 0a72 d21b 0070 6ff8 0100 0a00  ~/...r...po.....
0000f440: 027b da00 0004 7b0c 0000 0416 6f19 0000  .{....{.....o...
0000f450: 0a00 0002 7bda 0000 047b 0c00 0004 166f  ....{....{.....o
0000f460: 1900 000a 0002 7bdf 0000 047b 6f00 0004  ......{....{o...
0000f470: 7b6c 0000 04fe 0681 0000 0673 9401 000a  {l.........s....
0000f480: 28f4 0100 0a6f 2701 000a 1347 1247 2828  (....o'....G.G((
0000f490: 0100 0a2d 4702 1f15 250a 7dd5 0000 0402  ...-G...%.}.....
0000f4a0: 1147 7df5 0000 0402 1309 027c d600 0004  .G}........|....
0000f4b0: 1247 1209 2856 0000 2b00 dd89 0000 0002  .G..(V..+.......
0000f4c0: 7bf5 0000 0413 4702 7cf5 0000 04fe 15ae  {.....G.|.......
0000f4d0: 0000 0102 1525 0a7d d500 0004 1247 282a  .....%.}.....G(*
0000f4e0: 0100 0a00 0002 147d df00 0004 0214 7de0  .......}......}.
0000f4f0: 0000 0400 0214 7ddd 0000 0400 de28 131a  ......}......(..
0000f500: 021f fe7d d500 0004 0214 7dd9 0000 0402  ...}......}.....
0000f510: 147d da00 0004 027c d600 0004 111a 2852  .}.....|......(R
0000f520: 0100 0a00 de22 021f fe7d d500 0004 0214  ....."...}......
0000f530: 7dd9 0000 0402 147d da00 0004 027c d600  }......}.....|..
0000f540: 0004 2853 0100 0a00 2a00 0000 41c4 0000  ..(S....*...A...
0000f550: 0000 0000 e603 0000 2601 0000 0c05 0000  ........&.......
0000f560: 0500 0000 7b00 0001 0000 0000 4e05 0000  ....{.......N...
0000f570: 2601 0000 7406 0000 0500 0000 7b00 0001  &...t.......{...
0000f580: 0000 0000 ac06 0000 cd00 0000 7907 0000  ............y...
0000f590: 0e00 0000 1f00 0001 0000 0000 8807 0000  ................
0000f5a0: 2200 0000 aa07 0000 0e00 0000 1f00 0001  "...............
0000f5b0: 0000 0000 f108 0000 a400 0000 9509 0000  ................
0000f5c0: 2300 0000 1f00 0001 0000 0000 540b 0000  #...........T...
0000f5d0: bd00 0000 110c 0000 0e00 0000 1f00 0001  ................
0000f5e0: 0000 0000 db0c 0000 9200 0000 6d0d 0000  ............m...
0000f5f0: 0e00 0000 1f00 0001 0000 0000 0700 0000  ................
0000f600: 8f17 0000 9617 0000 2800 0000 1f00 0001  ........(.......
0000f610: 1b30 0300 5201 0000 5500 0011 027b f800  .0..R...U....{..
0000f620: 0004 0a06 2c02 2b05 38da 0000 0002 73a5  ....,.+.8.....s.
0000f630: 0000 067d fb00 0004 0002 7bfb 0000 0402  ...}......{.....
0000f640: 7bfa 0000 047d 8f00 0004 2817 0000 0a6f  {....}....(....o
0000f650: f901 000a 16fe 010c 082c 1f00 027b fb00  .........,...{..
0000f660: 0004 fe06 a600 0006 7307 0000 0a28 1a00  ........s....(..
0000f670: 000a 0016 0bdd d700 0000 027b fb00 0004  ...........{....
0000f680: fe06 a700 0006 7307 0000 0a28 1a00 000a  ......s....(....
0000f690: 007e 2f00 000a 6f39 0000 0a1a 331c 7e2f  .~/...o9....3.~/
0000f6a0: 0000 0a6f 6101 000a 1932 0f28 1700 000a  ...oa....2.(....
0000f6b0: 6ffa 0100 0a16 fe01 2b01 170d 092c 0716  o.......+....,..
0000f6c0: 0bdd 8b00 0000 289f 0000 0a16 6ffb 0100  ......(.....o...
0000f6d0: 0a6f 2701 000a 1304 1204 2828 0100 0a2d  .o'.......((...-
0000f6e0: 4302 1625 0a7d f800 0004 0211 047d fc00  C..%.}.......}..
0000f6f0: 0004 0213 0502 7cf9 0000 0412 0412 0528  ......|........(
0000f700: 5c00 002b 00de 6602 7bfc 0000 0413 0402  \..+..f.{.......
0000f710: 7cfc 0000 04fe 15ae 0000 0102 1525 0a7d  |............%.}
0000f720: f800 0004 1204 282a 0100 0a00 170b de21  ......(*.......!
0000f730: 1306 021f fe7d f800 0004 0214 7dfb 0000  .....}......}...
0000f740: 0402 7cf9 0000 0411 0628 fd01 000a 00de  ..|......(......
0000f750: 1c02 1ffe 7df8 0000 0402 147d fb00 0004  ....}......}....
0000f760: 027c f900 0004 0728 fe01 000a 002a 0000  .|.....(.....*..
0000f770: 411c 0000 0000 0000 0700 0000 0d01 0000  A...............
0000f780: 1401 0000 2100 0000 1f00 0001 1b30 0400  ....!........0..
0000f790: 1802 0000 5600 0011 027b fd00 0004 0a06  ....V....{......
0000f7a0: 2c08 2b00 0617 2e07 2b0a 3896 0000 0038  ,.+.....+.8....8
0000f7b0: 7201 0000 0002 027b 0101 0004 7d02 0100  r......{....}...
0000f7c0: 0402 7b02 0100 0416 6f29 0000 0616 fe01  ..{.....o)......
0000f7d0: 0b07 2c05 ddbb 0100 0016 285e 0000 0a16  ..,.......(^....
0000f7e0: fe01 0c08 3986 0000 0000 027b 0201 0004  ....9......{....
0000f7f0: 7222 1c00 7028 5700 000a 725c 1c00 7028  r"..p(W...r\..p(
0000f800: 5700 000a 72bb 0300 706f 6600 000a 6f27  W...r...pof...o'
0000f810: 0100 0a0d 1203 2828 0100 0a2d 4402 1625  ......((...-D..%
0000f820: 0a7d fd00 0004 0209 7d04 0100 0402 1304  .}......}.......
0000f830: 027c fe00 0004 1203 1204 285d 0000 2b00  .|........(]..+.
0000f840: dd6a 0100 0002 7b04 0100 040d 027c 0401  .j....{......|..
0000f850: 0004 fe15 ae00 0001 0215 250a 7dfd 0000  ..........%.}...
0000f860: 0412 0328 2a01 000a 0000 3802 0100 0000  ...(*.....8.....
0000f870: 027b 0201 0004 6f37 0000 0600 027b 0201  .{....o7.....{..
0000f880: 0004 7b0b 0000 0417 6f19 0000 0a00 7e2f  ..{.....o.....~/
0000f890: 0000 0a16 6f30 0000 0a00 0214 7d03 0100  ....o0......}...
0000f8a0: 0428 9e01 000a 1305 1105 2c1a 0028 2a00  .(........,..(*.
0000f8b0: 000a 1306 1106 2c0b 0273 ff01 000a 7d03  ......,..s....}.
0000f8c0: 0100 0400 2b0b 0273 0002 000a 7d03 0100  ....+..s....}...
0000f8d0: 0417 8029 0000 0a02 7b02 0100 046f 9a01  ...)....{....o..
0000f8e0: 000a 027b 0301 0004 6f9c 0100 0a6f 2701  ...{....o....o'.
0000f8f0: 000a 1307 1207 2828 0100 0a2d 4602 1725  ......((...-F..%
0000f900: 0a7d fd00 0004 0211 077d 0401 0004 0213  .}.......}......
0000f910: 0402 7cfe 0000 0412 0712 0428 5d00 002b  ..|........(]..+
0000f920: 00dd 8900 0000 027b 0401 0004 1307 027c  .......{.......|
0000f930: 0401 0004 fe15 ae00 0001 0215 250a 7dfd  ............%.}.
0000f940: 0000 0412 0728 2a01 000a 0002 7b02 0100  .....(*.....{...
0000f950: 046f 3800 0006 0002 7b02 0100 047b 0b00  .o8.....{....{..
0000f960: 0004 166f 1900 000a 0000 0214 7d03 0100  ...o........}...
0000f970: 04de 2113 0802 1ffe 7dfd 0000 0402 147d  ..!.....}......}
0000f980: 0201 0004 027c fe00 0004 1108 2821 0100  .....|......(!..
0000f990: 0a00 de1b 021f fe7d fd00 0004 0214 7d02  .......}......}.
0000f9a0: 0100 0402 7cfe 0000 0428 2201 000a 002a  ....|....("....*
0000f9b0: 411c 0000 0000 0000 0700 0000 d401 0000  A...............
0000f9c0: db01 0000 2100 0000 1f00 0001 1b30 0300  ....!........0..
0000f9d0: 8001 0000 5700 0011 027b 0501 0004 0a06  ....W....{......
0000f9e0: 2c08 2b00 0617 2e04 2b07 2b7c 38a2 0000  ,.+.....+.+|8...
0000f9f0: 0000 027b 0901 0004 7b16 0000 0416 6f54  ...{....{.....oT
0000fa00: 0000 0a00 2817 0000 0a6f 8c01 000a 2c11  ....(....o....,.
0000fa10: 2817 0000 0a6f 7401 000a 286a 0100 0a2b  (....ot...(j...+
0000fa20: 0117 0b07 2c6c 0002 7b09 0100 0428 1400  ....,l..{....(..
0000fa30: 0006 6f27 0100 0a0c 1202 2828 0100 0a2d  ..o'......((...-
0000fa40: 4302 1625 0a7d 0501 0004 0208 7d0b 0100  C..%.}......}...
0000fa50: 0402 0d02 7c06 0100 0412 0212 0328 5e00  ....|........(^.
0000fa60: 002b 00dd ef00 0000 027b 0b01 0004 0c02  .+.......{......
0000fa70: 7c0b 0100 04fe 15ae 0000 0102 1525 0a7d  |............%.}
0000fa80: 0501 0004 1202 282a 0100 0a00 0038 8300  ......(*.....8..
0000fa90: 0000 0000 0617 2e02 2b02 2b42 0002 7b09  ........+.+B..{.
0000faa0: 0100 0417 2824 0000 066f 2701 000a 1304  ....($...o'.....
0000fab0: 1204 2828 0100 0a2d 4202 1725 0a7d 0501  ..((...-B..%.}..
0000fac0: 0004 0211 047d 0b01 0004 020d 027c 0601  .....}.......|..
0000fad0: 0004 1204 1203 285e 0000 2b00 de79 027b  ......(^..+..y.{
0000fae0: 0b01 0004 1304 027c 0b01 0004 fe15 ae00  .......|........
0000faf0: 0001 0215 250a 7d05 0100 0412 0428 2a01  ....%.}......(*.
0000fb00: 000a 0000 de0e 1305 0211 057d 0a01 0004  ...........}....
0000fb10: 0000 de00 0002 7b09 0100 047b 1600 0004  ......{....{....
0000fb20: 176f 5400 000a 00de 1a13 0502 1ffe 7d05  .oT...........}.
0000fb30: 0100 0402 7c06 0100 0411 0528 2101 000a  ....|......(!...
0000fb40: 00de 1402 1ffe 7d05 0100 0402 7c06 0100  ......}.....|...
0000fb50: 0428 2201 000a 002a 4134 0000 0000 0000  .("....*A4......
0000fb60: bc00 0000 7200 0000 2e01 0000 0e00 0000  ....r...........
0000fb70: 1f00 0001 0000 0000 0700 0000 4a01 0000  ............J...
0000fb80: 5101 0000 1a00 0000 1f00 0001 1b30 0300  Q............0..
0000fb90: 1a04 0000 5800 0011 027b 0c01 0004 0a06  ....X....{......
0000fba0: 4505 0000 0002 0000 0007 0000 000c 0000  E...............
0000fbb0: 0011 0000 0016 0000 002b 1938 4701 0000  .........+.8G...
0000fbc0: 38b6 0100 0038 3a02 0000 38a9 0200 0038  8....8:...8....8
0000fbd0: 3903 0000 0002 027b 1001 0004 7d11 0100  9......{....}...
0000fbe0: 0402 7b11 0100 0416 6f29 0000 0616 fe01  ..{.....o)......
0000fbf0: 0b07 2c05 dd9d 0300 0002 7b11 0100 046f  ..,.......{....o
0000fc00: 3700 0006 0002 7b11 0100 047b 0b00 0004  7.....{....{....
0000fc10: 176f 1900 000a 0002 167d 1201 0004 7e2f  .o.......}....~/
0000fc20: 0000 0a7b 6301 000a 1733 4528 1700 000a  ...{c....3E(....
0000fc30: 6f01 0200 0a19 3311 2817 0000 0a6f 0202  o.....3.(....o..
0000fc40: 000a 286a 0100 0a2c 2428 1700 000a 6f03  ..(j...,$(....o.
0000fc50: 0200 0a19 3314 2817 0000 0a6f 0402 000a  ....3.(....o....
0000fc60: 286a 0100 0a16 fe01 2b01 162b 0117 2b01  (j......+..+..+.
0000fc70: 160c 082c 0702 177d 1201 0004 1780 2900  ...,...}......).
0000fc80: 000a 2848 0000 0a6f 4900 000a 2d12 2805  ..(H...oI...-.(.
0000fc90: 0200 0a2c 0b02 7b12 0100 0416 fe01 2b01  ...,..{.......+.
0000fca0: 160d 0939 0a02 0000 0028 9e01 000a 1304  ...9.....(......
0000fcb0: 1104 39fd 0000 0000 0273 0602 000a 7d13  ..9......s....}.
0000fcc0: 0100 0402 7b13 0100 046f 0702 000a 6f27  ....{....o....o'
0000fcd0: 0100 0a13 0512 0528 2801 000a 2d46 0216  .......((...-F..
0000fce0: 250a 7d0c 0100 0402 1105 7d16 0100 0402  %.}.......}.....
0000fcf0: 1306 027c 0d01 0004 1205 1206 285f 0000  ...|........(_..
0000fd00: 2b00 ddaa 0200 0002 7b16 0100 0413 0502  +.......{.......
0000fd10: 7c16 0100 04fe 15ae 0000 0102 1525 0a7d  |............%.}
0000fd20: 0c01 0004 1205 282a 0100 0a00 027b 1101  ......(*.....{..
0000fd30: 0004 6f9a 0100 0a02 7b13 0100 046f 9c01  ..o.....{....o..
0000fd40: 000a 6f27 0100 0a13 0712 0728 2801 000a  ..o'.......((...
0000fd50: 2d46 0217 250a 7d0c 0100 0402 1107 7d16  -F..%.}.......}.
0000fd60: 0100 0402 1306 027c 0d01 0004 1207 1206  .......|........
0000fd70: 285f 0000 2b00 dd36 0200 0002 7b16 0100  (_..+..6....{...
0000fd80: 0413 0702 7c16 0100 04fe 15ae 0000 0102  ....|...........
0000fd90: 1525 0a7d 0c01 0004 1207 282a 0100 0a00  .%.}......(*....
0000fda0: 0214 7d13 0100 0400 0214 7d13 0100 0438  ..}.......}....8
0000fdb0: f800 0000 0002 7308 0200 0a7d 1401 0004  ......s....}....
0000fdc0: 027b 1401 0004 6f09 0200 0a6f 2701 000a  .{....o....o'...
0000fdd0: 1308 1208 2828 0100 0a2d 4602 1825 0a7d  ....((...-F..%.}
0000fde0: 0c01 0004 0211 087d 1601 0004 0213 0602  .......}........
0000fdf0: 7c0d 0100 0412 0812 0628 5f00 002b 00dd  |........(_..+..
0000fe00: ad01 0000 027b 1601 0004 1308 027c 1601  .....{.......|..
0000fe10: 0004 fe15 ae00 0001 0215 250a 7d0c 0100  ..........%.}...
0000fe20: 0412 0828 2a01 000a 0002 7b11 0100 046f  ...(*.....{....o
0000fe30: 9a01 000a 027b 1401 0004 6f9c 0100 0a6f  .....{....o....o
0000fe40: 2701 000a 1309 1209 2828 0100 0a2d 4602  '.......((...-F.
0000fe50: 1925 0a7d 0c01 0004 0211 097d 1601 0004  .%.}.......}....
0000fe60: 0213 0602 7c0d 0100 0412 0912 0628 5f00  ....|........(_.
0000fe70: 002b 00dd 3901 0000 027b 1601 0004 1309  .+..9....{......
0000fe80: 027c 1601 0004 fe15 ae00 0001 0215 250a  .|............%.
0000fe90: 7d0c 0100 0412 0928 2a01 000a 0002 147d  }......(*......}
0000fea0: 1401 0004 0002 147d 1401 0004 0038 8800  .......}.....8..
0000feb0: 0000 0002 730a 0200 0a7d 1501 0004 027b  ....s....}.....{
0000fec0: 1101 0004 6f9a 0100 0a02 7b15 0100 046f  ....o.....{....o
0000fed0: 9c01 000a 6f27 0100 0a13 0a12 0a28 2801  ....o'.......((.
0000fee0: 000a 2d46 021a 250a 7d0c 0100 0402 110a  ..-F..%.}.......
0000fef0: 7d16 0100 0402 1306 027c 0d01 0004 120a  }........|......
0000ff00: 1206 285f 0000 2b00 dda4 0000 0002 7b16  ..(_..+.......{.
0000ff10: 0100 0413 0a02 7c16 0100 04fe 15ae 0000  ......|.........
0000ff20: 0102 1525 0a7d 0c01 0004 120a 282a 0100  ...%.}......(*..
0000ff30: 0a00 0002 147d 1501 0004 027b 1101 0004  .....}.....{....
0000ff40: 6f38 0000 0600 027b 1101 0004 7b0b 0000  o8.....{....{...
0000ff50: 0416 6f19 0000 0a00 2846 0000 0a25 2d03  ..o.....(F...%-.
0000ff60: 262b 1072 941c 0070 2857 0000 0a28 0b02  &+.r...p(W...(..
0000ff70: 000a 00de 2113 0b02 1ffe 7d0c 0100 0402  ....!.....}.....
0000ff80: 147d 1101 0004 027c 0d01 0004 110b 2821  .}.....|......(!
0000ff90: 0100 0a00 de1b 021f fe7d 0c01 0004 0214  .........}......
0000ffa0: 7d11 0100 0402 7c0d 0100 0428 2201 000a  }.....|....("...
0000ffb0: 002a 0000 411c 0000 0000 0000 0700 0000  .*..A...........
0000ffc0: d603 0000 dd03 0000 2100 0000 1f00 0001  ........!.......
0000ffd0: 1b30 0300 4601 0000 5900 0011 027b 1701  .0..F...Y....{..
0000ffe0: 0004 0a06 2c02 2b05 38a6 0000 0000 0202  ....,.+.8.......
0000fff0: 7b1b 0100 047d 1c01 0004 027b 1c01 0004  {....}.....{....
00010000: 166f 2900 0006 16fe 010b 072c 05dd ed00  .o)........,....
00010010: 0000 027b 1c01 0004 6f37 0000 0600 027b  ...{....o7.....{
00010020: 1c01 0004 7b0b 0000 0417 6f19 0000 0a00  ....{.....o.....
00010030: 7e2f 0000 0a16 6f30 0000 0a00 0273 0c02  ~/....o0.....s..
00010040: 000a 7d1d 0100 0402 7b1c 0100 046f 9a01  ..}.....{....o..
00010050: 000a 027b 1d01 0004 6f9c 0100 0a6f 2701  ...{....o....o'.
00010060: 000a 0c12 0228 2801 000a 2d43 0216 250a  .....((...-C..%.
00010070: 7d17 0100 0402 087d 1e01 0004 020d 027c  }......}.......|
00010080: 1801 0004 1202 1203 2860 0000 2b00 dd8e  ........(`..+...
00010090: 0000 0002 7b1e 0100 040c 027c 1e01 0004  ....{......|....
000100a0: fe15 ae00 0001 0215 250a 7d17 0100 0412  ........%.}.....
000100b0: 0228 2a01 000a 0002 7b1c 0100 046f 3800  .(*.....{....o8.
000100c0: 0006 0002 7b1c 0100 047b 0b00 0004 166f  ....{....{.....o
000100d0: 1900 000a 00de 2813 0402 1ffe 7d17 0100  ......(.....}...
000100e0: 0402 147d 1c01 0004 0214 7d1d 0100 0402  ...}......}.....
000100f0: 7c18 0100 0411 0428 2101 000a 00de 2202  |......(!.....".
00010100: 1ffe 7d17 0100 0402 147d 1c01 0004 0214  ..}......}......
00010110: 7d1d 0100 0402 7c18 0100 0428 2201 000a  }.....|....("...
00010120: 002a 0000 0110 0000 0000 0700 f4fb 0028  .*.............(
00010130: 1f00 0001 1b30 0300 7001 0000 5a00 0011  .....0..p...Z...
00010140: 027b 1f01 0004 0a06 2c02 2b05 38b5 0000  .{......,.+.8...
00010150: 0000 027b 2301 0004 7b18 0000 0416 6f19  ...{#...{.....o.
00010160: 0000 0a00 027b 2301 0004 7b16 0000 0417  .....{#...{.....
00010170: 6f19 0000 0a00 027b 2301 0004 7b0b 0000  o......{#...{...
00010180: 0417 6f19 0000 0a00 027b 2301 0004 7b0c  ..o......{#...{.
00010190: 0000 0416 6f19 0000 0a00 281b 0000 0a0b  ....o.....(.....
000101a0: 072c 1128 4d00 000a 252d 0326 2b06 6f4e  .,.(M...%-.&+.oN
000101b0: 0000 0a00 7e2f 0000 0a17 fe13 7d55 0100  ....~/......}U..
000101c0: 0a7e 2f00 000a 72c8 1c00 706f 0d02 000a  .~/...r...po....
000101d0: 6f27 0100 0a0c 1202 2828 0100 0a2d 4302  o'......((...-C.
000101e0: 1625 0a7d 1f01 0004 0208 7d24 0100 0402  .%.}......}$....
000101f0: 0d02 7c20 0100 0412 0212 0328 6100 002b  ..| .......(a..+
00010200: 00dd a900 0000 027b 2401 0004 0c02 7c24  .......{$.....|$
00010210: 0100 04fe 15ae 0000 0102 1525 0a7d 1f01  ...........%.}..
00010220: 0004 1202 282a 0100 0a00 1628 0e02 000a  ....(*.....(....
00010230: 0002 7b23 0100 047b 1800 0004 166f 1900  ..{#...{.....o..
00010240: 000a 0002 7b23 0100 047b 0c00 0004 166f  ....{#...{.....o
00010250: 1900 000a 0002 7b23 0100 047b 0b00 0004  ......{#...{....
00010260: 166f 1900 000a 0002 7b23 0100 047b 1800  .o......{#...{..
00010270: 0004 176f 5400 000a 0028 5d01 000a 00de  ...oT....(].....
00010280: 1a13 0402 1ffe 7d1f 0100 0402 7c20 0100  ......}.....| ..
00010290: 0411 0428 2101 000a 00de 1402 1ffe 7d1f  ...(!.........}.
000102a0: 0100 0402 7c20 0100 0428 2201 000a 002a  ....| ...("....*
000102b0: 411c 0000 0000 0000 0700 0000 3a01 0000  A...........:...
000102c0: 4101 0000 1a00 0000 1f00 0001 1b30 0300  A............0..
000102d0: 2d01 0000 5b00 0011 027b 2501 0004 0a06  -...[....{%.....
000102e0: 2c02 2b05 389f 0000 0000 0202 7b29 0100  ,.+.8.......{)..
000102f0: 047d 2a01 0004 027b 2a01 0004 166f 2900  .}*....{*....o).
00010300: 0006 16fe 010b 072c 05dd d400 0000 7e2f  .......,......~/
00010310: 0000 0a16 6f30 0000 0a00 027b 2a01 0004  ....o0.....{*...
00010320: 6f37 0000 0600 0228 9e01 000a 2c07 730f  o7.....(....,.s.
00010330: 0200 0a2b 0573 1002 000a 7d2b 0100 0402  ...+.s....}+....
00010340: 7b2a 0100 046f 9a01 000a 027b 2b01 0004  {*...o.....{+...
00010350: 6f9c 0100 0a6f 2701 000a 0c12 0228 2801  o....o'......((.
00010360: 000a 2d40 0216 250a 7d25 0100 0402 087d  ..-@..%.}%.....}
00010370: 2c01 0004 020d 027c 2601 0004 1202 1203  ,......|&.......
00010380: 2862 0000 2b00 de7c 027b 2c01 0004 0c02  (b..+..|.{,.....
00010390: 7c2c 0100 04fe 15ae 0000 0102 1525 0a7d  |,...........%.}
000103a0: 2501 0004 1202 282a 0100 0a00 027b 2a01  %.....(*.....{*.
000103b0: 0004 6f38 0000 0600 de28 1304 021f fe7d  ..o8.....(.....}
000103c0: 2501 0004 0214 7d2a 0100 0402 147d 2b01  %.....}*.....}+.
000103d0: 0004 027c 2601 0004 1104 2821 0100 0a00  ...|&.....(!....
000103e0: de22 021f fe7d 2501 0004 0214 7d2a 0100  ."...}%.....}*..
000103f0: 0402 147d 2b01 0004 027c 2601 0004 2822  ...}+....|&...("
00010400: 0100 0a00 2a00 0000 0110 0000 0000 0700  ....*...........
00010410: dbe2 0028 1f00 0001 1b30 0300 1f01 0000  ...(.....0......
00010420: 5c00 0011 027b 2d01 0004 0a06 2c02 2b05  \....{-.....,.+.
00010430: 3891 0000 0000 0202 7b31 0100 047d 3201  8.......{1...}2.
00010440: 0004 027b 3201 0004 166f 2900 0006 16fe  ...{2....o).....
00010450: 010b 072c 05dd c600 0000 7e2f 0000 0a16  ...,......~/....
00010460: 6f30 0000 0a00 027b 3201 0004 6f37 0000  o0.....{2...o7..
00010470: 0600 0273 1102 000a 7d33 0100 0402 7b32  ...s....}3....{2
00010480: 0100 046f 9a01 000a 027b 3301 0004 6f9c  ...o.....{3...o.
00010490: 0100 0a6f 2701 000a 0c12 0228 2801 000a  ...o'......((...
000104a0: 2d40 0216 250a 7d2d 0100 0402 087d 3401  -@..%.}-.....}4.
000104b0: 0004 020d 027c 2e01 0004 1202 1203 2863  .....|........(c
000104c0: 0000 2b00 de7c 027b 3401 0004 0c02 7c34  ..+..|.{4.....|4
000104d0: 0100 04fe 15ae 0000 0102 1525 0a7d 2d01  ...........%.}-.
000104e0: 0004 1202 282a 0100 0a00 027b 3201 0004  ....(*.....{2...
000104f0: 6f38 0000 0600 de28 1304 021f fe7d 2d01  o8.....(.....}-.
00010500: 0004 0214 7d32 0100 0402 147d 3301 0004  ....}2.....}3...
00010510: 027c 2e01 0004 1104 2821 0100 0a00 de22  .|......(!....."
00010520: 021f fe7d 2d01 0004 0214 7d32 0100 0402  ...}-.....}2....
00010530: 147d 3301 0004 027c 2e01 0004 2822 0100  .}3....|....("..
00010540: 0a00 2a00 0110 0000 0000 0700 cdd4 0028  ..*............(
00010550: 1f00 0001 1b30 0300 f600 0000 5d00 0011  .....0......]...
00010560: 027b 3501 0004 0a06 2c02 2b02 2b6d 0002  .{5.....,.+.+m..
00010570: 027b 3901 0004 7d3a 0100 0402 7b3a 0100  .{9...}:....{:..
00010580: 046f 3700 0006 0002 7312 0200 0a7d 3b01  .o7.....s....};.
00010590: 0004 027b 3a01 0004 6f9a 0100 0a02 7b3b  ...{:...o.....{;
000105a0: 0100 046f 9c01 000a 6f27 0100 0a0b 1201  ...o....o'......
000105b0: 2828 0100 0a2d 4002 1625 0a7d 3501 0004  ((...-@..%.}5...
000105c0: 0207 7d3c 0100 0402 0c02 7c36 0100 0412  ..}<......|6....
000105d0: 0112 0228 6400 002b 00de 7a02 7b3c 0100  ...(d..+..z.{<..
000105e0: 040b 027c 3c01 0004 fe15 ae00 0001 0215  ...|<...........
000105f0: 250a 7d35 0100 0412 0128 2a01 000a 0002  %.}5.....(*.....
00010600: 7b3a 0100 046f 3800 0006 00de 260d 021f  {:...o8.....&...
00010610: fe7d 3501 0004 0214 7d3a 0100 0402 147d  .}5.....}:.....}
00010620: 3b01 0004 027c 3601 0004 0928 2101 000a  ;....|6....(!...
00010630: 00de 2202 1ffe 7d35 0100 0402 147d 3a01  .."...}5.....}:.
00010640: 0004 0214 7d3b 0100 0402 7c36 0100 0428  ....};....|6...(
00010650: 2201 000a 002a 0000 0110 0000 0000 0700  "....*..........
00010660: a6ad 0026 1f00 0001 1b30 0400 9801 0000  ...&.....0......
00010670: 5e00 0011 027b 3d01 0004 0a06 2c08 2b00  ^....{=.....,.+.
00010680: 0617 2e07 2b0a 388a 0000 0038 1801 0000  ....+.8....8....
00010690: 0002 027b 4101 0004 7d42 0100 047e 2f00  ...{A...}B...~/.
000106a0: 000a 6f39 0000 0a16 fe01 0b07 399e 0000  ..o9........9...
000106b0: 0000 027b 4201 0004 6f37 0000 0600 0273  ...{B...o7.....s
000106c0: 1302 000a 7d43 0100 0402 7b42 0100 046f  ....}C....{B...o
000106d0: 9a01 000a 027b 4301 0004 6f9c 0100 0a6f  .....{C...o....o
000106e0: 2701 000a 0c12 0228 2801 000a 2d43 0216  '......((...-C..
000106f0: 250a 7d3d 0100 0402 087d 4401 0004 020d  %.}=.....}D.....
00010700: 027c 3e01 0004 1202 1203 2865 0000 2b00  .|>.......(e..+.
00010710: ddf6 0000 0002 7b44 0100 040c 027c 4401  ......{D.....|D.
00010720: 0004 fe15 ae00 0001 0215 250a 7d3d 0100  ..........%.}=..
00010730: 0412 0228 2a01 000a 0002 7b42 0100 046f  ...(*.....{B...o
00010740: 3800 0006 0000 0214 7d43 0100 042b 7e02  8.......}C...+~.
00010750: 7b42 0100 0472 f61c 0070 2857 0000 0a72  {B...r...p(W...r
00010760: 361d 0070 2857 0000 0a72 bb03 0070 6f66  6..p(W...r...pof
00010770: 0000 0a6f 2701 000a 1304 1204 2828 0100  ...o'.......((..
00010780: 0a2d 4202 1725 0a7d 3d01 0004 0211 047d  .-B..%.}=......}
00010790: 4401 0004 020d 027c 3e01 0004 1204 1203  D......|>.......
000107a0: 2865 0000 2b00 de63 027b 4401 0004 1304  (e..+..c.{D.....
000107b0: 027c 4401 0004 fe15 ae00 0001 0215 250a  .|D...........%.
000107c0: 7d3d 0100 0412 0428 2a01 000a 00de 2113  }=.....(*.....!.
000107d0: 0502 1ffe 7d3d 0100 0402 147d 4201 0004  ....}=.....}B...
000107e0: 027c 3e01 0004 1105 2821 0100 0a00 de1b  .|>.....(!......
000107f0: 021f fe7d 3d01 0004 0214 7d42 0100 0402  ...}=.....}B....
00010800: 7c3e 0100 0428 2201 000a 002a 411c 0000  |>...("....*A...
00010810: 0000 0000 0700 0000 5401 0000 5b01 0000  ........T...[...
00010820: 2100 0000 1f00 0001 1b30 0300 4601 0000  !........0..F...
00010830: 5f00 0011 027b 4501 0004 0a06 2c02 2b05  _....{E.....,.+.
00010840: 38a6 0000 0000 0202 7b49 0100 047d 4a01  8.......{I...}J.
00010850: 0004 027b 4a01 0004 166f 2900 0006 16fe  ...{J....o).....
00010860: 010b 072c 05dd ed00 0000 027b 4a01 0004  ...,.......{J...
00010870: 6f37 0000 0600 7e2f 0000 0a16 6f30 0000  o7....~/....o0..
00010880: 0a00 0273 1402 000a 7d4b 0100 0402 7b4a  ...s....}K....{J
00010890: 0100 047b 0b00 0004 176f 1900 000a 0002  ...{.....o......
000108a0: 7b4a 0100 046f 9a01 000a 027b 4b01 0004  {J...o.....{K...
000108b0: 6f9c 0100 0a6f 2701 000a 0c12 0228 2801  o....o'......((.
000108c0: 000a 2d43 0216 250a 7d45 0100 0402 087d  ..-C..%.}E.....}
000108d0: 4c01 0004 020d 027c 4601 0004 1202 1203  L......|F.......
000108e0: 2866 0000 2b00 dd8e 0000 0002 7b4c 0100  (f..+.......{L..
000108f0: 040c 027c 4c01 0004 fe15 ae00 0001 0215  ...|L...........
00010900: 250a 7d45 0100 0412 0228 2a01 000a 0002  %.}E.....(*.....
00010910: 7b4a 0100 046f 3800 0006 0002 7b4a 0100  {J...o8.....{J..
00010920: 047b 0b00 0004 166f 1900 000a 00de 2813  .{.....o......(.
00010930: 0402 1ffe 7d45 0100 0402 147d 4a01 0004  ....}E.....}J...
00010940: 0214 7d4b 0100 0402 7c46 0100 0411 0428  ..}K....|F.....(
00010950: 2101 000a 00de 2202 1ffe 7d45 0100 0402  !....."...}E....
00010960: 147d 4a01 0004 0214 7d4b 0100 0402 7c46  .}J.....}K....|F
00010970: 0100 0428 2201 000a 002a 0000 0110 0000  ...("....*......
00010980: 0000 0700 f4fb 0028 1f00 0001 1b30 0500  .......(.....0..
00010990: 3e03 0000 6000 0011 027b 4d01 0004 0a06  >...`....{M.....
000109a0: 4505 0000 0002 0000 0007 0000 000c 0000  E...............
000109b0: 0011 0000 0016 0000 002b 1938 bd00 0000  .........+.8....
000109c0: 3826 0100 0038 b701 0000 382d 0200 0038  8&...8....8-...8
000109d0: 9002 0000 0002 027b 5101 0004 7d52 0100  .......{Q...}R..
000109e0: 0402 7b52 0100 0416 6f29 0000 0616 fe01  ..{R....o)......
000109f0: 0b07 2c05 ddc1 0200 0002 7b52 0100 046f  ..,.......{R...o
00010a00: 3700 0006 007e 2f00 000a 166f 3000 000a  7....~/....o0...
00010a10: 0002 2817 0000 0a6f 1502 000a 0c08 7d53  ..(....o......}S
00010a20: 0100 0402 7b53 0100 040d 0917 2e0b 2b00  ....{S........+.
00010a30: 0918 2e73 38dc 0000 0002 7b52 0100 046f  ...s8.....{R...o
00010a40: 2d00 0006 6f27 0100 0a13 0412 0428 2801  -...o'.......((.
00010a50: 000a 2d46 0216 250a 7d4d 0100 0402 1104  ..-F..%.}M......
00010a60: 7d55 0100 0402 1305 027c 4e01 0004 1204  }U.......|N.....
00010a70: 1205 2867 0000 2b00 dd58 0200 0002 7b55  ..(g..+..X....{U
00010a80: 0100 0413 0402 7c55 0100 04fe 15ae 0000  ......|U........
00010a90: 0102 1525 0a7d 4d01 0004 1204 282a 0100  ...%.}M.....(*..
00010aa0: 0a00 38e4 0100 0002 7b52 0100 046f 2c00  ..8.....{R...o,.
00010ab0: 0006 6f27 0100 0a13 0612 0628 2801 000a  ..o'.......((...
00010ac0: 2d46 0217 250a 7d4d 0100 0402 1106 7d55  -F..%.}M......}U
00010ad0: 0100 0402 1305 027c 4e01 0004 1206 1205  .......|N.......
00010ae0: 2867 0000 2b00 ddea 0100 0002 7b55 0100  (g..+.......{U..
00010af0: 0413 0602 7c55 0100 04fe 15ae 0000 0102  ....|U..........
00010b00: 1525 0a7d 4d01 0004 1206 282a 0100 0a00  .%.}M.....(*....
00010b10: 3876 0100 0002 7b52 0100 0472 741d 0070  8v....{R...rt..p
00010b20: 2857 0000 0a72 961d 0070 2857 0000 0a72  (W...r...p(W...r
00010b30: c21d 0070 2857 0000 0a72 f61d 0070 2857  ...p(W...r...p(W
00010b40: 0000 0a6f 5601 000a 6f2b 0100 0a13 0812  ...oV...o+......
00010b50: 0828 2c01 000a 2d46 0218 250a 7d4d 0100  .(,...-F..%.}M..
00010b60: 0402 1108 7d56 0100 0402 1305 027c 4e01  ....}V.......|N.
00010b70: 0004 1208 1205 2868 0000 2b00 dd54 0100  ......(h..+..T..
00010b80: 0002 7b56 0100 0413 0802 7c56 0100 04fe  ..{V......|V....
00010b90: 152a 0000 1b02 1525 0a7d 4d01 0004 0212  .*.....%.}M.....
00010ba0: 0828 2d01 000a 7d54 0100 0402 7b54 0100  .(-...}T....{T..
00010bb0: 0413 0711 072c 6c00 027b 5201 0004 6f2d  .....,l..{R...o-
00010bc0: 0000 066f 2701 000a 1309 1209 2828 0100  ...o'.......((..
00010bd0: 0a2d 4602 1925 0a7d 4d01 0004 0211 097d  .-F..%.}M......}
00010be0: 5501 0004 0213 0502 7c4e 0100 0412 0912  U.......|N......
00010bf0: 0528 6700 002b 00dd d900 0000 027b 5501  .(g..+.......{U.
00010c00: 0004 1309 027c 5501 0004 fe15 ae00 0001  .....|U.........
00010c10: 0215 250a 7d4d 0100 0412 0928 2a01 000a  ..%.}M.....(*...
00010c20: 002b 6802 7b52 0100 046f 2c00 0006 6f27  .+h.{R...o,...o'
00010c30: 0100 0a13 0a12 0a28 2801 000a 2d43 021a  .......((...-C..
00010c40: 250a 7d4d 0100 0402 110a 7d55 0100 0402  %.}M......}U....
00010c50: 1305 027c 4e01 0004 120a 1205 2867 0000  ...|N.......(g..
00010c60: 2b00 de71 027b 5501 0004 130a 027c 5501  +..q.{U......|U.
00010c70: 0004 fe15 ae00 0001 0215 250a 7d4d 0100  ..........%.}M..
00010c80: 0412 0a28 2a01 000a 002b 0002 7b52 0100  ...(*....+..{R..
00010c90: 046f 3800 0006 00de 2113 0b02 1ffe 7d4d  .o8.....!.....}M
00010ca0: 0100 0402 147d 5201 0004 027c 4e01 0004  .....}R....|N...
00010cb0: 110b 2821 0100 0a00 de1b 021f fe7d 4d01  ..(!.........}M.
00010cc0: 0004 0214 7d52 0100 0402 7c4e 0100 0428  ....}R....|N...(
00010cd0: 2201 000a 002a 0000 411c 0000 0000 0000  "....*..A.......
00010ce0: 0700 0000 fa02 0000 0103 0000 2100 0000  ............!...
00010cf0: 1f00 0001 1b30 0400 8602 0000 6100 0011  .....0......a...
00010d00: 027b 5701 0004 0a06 4503 0000 0002 0000  .{W.....E.......
00010d10: 0007 0000 000c 0000 002b 0f38 b700 0000  .........+.8....
00010d20: 383c 0100 0038 bf01 0000 0002 027b 5b01  8<...8.......{[.
00010d30: 0004 7d5c 0100 0402 7b5c 0100 0416 6f29  ..}\....{\....o)
00010d40: 0000 0616 fe01 0b07 2c05 dd14 0200 007e  ........,......~
00010d50: 2f00 000a 166f 3000 000a 0002 7b5c 0100  /....o0.....{\..
00010d60: 046f 3700 0006 0002 027b 5901 0004 7551  .o7......{Y...uQ
00010d70: 0000 017d 5d01 0004 027b 5d01 0004 14fe  ...}]....{].....
00010d80: 030c 0839 8b00 0000 0002 7b5d 0100 0423  ...9......{]...#
00010d90: 0000 0000 0000 e03f 1f64 1428 1602 000a  .......?.d.(....
00010da0: 6f2b 0100 0a0d 1203 282c 0100 0a2d 4402  o+......(,...-D.
00010db0: 1625 0a7d 5701 0004 0209 7d62 0100 0402  .%.}W.....}b....
00010dc0: 1304 027c 5801 0004 1203 1204 2869 0000  ...|X.......(i..
00010dd0: 2b00 ddae 0100 0002 7b62 0100 040d 027c  +.......{b.....|
00010de0: 6201 0004 fe15 2a00 001b 0215 250a 7d57  b.....*.....%.}W
00010df0: 0100 0402 1203 282d 0100 0a7d 5f01 0004  ......(-...}_...
00010e00: 0202 7b5f 0100 042d 0316 2b01 177d 5e01  ..{_...-..+..}^.
00010e10: 0004 0002 7b5c 0100 046f 9a01 000a 7317  ....{\...o....s.
00010e20: 0200 0a6f 9c01 000a 6f27 0100 0a13 0512  ...o....o'......
00010e30: 0528 2801 000a 2d46 0217 250a 7d57 0100  .((...-F..%.}W..
00010e40: 0402 1105 7d63 0100 0402 1304 027c 5801  ....}c.......|X.
00010e50: 0004 1205 1204 286a 0000 2b00 dd24 0100  ......(j..+..$..
00010e60: 0002 7b63 0100 0413 0502 7c63 0100 04fe  ..{c......|c....
00010e70: 15ae 0000 0102 1525 0a7d 5701 0004 1205  .......%.}W.....
00010e80: 282a 0100 0a00 027b 5d01 0004 14fe 0313  (*.....{].......
00010e90: 0611 0639 8e00 0000 0002 7b5d 0100 0423  ...9......{]...#
00010ea0: 0000 0000 0000 f03f 1f64 1428 1602 000a  .......?.d.(....
00010eb0: 6f2b 0100 0a13 0712 0728 2c01 000a 2d46  o+.......(,...-F
00010ec0: 0218 250a 7d57 0100 0402 1107 7d62 0100  ..%.}W......}b..
00010ed0: 0402 1304 027c 5801 0004 1207 1204 2869  .....|X.......(i
00010ee0: 0000 2b00 dd9c 0000 0002 7b62 0100 0413  ..+.......{b....
00010ef0: 0702 7c62 0100 04fe 152a 0000 1b02 1525  ..|b.....*.....%
00010f00: 0a7d 5701 0004 0212 0728 2d01 000a 7d61  .}W......(-...}a
00010f10: 0100 0402 027b 6101 0004 2d03 162b 0117  .....{a...-..+..
00010f20: 7d60 0100 0400 027b 5c01 0004 6f38 0000  }`.....{\...o8..
00010f30: 0600 0214 7d5d 0100 04de 2813 0802 1ffe  ....}]....(.....
00010f40: 7d57 0100 0402 147d 5c01 0004 0214 7d5d  }W.....}\.....}]
00010f50: 0100 0402 7c58 0100 0411 0828 2101 000a  ....|X.....(!...
00010f60: 00de 2202 1ffe 7d57 0100 0402 147d 5c01  .."...}W.....}\.
00010f70: 0004 0214 7d5d 0100 0402 7c58 0100 0428  ....}]....|X...(
00010f80: 2201 000a 002a 0000 411c 0000 0000 0000  "....*..A.......
00010f90: 0700 0000 3402 0000 3b02 0000 2800 0000  ....4...;...(...
00010fa0: 1f00 0001 1b30 0300 f600 0000 6200 0011  .....0......b...
00010fb0: 027b 6401 0004 0a06 2c02 2b02 2b6d 0002  .{d.....,.+.+m..
00010fc0: 027b 6801 0004 7d69 0100 0402 7b69 0100  .{h...}i....{i..
00010fd0: 046f 3700 0006 0002 2818 0200 0a7d 6a01  .o7.....(....}j.
00010fe0: 0004 027b 6901 0004 6f9a 0100 0a02 7b6a  ...{i...o.....{j
00010ff0: 0100 046f 9c01 000a 6f27 0100 0a0b 1201  ...o....o'......
00011000: 2828 0100 0a2d 4002 1625 0a7d 6401 0004  ((...-@..%.}d...
00011010: 0207 7d6b 0100 0402 0c02 7c65 0100 0412  ..}k......|e....
00011020: 0112 0228 6b00 002b 00de 7a02 7b6b 0100  ...(k..+..z.{k..
00011030: 040b 027c 6b01 0004 fe15 ae00 0001 0215  ...|k...........
00011040: 250a 7d64 0100 0412 0128 2a01 000a 0002  %.}d.....(*.....
00011050: 7b69 0100 046f 3800 0006 00de 260d 021f  {i...o8.....&...
00011060: fe7d 6401 0004 0214 7d69 0100 0402 147d  .}d.....}i.....}
00011070: 6a01 0004 027c 6501 0004 0928 2101 000a  j....|e....(!...
00011080: 00de 2202 1ffe 7d64 0100 0402 147d 6901  .."...}d.....}i.
00011090: 0004 0214 7d6a 0100 0402 7c65 0100 0428  ....}j....|e...(
000110a0: 2201 000a 002a 0000 0110 0000 0000 0700  "....*..........
000110b0: a6ad 0026 1f00 0001 1b30 0300 f600 0000  ...&.....0......
000110c0: 6300 0011 027b 6c01 0004 0a06 2c02 2b02  c....{l.....,.+.
000110d0: 2b6d 0002 027b 7001 0004 7d71 0100 0402  +m...{p...}q....
000110e0: 7b71 0100 046f 3700 0006 0002 7319 0200  {q...o7.....s...
000110f0: 0a7d 7201 0004 027b 7101 0004 6f9a 0100  .}r....{q...o...
00011100: 0a02 7b72 0100 046f 9c01 000a 6f27 0100  ..{r...o....o'..
00011110: 0a0b 1201 2828 0100 0a2d 4002 1625 0a7d  ....((...-@..%.}
00011120: 6c01 0004 0207 7d73 0100 0402 0c02 7c6d  l.....}s......|m
00011130: 0100 0412 0112 0228 6c00 002b 00de 7a02  .......(l..+..z.
00011140: 7b73 0100 040b 027c 7301 0004 fe15 ae00  {s.....|s.......
00011150: 0001 0215 250a 7d6c 0100 0412 0128 2a01  ....%.}l.....(*.
00011160: 000a 0002 7b71 0100 046f 3800 0006 00de  ....{q...o8.....
00011170: 260d 021f fe7d 6c01 0004 0214 7d71 0100  &....}l.....}q..
00011180: 0402 147d 7201 0004 027c 6d01 0004 0928  ...}r....|m....(
00011190: 2101 000a 00de 2202 1ffe 7d6c 0100 0402  !....."...}l....
000111a0: 147d 7101 0004 0214 7d72 0100 0402 7c6d  .}q.....}r....|m
000111b0: 0100 0428 2201 000a 002a 0000 0110 0000  ...("....*......
000111c0: 0000 0700 a6ad 0026 1f00 0001 1b30 0300  .......&.....0..
000111d0: f600 0000 6400 0011 027b 7401 0004 0a06  ....d....{t.....
000111e0: 2c02 2b02 2b6d 0002 027b 7801 0004 7d79  ,.+.+m...{x...}y
000111f0: 0100 0402 7b79 0100 046f 3700 0006 0002  ....{y...o7.....
00011200: 731a 0200 0a7d 7a01 0004 027b 7901 0004  s....}z....{y...
00011210: 6f9a 0100 0a02 7b7a 0100 046f 9c01 000a  o.....{z...o....
00011220: 6f27 0100 0a0b 1201 2828 0100 0a2d 4002  o'......((...-@.
00011230: 1625 0a7d 7401 0004 0207 7d7b 0100 0402  .%.}t.....}{....
00011240: 0c02 7c75 0100 0412 0112 0228 6d00 002b  ..|u.......(m..+
00011250: 00de 7a02 7b7b 0100 040b 027c 7b01 0004  ..z.{{.....|{...
00011260: fe15 ae00 0001 0215 250a 7d74 0100 0412  ........%.}t....
00011270: 0128 2a01 000a 0002 7b79 0100 046f 3800  .(*.....{y...o8.
00011280: 0006 00de 260d 021f fe7d 7401 0004 0214  ....&....}t.....
00011290: 7d79 0100 0402 147d 7a01 0004 027c 7501  }y.....}z....|u.
000112a0: 0004 0928 2101 000a 00de 2202 1ffe 7d74  ...(!....."...}t
000112b0: 0100 0402 147d 7901 0004 0214 7d7a 0100  .....}y.....}z..
000112c0: 0402 7c75 0100 0428 2201 000a 002a 0000  ..|u...("....*..
000112d0: 0110 0000 0000 0700 a6ad 0026 1f00 0001  ...........&....
000112e0: 1b30 0300 1f01 0000 6500 0011 027b 7c01  .0......e....{|.
000112f0: 0004 0a06 2c02 2b05 3891 0000 0000 0202  ....,.+.8.......
00011300: 7b80 0100 047d 8101 0004 027b 8101 0004  {....}.....{....
00011310: 166f 2900 0006 16fe 010b 072c 05dd c600  .o)........,....
00011320: 0000 7e2f 0000 0a16 6f30 0000 0a00 027b  ..~/....o0.....{
00011330: 8101 0004 6f37 0000 0600 0273 1b02 000a  ....o7.....s....
00011340: 7d82 0100 0402 7b81 0100 046f 9a01 000a  }.....{....o....
00011350: 027b 8201 0004 6f9c 0100 0a6f 2701 000a  .{....o....o'...
00011360: 0c12 0228 2801 000a 2d40 0216 250a 7d7c  ...((...-@..%.}|
00011370: 0100 0402 087d 8301 0004 020d 027c 7d01  .....}.......|}.
00011380: 0004 1202 1203 286e 0000 2b00 de7c 027b  ......(n..+..|.{
00011390: 8301 0004 0c02 7c83 0100 04fe 15ae 0000  ......|.........
000113a0: 0102 1525 0a7d 7c01 0004 1202 282a 0100  ...%.}|.....(*..
000113b0: 0a00 027b 8101 0004 6f38 0000 0600 de28  ...{....o8.....(
000113c0: 1304 021f fe7d 7c01 0004 0214 7d81 0100  .....}|.....}...
000113d0: 0402 147d 8201 0004 027c 7d01 0004 1104  ...}.....|}.....
000113e0: 2821 0100 0a00 de22 021f fe7d 7c01 0004  (!....."...}|...
000113f0: 0214 7d81 0100 0402 147d 8201 0004 027c  ..}......}.....|
00011400: 7d01 0004 2822 0100 0a00 2a00 0110 0000  }...("....*.....
00011410: 0000 0700 cdd4 0028 1f00 0001 1b30 0500  .......(.....0..
00011420: 3803 0000 6600 0011 027b 8401 0004 0a06  8...f....{......
00011430: 4503 0000 0002 0000 0007 0000 000c 0000  E...............
00011440: 002b 0f38 ac00 0000 385d 0100 0038 3302  .+.8....8]...83.
00011450: 0000 0002 027b 8801 0004 7d89 0100 0402  .....{....}.....
00011460: 147d 8a01 0004 0228 1700 000a 6f1c 0200  .}.....(....o...
00011470: 0a28 6a01 000a 16fe 017d 8b01 0004 027b  .(j......}.....{
00011480: 8b01 0004 0b07 399e 0000 0002 7b89 0100  ......9.....{...
00011490: 0472 2a1e 0070 2857 0000 0a72 5e1e 0070  .r*..p(W...r^..p
000114a0: 2857 0000 0a72 901e 0070 2857 0000 0a72  (W...r...p(W...r
000114b0: b81e 0070 2857 0000 0a6f 5601 000a 6f2b  ...p(W...oV...o+
000114c0: 0100 0a0c 1202 282c 0100 0a2d 4302 1625  ......(,...-C..%
000114d0: 0a7d 8401 0004 0208 7d91 0100 0402 0d02  .}......}.......
000114e0: 7c85 0100 0412 0212 0328 6f00 002b 00dd  |........(o..+..
000114f0: 6b02 0000 027b 9101 0004 0c02 7c91 0100  k....{......|...
00011500: 04fe 152a 0000 1b02 1525 0a7d 8401 0004  ...*.....%.}....
00011510: 0212 0228 2d01 000a 7d8c 0100 0402 027b  ...(-...}......{
00011520: 8c01 0004 7d8b 0100 0402 7b8b 0100 0413  ....}.....{.....
00011530: 0411 0439 db00 0000 0002 7b89 0100 047b  ...9......{....{
00011540: 0b00 0004 176f 1900 000a 0002 7b8a 0100  .....o......{...
00011550: 0414 fe03 1305 1105 3992 0000 0000 178d  ........9.......
00011560: 1d00 0001 2516 027b 8a01 0004 a228 1d02  ....%..{.....(..
00011570: 000a 6f1e 0200 0a13 0612 0628 1f02 000a  ..o........(....
00011580: 2d45 0217 250a 7d84 0100 0402 1106 7d92  -E..%.}.......}.
00011590: 0100 0402 0d02 7c85 0100 0412 0612 0328  ......|........(
000115a0: 7000 002b 00dd b501 0000 027b 9201 0004  p..+.......{....
000115b0: 1306 027c 9201 0004 fe15 3b00 001b 0215  ...|......;.....
000115c0: 250a 7d84 0100 0402 1206 2820 0200 0a7d  %.}.......( ...}
000115d0: 8e01 0004 0202 7b8e 0100 047d 8d01 0004  ......{....}....
000115e0: 0214 7d8e 0100 0400 0214 7d8d 0100 0428  ..}.......}....(
000115f0: 4800 000a 176f 2102 000a 2602 7b89 0100  H....o!...&.{...
00011600: 047b 0b00 0004 166f 1900 000a 0000 38d6  .{.....o......8.
00011610: 0000 0000 027b 8901 0004 7b0b 0000 0417  .....{....{.....
00011620: 6f19 0000 0a00 027b 8a01 0004 14fe 0313  o......{........
00011630: 0711 0739 9200 0000 0017 8d1d 0000 0125  ...9...........%
00011640: 1602 7b8a 0100 04a2 281d 0200 0a6f 1e02  ..{.....(....o..
00011650: 000a 1308 1208 281f 0200 0a2d 4502 1825  ......(....-E..%
00011660: 0a7d 8401 0004 0211 087d 9201 0004 020d  .}.......}......
00011670: 027c 8501 0004 1208 1203 2870 0000 2b00  .|........(p..+.
00011680: ddda 0000 0002 7b92 0100 0413 0802 7c92  ......{.......|.
00011690: 0100 04fe 153b 0000 1b02 1525 0a7d 8401  .....;.....%.}..
000116a0: 0004 0212 0828 2002 000a 7d90 0100 0402  .....( ...}.....
000116b0: 027b 9001 0004 7d8f 0100 0402 147d 9001  .{....}......}..
000116c0: 0004 0002 147d 8f01 0004 2848 0000 0a16  .....}....(H....
000116d0: 6f21 0200 0a26 027b 8901 0004 7b0b 0000  o!...&.{....{...
000116e0: 0416 6f19 0000 0a00 007e 2f00 000a 2896  ..o......~/...(.
000116f0: 0100 0a00 7e2f 0000 0a1a 6f4f 0000 0a00  ....~/....oO....
00011700: 027b 8901 0004 6f28 0000 0626 0214 7d8a  .{....o(...&..}.
00011710: 0100 04de 2813 0902 1ffe 7d84 0100 0402  ....(.....}.....
00011720: 147d 8901 0004 0214 7d8a 0100 0402 7c85  .}......}.....|.
00011730: 0100 0411 0928 2101 000a 00de 2202 1ffe  .....(!....."...
00011740: 7d84 0100 0402 147d 8901 0004 0214 7d8a  }......}......}.
00011750: 0100 0402 7c85 0100 0428 2201 000a 002a  ....|....("....*
00011760: 411c 0000 0000 0000 0700 0000 e602 0000  A...............
00011770: ed02 0000 2800 0000 1f00 0001 1b30 0500  ....(........0..
00011780: 0803 0000 6700 0011 027b 9301 0004 0a06  ....g....{......
00011790: 4504 0000 0002 0000 0007 0000 000c 0000  E...............
000117a0: 0011 0000 002b 1438 a400 0000 3843 0100  .....+.8....8C..
000117b0: 0038 bf01 0000 3851 0200 0000 0202 7b97  .8....8Q......{.
000117c0: 0100 047d 9801 0004 7e2f 0000 0a6f 3900  ...}....~/...o9.
000117d0: 000a 1a2e 0f7e 2f00 000a 6f39 0000 0a18  .....~/...o9....
000117e0: fe01 2b01 170b 0739 a100 0000 0002 7b98  ..+....9......{.
000117f0: 0100 046f 3700 0006 0002 7322 0200 0a7d  ...o7.....s"...}
00011800: 9901 0004 027b 9801 0004 6f9a 0100 0a02  .....{....o.....
00011810: 7b99 0100 046f 9c01 000a 6f27 0100 0a0c  {....o....o'....
00011820: 1202 2828 0100 0a2d 4302 1625 0a7d 9301  ..((...-C..%.}..
00011830: 0004 0208 7d9d 0100 0402 0d02 7c94 0100  ....}.......|...
00011840: 0412 0212 0328 7100 002b 00dd 3f02 0000  .....(q..+..?...
00011850: 027b 9d01 0004 0c02 7c9d 0100 04fe 15ae  .{......|.......
00011860: 0000 0102 1525 0a7d 9301 0004 1202 282a  .....%.}......(*
00011870: 0100 0a00 027b 9801 0004 6f38 0000 0600  .....{....o8....
00011880: 0002 147d 9901 0004 38c4 0100 0000 027b  ...}....8......{
00011890: 9801 0004 72e6 1e00 7028 5700 000a 721a  ....r...p(W...r.
000118a0: 1f00 7028 5700 000a 72bb 0300 7072 9c12  ..p(W...r...pr..
000118b0: 0070 2857 0000 0a6f 5601 000a 6f2b 0100  .p(W...oV...o+..
000118c0: 0a13 0512 0528 2c01 000a 2d45 0217 250a  .....(,...-E..%.
000118d0: 7d93 0100 0402 1105 7d9e 0100 0402 0d02  }.......}.......
000118e0: 7c94 0100 0412 0512 0328 7200 002b 00dd  |........(r..+..
000118f0: 9b01 0000 027b 9e01 0004 1305 027c 9e01  .....{.......|..
00011900: 0004 fe15 2a00 001b 0215 250a 7d93 0100  ....*.....%.}...
00011910: 0402 1205 282d 0100 0a7d 9b01 0004 027b  ....(-...}.....{
00011920: 9b01 0004 16fe 0113 0411 042c 05dd 4201  ...........,..B.
00011930: 0000 2804 0000 0616 6f24 0000 066f 2701  ..(.....o$...o'.
00011940: 000a 1306 1206 2828 0100 0a2d 4502 1825  ......((...-E..%
00011950: 0a7d 9301 0004 0211 067d 9d01 0004 020d  .}.......}......
00011960: 027c 9401 0004 1206 1203 2871 0000 2b00  .|........(q..+.
00011970: dd1a 0100 0002 7b9d 0100 0413 0602 7c9d  ......{.......|.
00011980: 0100 04fe 15ae 0000 0102 1525 0a7d 9301  ...........%.}..
00011990: 0004 1206 282a 0100 0a00 7e2f 0000 0a6f  ....(*....~/...o
000119a0: 3900 000a 1a2e 127e 2f00 000a 6f39 0000  9......~/...o9..
000119b0: 0a18 fe01 16fe 012b 0116 1307 1107 2c05  .......+......,.
000119c0: ddaf 0000 0028 b001 000a 6f9a 0100 0a6f  .....(....o....o
000119d0: 2302 000a 6f24 0200 0a13 0812 0828 2502  #...o$.......(%.
000119e0: 000a 2d45 0219 250a 7d93 0100 0402 1108  ..-E..%.}.......
000119f0: 7d9f 0100 0402 0d02 7c94 0100 0412 0812  }.......|.......
00011a00: 0328 7300 002b 00dd 8300 0000 027b 9f01  .(s..+.......{..
00011a10: 0004 1308 027c 9f01 0004 fe15 3d00 001b  .....|......=...
00011a20: 0215 250a 7d93 0100 0402 1208 2826 0200  ..%.}.......(&..
00011a30: 0a7d 9c01 0004 0202 7b9c 0100 047d 9a01  .}......{....}..
00011a40: 0004 0214 7d9c 0100 0400 0214 7d9a 0100  ....}.......}...
00011a50: 04de 2113 0902 1ffe 7d93 0100 0402 147d  ..!.....}......}
00011a60: 9801 0004 027c 9401 0004 1109 2821 0100  .....|......(!..
00011a70: 0a00 de1b 021f fe7d 9301 0004 0214 7d98  .......}......}.
00011a80: 0100 0402 7c94 0100 0428 2201 000a 002a  ....|....("....*
00011a90: 411c 0000 0000 0000 0700 0000 c402 0000  A...............
00011aa0: cb02 0000 2100 0000 1f00 0001 1b30 0300  ....!........0..
00011ab0: f600 0000 6800 0011 027b a001 0004 0a06  ....h....{......
00011ac0: 2c02 2b02 2b79 0002 027b a401 0004 7da5  ,.+.+y...{....}.
00011ad0: 0100 0402 7ba5 0100 0416 6f29 0000 0616  ....{.....o)....
00011ae0: fe01 0b07 2c05 dda7 0000 0002 7ba5 0100  ....,.......{...
00011af0: 046f 3700 0006 0002 7ba5 0100 046f 9a01  .o7.....{....o..
00011b00: 000a 7327 0200 0a6f 9c01 000a 6f27 0100  ..s'...o....o'..
00011b10: 0a0c 1202 2828 0100 0a2d 4002 1625 0a7d  ....((...-@..%.}
00011b20: a001 0004 0208 7da6 0100 0402 0d02 7ca1  ......}.......|.
00011b30: 0100 0412 0212 0328 7400 002b 00de 6e02  .......(t..+..n.
00011b40: 7ba6 0100 040c 027c a601 0004 fe15 ae00  {......|........
00011b50: 0001 0215 250a 7da0 0100 0412 0228 2a01  ....%.}......(*.
00011b60: 000a 0002 7ba5 0100 046f 3800 0006 00de  ....{....o8.....
00011b70: 2113 0402 1ffe 7da0 0100 0402 147d a501  !.....}......}..
00011b80: 0004 027c a101 0004 1104 2821 0100 0a00  ...|......(!....
00011b90: de1b 021f fe7d a001 0004 0214 7da5 0100  .....}......}...
00011ba0: 0402 7ca1 0100 0428 2201 000a 002a 0000  ..|....("....*..
00011bb0: 0110 0000 0000 0700 b2b9 0021 1f00 0001  ...........!....
00011bc0: 2200 2828 0200 0a00 2a00 0000 1330 0900  ".((....*....0..
00011bd0: 5b00 0000 6900 0011 0002 6f8c 0000 0a0a  [...i.....o.....
00011be0: 0603 1f34 6f29 0200 0a14 282a 0200 0a0b  ...4o)....(*....
00011bf0: 072c 2172 4c1f 0070 725e 1f00 7003 026f  .,!rL..pr^..p..o
00011c00: 8c00 000a 6f2b 0200 0a28 8801 000a 732c  ....o+...(....s,
00011c10: 0200 0a7a 0603 2034 2000 0014 0217 8d7b  ...z.. 4 ......{
00011c20: 0000 0125 1604 8c3e 0000 1ba2 6f2d 0200  ...%...>....o-..
00011c30: 0a26 2a00 1b30 0400 8d00 0000 6a00 0011  .&*..0......j...
00011c40: 0228 2e02 000a 0000 0228 0f01 0006 0028  .(.......(.....(
00011c50: 0900 000a 6f0a 0000 0a0a 0006 6f2f 0200  ....o.......o/..
00011c60: 0a6f 3002 000a 0b2b 1d07 6f31 0200 0a0c  .o0....+..o1....
00011c70: 0002 280a 0000 0a08 0608 6f0b 0000 0a6f  ..(.......o....o
00011c80: 2e00 000a 0000 076f 4400 000a 2ddb de0b  .......oD...-...
00011c90: 072c 0707 6f45 0000 0a00 dc02 7311 0100  .,..oE......s...
00011ca0: 0673 3202 000a 2833 0200 0a00 2809 0000  .s2...(3....(...
00011cb0: 0a6f 3402 000a 72ac 1f00 7002 2835 0200  .o4...r...p.(5..
00011cc0: 0a6f 9a01 000a 2875 0000 2b00 2a00 0000  .o....(u..+.*...
00011cd0: 0110 0000 0200 2700 2950 000b 0000 0000  ......'.)P......
00011ce0: 1330 0800 5906 0000 6b00 0011 0028 8100  .0..Y...k....(..
00011cf0: 000a 2c44 7382 0000 0a25 d03c 0000 0228  ..,Ds....%.<...(
00011d00: 8300 000a 2884 0000 0a6f 8500 000a 6f86  ....(....o....o.
00011d10: 0000 0a6f 3602 000a 2572 c21f 0070 6f88  ...o6...%r...po.
00011d20: 0000 0a25 026f 8900 000a 288a 0000 0a2c  ...%.o....(....,
00011d30: 0702 2810 0100 062a 0028 3702 000a 2c19  ..(....*.(7...,.
00011d40: 2837 0200 0a02 288c 0000 0a6f 8d00 000a  (7....(....o....
00011d50: 2c07 0228 1001 0006 2a00 2300 0000 0000  ,..(....*.#.....
00011d60: 0028 400a 2300 0000 0000 002c 400b 2300  .(@.#......,@.#.
00011d70: 0000 0000 0031 400c 2300 0000 0000 0033  .....1@.#......3
00011d80: 400d 2300 0000 0000 003c 4013 0423 0000  @.#......<@..#..
00011d90: 0000 0000 2640 1305 2300 0000 0000 0022  ....&@..#......"
00011da0: 4013 0623 0000 0000 0000 1c40 1307 2300  @..#.......@..#.
00011db0: 0000 a090 90c0 3f23 0000 00e0 d2d2 e23f  ......?#.......?
00011dc0: 2300 0000 807e 7eee 3f23 0000 0000 0000  #....~~.?#......
00011dd0: f03f 7338 0200 0a13 0817 1309 1613 0a73  .?s8...........s
00011de0: 3902 000a 2513 0b72 c21f 0070 72d4 1f00  9...%..r...pr...
00011df0: 7072 ea1f 0070 286d 0100 0a16 7314 0000  pr...p(m....s...
00011e00: 0a1f 131f 1228 3a02 000a 73a2 0000 0a25  .....(:...s....%
00011e10: 130c 72c2 1f00 7072 d41f 0070 72ea 1f00  ..r...pr...pr...
00011e20: 7028 6d01 000a 1673 1400 000a 1f19 1f48  p(m....s.......H
00011e30: 283a 0200 0a73 3902 000a 2513 0d72 c21f  (:...s9...%..r..
00011e40: 0070 72d4 1f00 7072 ea1f 0070 286d 0100  .pr...pr...p(m..
00011e50: 0a16 7314 0000 0a1f 191f 2628 3a02 000a  ..s.......&(:...
00011e60: 733b 0200 0a25 130e 72c2 1f00 7072 d41f  s;...%..r...pr..
00011e70: 0070 72ea 1f00 7028 6d01 000a 1673 1400  .pr...p(m....s..
00011e80: 000a 1f17 1f1e 283a 0200 0a73 3902 000a  ......(:...s9...
00011e90: 2513 0f72 c21f 0070 72d4 1f00 7072 ea1f  %..r...pr...pr..
00011ea0: 0070 286d 0100 0a16 7314 0000 0a1f 1e1f  .p(m....s.......
00011eb0: 2628 3a02 000a 733b 0200 0a25 1310 72c2  &(:...s;...%..r.
00011ec0: 1f00 7072 d41f 0070 72ea 1f00 7028 6d01  ..pr...pr...p(m.
00011ed0: 000a 1673 1400 000a 1f1c 1f1e 283a 0200  ...s........(:..
00011ee0: 0a73 3c02 000a 2513 1172 c21f 0070 72d4  .s<...%..r...pr.
00011ef0: 1f00 7072 ea1f 0070 286d 0100 0a16 7314  ..pr...p(m....s.
00011f00: 0000 0a1f 161f 1a28 3a02 000a 733d 0200  .......(:...s=..
00011f10: 0a25 1312 72c2 1f00 7072 d41f 0070 72ea  .%..r...pr...pr.
00011f20: 1f00 7028 6d01 000a 1673 1400 000a 1f15  ..p(m....s......
00011f30: 1f16 283a 0200 0a73 3902 000a 2513 1372  ..(:...s9...%..r
00011f40: c21f 0070 72d4 1f00 7072 ea1f 0070 286d  ...pr...pr...p(m
00011f50: 0100 0a16 7314 0000 0a1f 141f 1228 3a02  ....s........(:.
00011f60: 000a d00d 0000 0128 8300 000a 733e 0200  .......(....s>..
00011f70: 0a25 1314 72c2 1f00 7072 d41f 0070 72ea  .%..r...pr...pr.
00011f80: 1f00 7028 6d01 000a 1673 1400 000a 1f12  ..p(m....s......
00011f90: 1f0e 283a 0200 0a73 9500 000a 2513 1572  ..(:...s....%..r
00011fa0: c21f 0070 72d4 1f00 7072 ea1f 0070 286d  ...pr...pr...p(m
00011fb0: 0100 0a16 7314 0000 0a1c 1f0a 283a 0200  ....s.......(:..
00011fc0: 0a02 2513 1672 c21f 0070 72d4 1f00 7072  ..%..r...pr...pr
00011fd0: ea1f 0070 286d 0100 0a16 7314 0000 0a18  ...p(m....s.....
00011fe0: 1828 3a02 000a 1116 28a6 0000 0a25 2d06  .(:.....(....%-.
00011ff0: 2673 a700 000a 1317 1116 1117 28a8 0000  &s..........(...
00012000: 0a73 a700 000a 1318 73a7 0000 0a13 1973  .s......s......s
00012010: a700 000a 2513 1a72 fa1f 0070 1111 6fa9  ....%..r...p..o.
00012020: 0000 0a11 1a72 1420 0070 110e 6fa9 0000  .....r. .p..o...
00012030: 0a11 1a72 2220 0070 1110 6fa9 0000 0a11  ...r" .p..o.....
00012040: 1611 156f 3f02 000a 1115 7224 0e00 7006  ...o?.....r$..p.
00012050: 8ca2 0000 016f ad00 000a 1115 7234 2000  .....o......r4 .
00012060: 7007 8ca2 0000 016f ad00 000a 1115 72d8  p......o......r.
00012070: 0c00 7008 8ca2 0000 016f ad00 000a 1115  ..p......o......
00012080: 7250 2000 7009 8ca2 0000 016f ad00 000a  rP .p......o....
00012090: 1115 7270 2000 7011 048c a200 0001 6fad  ..rp .p.......o.
000120a0: 0000 0a11 1572 9220 0070 1105 8ca2 0000  .....r. .p......
000120b0: 016f ad00 000a 1115 72ae 2000 7011 068c  .o......r. .p...
000120c0: a200 0001 6fad 0000 0a11 1572 cc20 0070  ....o......r. .p
000120d0: 1107 8ca2 0000 016f ad00 000a 1115 72ec  .......o......r.
000120e0: 2000 7011 088c 2e00 0001 6fad 0000 0a11   .p.......o.....
000120f0: 1572 fc20 0070 1109 8c82 0000 016f ad00  .r. .p.......o..
00012100: 000a 1115 7210 2100 7011 0a8c 8200 0001  ....r.!.p.......
00012110: 6fad 0000 0a11 0b7e 1901 000a 6f40 0200  o......~....o@..
00012120: 0a11 0b72 2621 0070 6f41 0200 0a11 0b7e  ...r&!.poA.....~
00012130: 1a01 000a 8c2e 0000 016f 4102 000a 1114  .........oA.....
00012140: 6f42 0200 0a11 0b6f 4302 000a 1113 7e44  oB.....oC.....~D
00012150: 0200 0a6f 4002 000a 1111 72fa 1f00 706f  ...o@.....r...po
00012160: 4502 000a 110e 7214 2000 706f 4602 000a  E.....r. .poF...
00012170: 110d 7eb5 0000 0a6f 4002 000a 110c 72ec  ..~....o@.....r.
00012180: 2000 706f 0d01 000a 110c 73b4 0000 0a25   .po......s....%
00012190: d084 0000 0128 8300 000a 1625 131b 1e58  .....(.....%...X
000121a0: 8d7b 0000 0125 131c 2516 110d a225 1711  .{...%..%....%..
000121b0: 0ea2 2518 1111 a225 1911 12a2 251a 1113  ..%....%....%...
000121c0: a225 1b11 14a2 251c 1115 a225 1d11 16a2  .%....%....%....
000121d0: d001 0100 0128 8300 000a 7232 2100 7028  .....(....r2!.p(
000121e0: 0e01 000a 111a 73b6 0000 0a25 131d 6f47  ......s....%..oG
000121f0: 0200 0a25 d085 0000 0128 8300 000a 111d  ...%.....(......
00012200: 6f47 0200 0a25 d086 0000 0128 8300 000a  oG...%.....(....
00012210: 73b8 0000 0a25 7201 0000 7072 e508 0070  s....%r...pr...p
00012220: 6fb9 0000 0a25 7231 0900 7072 3509 0070  o....%r1..pr5..p
00012230: 6fb9 0000 0ad0 3c00 0002 2883 0000 0a28  o.....<...(....(
00012240: 8400 000a 6f85 0000 0a73 4802 000a 6f47  ....o....sH...oG
00012250: 0200 0a25 d088 0000 0128 8300 000a 1f19  ...%.....(......
00012260: 1f48 73bb 0000 0a73 4902 000a 6f47 0200  .Hs....sI...oG..
00012270: 0a6f 4a02 000a 131e 110d 111e 6f41 0200  .oJ.........oA..
00012280: 0a11 0e6f 4b02 000a 110d 6f43 0200 0a11  ...oK.....oC....
00012290: 116f 4c02 000a 110e 6f4d 0200 0a11 1072  .oL.....oM.....r
000122a0: 2220 0070 6f46 0200 0a11 0f7e b500 000a  " .poF.....~....
000122b0: 6f40 0200 0a11 0f72 3e21 0070 6f41 0200  o@.....r>!.poA..
000122c0: 0a11 0f23 0000 00a0 9090 c03f 2300 0000  ...#.......?#...
000122d0: e0d2 d2e2 3f23 0000 0080 7e7e ee3f 2300  ....?#....~~.?#.
000122e0: 0000 a099 99c9 3f73 3802 000a 8c2e 0000  ......?s8.......
000122f0: 016f 4102 000a 1110 6f4b 0200 0a11 0f6f  .oA.....oK.....o
00012300: 4302 000a 1111 6f4c 0200 0a11 106f 4d02  C.....oL.....oM.
00012310: 000a 1112 1111 6f4e 0200 0a11 1311 126f  ......oN.......o
00012320: 4102 000a 1114 6f42 0200 0a11 136f 4302  A.....oB.....oC.
00012330: 000a 1115 1114 6f4f 0200 0a11 1611 156f  ......oO.......o
00012340: 3f02 000a 2a4e 0002 d03c 0000 0228 8300  ?...*N...<...(..
00012350: 000a 2876 0000 2b26 2a00 0000 1330 0400  ..(v..+&*....0..
00012360: be00 0000 6c00 0011 0228 0600 000a 0000  ....l....(......
00012370: 0228 1201 0006 0072 5221 0070 0a02 7ba7  .(.....rR!.p..{.
00012380: 0100 040b 2850 0200 0a0d 172d 0100 0972  ....(P.....-...r
00012390: 7221 0070 2860 0100 0a2d 1c09 7282 2100  r!.p(`...-..r.!.
000123a0: 7028 6001 000a 2d29 0972 8a21 0070 2860  p(`...-).r.!.p(`
000123b0: 0100 0a2d 362b 4e73 5102 000a 2572 9221  ...-6+NsQ...%r.!
000123c0: 0070 0628 5202 000a 6f53 0200 0a00 0c2b  .p.(R...oS.....+
000123d0: 4873 5102 000a 2572 c021 0070 0628 5202  HsQ...%r.!.p.(R.
000123e0: 000a 6f53 0200 0a00 0c2b 2e73 5102 000a  ..oS.....+.sQ...
000123f0: 2572 d421 0070 0628 5202 000a 6f53 0200  %r.!.p.(R...oS..
00012400: 0a00 0c2b 1473 5102 000a 2572 0100 0070  ...+.sQ...%r...p
00012410: 6f53 0200 0a00 0c2b 0017 2d01 0007 086f  oS.....+..-....o
00012420: 5402 000a 002a 0000 1330 0b00 b703 0000  T....*...0......
00012430: 6d00 0011 0028 8100 000a 2c44 7382 0000  m....(....,Ds...
00012440: 0a25 d03d 0000 0228 8300 000a 2884 0000  .%.=...(....(...
00012450: 0a6f 8500 000a 6f86 0000 0a6f 3602 000a  .o....o....o6...
00012460: 2572 0222 0070 6f88 0000 0a25 026f 8900  %r.".po....%.o..
00012470: 000a 288a 0000 0a2c 0702 2813 0100 062a  ..(....,..(....*
00012480: 0028 3702 000a 2c19 2837 0200 0a02 288c  .(7...,.(7....(.
00012490: 0000 0a6f 8d00 000a 2c07 0228 1301 0006  ...o....,..(....
000124a0: 2a00 739a 0000 0a25 0a72 0222 0070 72d4  *.s....%.r.".pr.
000124b0: 1f00 7072 ea1f 0070 286d 0100 0a16 7314  ..pr...p(m....s.
000124c0: 0000 0a1f 091f 0e28 3a02 000a 7355 0200  .......(:...sU..
000124d0: 0a25 0b72 0222 0070 72d4 1f00 7072 ea1f  .%.r.".pr...pr..
000124e0: 0070 286d 0100 0a16 7314 0000 0a1e 1f0a  .p(m....s.......
000124f0: 283a 0200 0a73 5602 000a 250c 7202 2200  (:...sV...%.r.".
00012500: 7072 d41f 0070 72ea 1f00 7028 6d01 000a  pr...pr...p(m...
00012510: 1673 1400 000a 1f0c 1f0a 283a 0200 0a73  .s........(:...s
00012520: a000 000a 250d 7202 2200 7072 d41f 0070  ....%.r.".pr...p
00012530: 72ea 1f00 7028 6d01 000a 1673 1400 000a  r...p(m....s....
00012540: 1d1c 283a 0200 0a02 2513 0472 0222 0070  ..(:....%..r.".p
00012550: 72d4 1f00 7072 ea1f 0070 286d 0100 0a16  r...pr...p(m....
00012560: 7314 0000 0a18 1828 3a02 000a 1104 28a6  s......(:.....(.
00012570: 0000 0a25 2d06 2673 a700 000a 1305 1104  ...%-.&s........
00012580: 1105 28a8 0000 0a11 0572 1e22 0070 086f  ..(......r.".p.o
00012590: a900 000a 086f aa00 000a 2d0b 0872 1e22  .....o....-..r."
000125a0: 0070 6fab 0000 0a00 0208 7da7 0100 0407  .po.......}.....
000125b0: 7eb5 0000 0a23 0000 00a0 9090 c03f 2300  ~....#.......?#.
000125c0: 0000 e0d2 d2e2 3f23 0000 0080 7e7e ee3f  ......?#....~~.?
000125d0: 2300 0000 0000 00f0 3f73 3802 000a 8c2e  #.......?s8.....
000125e0: 0000 016f af00 000a 077e 5702 000a 2300  ...o.....~W...#.
000125f0: 0000 0000 0000 0073 5802 000a 8c66 0000  .......sX....f..
00012600: 016f af00 000a 077e 5902 000a 2200 0000  .o.....~Y..."...
00012610: 008c 1501 0001 6faf 0000 0a07 7e5a 0200  ......o.....~Z..
00012620: 0a23 0000 0000 0000 4e40 8c16 0100 016f  .#......N@.....o
00012630: af00 000a 067e de00 000a 722e 2200 706f  .....~....r.".po
00012640: af00 000a 067e d900 000a 73da 0000 0a72  .....~....s....r
00012650: f60c 0070 6f5b 0200 0a6f af00 000a 067e  ...po[...o.....~
00012660: df00 000a 7e1a 0100 0a8c 2e00 0001 6faf  ....~.........o.
00012670: 0000 0a06 7ed6 0000 0a73 5c02 000a 724e  ....~....s\...rN
00012680: 2200 7073 b400 000a 25d0 8400 0001 2883  ".ps....%.....(.
00012690: 0000 0a16 1a58 8d7b 0000 0125 1606 a225  .....X.{...%...%
000126a0: 1707 a225 1809 a225 1911 04a2 7ed6 0000  ...%...%....~...
000126b0: 0a11 0573 b600 000a 2513 066f 4702 000a  ...s....%..oG...
000126c0: 25d0 8500 0001 2883 0000 0a11 066f 4702  %.....(......oG.
000126d0: 000a 25d0 8600 0001 2883 0000 0a73 b800  ..%.....(....s..
000126e0: 000a 2572 0100 0070 72e5 0800 706f b900  ..%r...pr...po..
000126f0: 000a 2572 3109 0070 7235 0900 706f b900  ..%r1..pr5..po..
00012700: 000a 2572 5422 0070 7258 2200 706f b900  ..%rT".prX".po..
00012710: 000a d03d 0000 0228 8300 000a 2884 0000  ...=...(....(...
00012720: 0a6f 8500 000a 7348 0200 0a6f 4702 000a  .o....sH...oG...
00012730: 25d0 8800 0001 2883 0000 0a1f 091f 5e73  %.....(.......^s
00012740: bb00 000a 7349 0200 0a6f 4702 000a 6f5d  ....sI...oG...o]
00012750: 0200 0a6f af00 000a 067e 5e02 000a 73da  ...o.....~^...s.
00012760: 0000 0a72 3e0e 0070 6f5b 0200 0a6f af00  ...r>..po[...o..
00012770: 000a 067e d400 000a 7ed5 0000 0a8c 9500  ...~....~.......
00012780: 0001 6faf 0000 0a07 7e5f 0200 0a06 6faf  ..o.....~_....o.
00012790: 0000 0a09 6f60 0200 0a07 6f7d 0000 0a08  ....o`....o}....
000127a0: 7e61 0200 0a23 0000 0000 0040 8f40 8c16  ~a...#.....@.@..
000127b0: 0100 016f af00 000a 087e 5a02 000a 2300  ...o.....~Z...#.
000127c0: 0000 0000 409f 408c 1601 0001 6faf 0000  ....@.@.....o...
000127d0: 0a09 6f60 0200 0a08 6f7d 0000 0a11 047e  ..o`....o}.....~
000127e0: 1b01 000a 096f af00 000a 2a92 0002 d03d  .....o....*....=
000127f0: 0000 0228 8300 000a 2877 0000 2b26 0202  ...(....(w..+&..
00012800: 721e 2200 7028 7800 002b 7da7 0100 042a  r.".p(x..+}....*
00012810: ca02 7362 0200 0a7d a901 0004 0273 6302  ..sb...}.....sc.
00012820: 000a 7daa 0100 0402 2864 0200 0a00 0002  ..}.....(d......
00012830: 02fe 0615 0100 0673 6502 000a 2866 0200  .......se...(f..
00012840: 0a00 2a00 1330 0200 2100 0000 0a00 0011  ..*..0..!.......
00012850: 0002 7ba8 0100 0414 fe01 0a06 2c12 02fe  ..{.........,...
00012860: 0616 0100 0673 0700 000a 281a 0000 0a00  .....s....(.....
00012870: 2a00 0000 1330 0200 2d00 0000 6e00 0011  *....0..-...n...
00012880: 73f7 0100 060a 0628 0c00 000a 7dce 0200  s......(....}...
00012890: 0406 027d cf02 0004 0615 7dcd 0200 0406  ...}......}.....
000128a0: 7cce 0200 0412 0028 7900 002b 2a00 0000  |......(y..+*...
000128b0: 1330 0200 3800 0000 6f00 0011 73eb 0100  .0..8...o...s...
000128c0: 060a 0628 1000 000a 7daa 0200 0406 027d  ...(....}......}
000128d0: ab02 0004 0615 7da9 0200 0406 7caa 0200  ......}.....|...
000128e0: 0412 0028 7a00 002b 067c aa02 0004 2812  ...(z..+.|....(.
000128f0: 0000 0a2a 1330 0200 2800 0000 7000 0011  ...*.0..(...p...
00012900: 73d2 0100 060a 0602 7d51 0200 0406 037d  s.......}Q.....}
00012910: 5202 0004 0006 fe06 d301 0006 7307 0000  R...........s...
00012920: 0a28 1a00 000a 002a 1330 0200 3f00 0000  .(.....*.0..?...
00012930: 7100 0011 730f 0200 060a 0628 1000 000a  q...s......(....
00012940: 7d0e 0300 0406 027d 1003 0004 0603 7d0f  }......}......}.
00012950: 0300 0406 157d 0d03 0004 067c 0e03 0004  .....}.....|....
00012960: 1200 287b 0000 2b06 7c0e 0300 0428 1200  ..({..+.|....(..
00012970: 000a 2a00 1330 0200 3f00 0000 7200 0011  ..*..0..?...r...
00012980: 7312 0200 060a 0628 1000 000a 7d13 0300  s......(....}...
00012990: 0406 027d 1503 0004 0603 7d14 0300 0406  ...}......}.....
000129a0: 157d 1203 0004 067c 1303 0004 1200 287c  .}.....|......(|
000129b0: 0000 2b06 7c13 0300 0428 1200 000a 2a00  ..+.|....(....*.
000129c0: 1330 0200 3f00 0000 7300 0011 730c 0200  .0..?...s...s...
000129d0: 060a 0628 1000 000a 7d09 0300 0406 027d  ...(....}......}
000129e0: 0b03 0004 0603 7d0a 0300 0406 157d 0803  ......}......}..
000129f0: 0004 067c 0903 0004 1200 287d 0000 2b06  ...|......(}..+.
00012a00: 7c09 0300 0428 1200 000a 2a00 1330 0200  |....(....*..0..
00012a10: 4d00 0000 7400 0011 7306 0200 060a 0628  M...t...s......(
00012a20: 1000 000a 7dfd 0200 0406 027d 0103 0004  ....}......}....
00012a30: 0603 7dfe 0200 0406 047d ff02 0004 0605  ..}......}......
00012a40: 7d00 0300 0406 157d fc02 0004 067c fd02  }......}.....|..
00012a50: 0004 1200 287e 0000 2b06 7cfd 0200 0428  ....(~..+.|....(
00012a60: 1200 000a 2a00 0000 1330 0200 4600 0000  ....*....0..F...
00012a70: 7500 0011 73dc 0100 060a 0628 1000 000a  u...s......(....
00012a80: 7d5e 0200 0406 027d 6102 0004 0603 7d5f  }^.....}a.....}_
00012a90: 0200 0406 047d 6002 0004 0615 7d5d 0200  .....}`.....}]..
00012aa0: 0406 7c5e 0200 0412 0028 7f00 002b 067c  ..|^.....(...+.|
00012ab0: 5e02 0004 2812 0000 0a2a 0000 1330 0200  ^...(....*...0..
00012ac0: 4600 0000 7600 0011 7368 0200 0a0a 0628  F...v...sh.....(
00012ad0: 6902 000a 7d6a 0200 0a06 027d 6b02 000a  i...}j.....}k...
00012ae0: 0603 7d6c 0200 0a06 047d 6d02 000a 0615  ..}l.....}m.....
00012af0: 7d6e 0200 0a06 7c6a 0200 0a12 0028 8000  }n....|j.....(..
00012b00: 002b 067c 6a02 000a 2870 0200 0a2a 0000  .+.|j...(p...*..
00012b10: 1330 0200 2f00 0000 7700 0011 7371 0200  .0../...w...sq..
00012b20: 0a0a 0603 7d72 0200 0a06 027d 7302 000a  ....}r.....}s...
00012b30: 0604 7d74 0200 0a00 06fe 0675 0200 0a73  ..}t.......u...s
00012b40: 0700 000a 2876 0200 0a00 2a00 1330 0400  ....(v....*..0..
00012b50: 5700 0000 7800 0011 7377 0200 0a0a 0603  W...x...sw......
00012b60: 7d78 0200 0a06 027d 7902 000a 0604 7d7a  }x.....}y.....}z
00012b70: 0200 0a00 0602 288c 0000 0a06 7b78 0200  ......(.....{x..
00012b80: 0a72 9622 0070 2852 0200 0a6f 7b02 000a  .r.".p(R...o{...
00012b90: 7d7c 0200 0a02 06fe 067d 0200 0a73 7e02  }|.......}...s~.
00012ba0: 000a 067b 7802 000a 2881 0000 2b00 2a00  ...{x...(...+.*.
00012bb0: 1330 0200 4d00 0000 7900 0011 73e8 0100  .0..M...y...s...
00012bc0: 060a 0628 6300 000a 7d89 0200 0406 027d  ...(c...}......}
00012bd0: 8d02 0004 0603 7d8a 0200 0406 047d 8b02  ......}......}..
00012be0: 0004 0605 7d8c 0200 0406 157d 8802 0004  ....}......}....
00012bf0: 067c 8902 0004 1200 2882 0000 2b06 7c89  .|......(...+.|.
00012c00: 0200 0428 6500 000a 2a00 0000 1330 0200  ...(e...*....0..
00012c10: 3800 0000 7a00 0011 7309 0200 060a 0628  8...z...s......(
00012c20: 6300 000a 7d05 0300 0406 027d 0603 0004  c...}......}....
00012c30: 0615 7d04 0300 0406 7c05 0300 0412 0028  ..}.....|......(
00012c40: 8300 002b 067c 0503 0004 2865 0000 0a2a  ...+.|....(e...*
00012c50: 1330 0200 3f00 0000 7b00 0011 73e2 0100  .0..?...{...s...
00012c60: 060a 0628 6000 000a 7d71 0200 0406 027d  ...(`...}q.....}
00012c70: 7302 0004 0603 7d72 0200 0406 157d 7002  s.....}r.....}p.
00012c80: 0004 067c 7102 0004 1200 2884 0000 2b06  ...|q.....(...+.
00012c90: 7c71 0200 0428 6200 000a 2a00 1330 0200  |q...(b...*..0..
00012ca0: 3f00 0000 7c00 0011 7303 0200 060a 0628  ?...|...s......(
00012cb0: 1000 000a 7df8 0200 0406 027d fa02 0004  ....}......}....
00012cc0: 0603 7df9 0200 0406 157d f702 0004 067c  ..}......}.....|
00012cd0: f802 0004 1200 2885 0000 2b06 7cf8 0200  ......(...+.|...
00012ce0: 0428 1200 000a 2a00 1330 0200 5500 0000  .(....*..0..U...
00012cf0: 7d00 0011 73f1 0100 060a 0628 6300 000a  }...s......(c...
00012d00: 7db2 0200 0406 027d b702 0004 0603 7db3  }......}......}.
00012d10: 0200 0406 047d b402 0004 0605 7db5 0200  .....}......}...
00012d20: 0406 0e04 7db6 0200 0406 157d b102 0004  ....}......}....
00012d30: 067c b202 0004 1200 2886 0000 2b06 7cb2  .|......(...+.|.
00012d40: 0200 0428 6500 000a 2a00 0000 1330 0200  ...(e...*....0..
00012d50: 3800 0000 7e00 0011 73ee 0100 060a 0628  8...~...s......(
00012d60: 6300 000a 7dae 0200 0406 027d af02 0004  c...}......}....
00012d70: 0615 7dad 0200 0406 7cae 0200 0412 0028  ..}.....|......(
00012d80: 8700 002b 067c ae02 0004 2865 0000 0a2a  ...+.|....(e...*
00012d90: 8600 027b a801 0004 166f 3000 000a 0002  ...{.....o0.....
00012da0: fe06 4c01 0006 7307 0000 0a28 1a00 000a  ..L...s....(....
00012db0: 002a 8600 027b a801 0004 166f 3000 000a  .*...{.....o0...
00012dc0: 0002 fe06 4d01 0006 7307 0000 0a28 1a00  ....M...s....(..
00012dd0: 000a 002a 8600 027b a801 0004 166f 3000  ...*...{.....o0.
00012de0: 000a 0002 fe06 4e01 0006 7307 0000 0a28  ......N...s....(
00012df0: 1a00 000a 002a 0000 1330 0200 b400 0000  .....*...0......
00012e00: 0c00 0011 0002 7ba8 0100 047b 6301 000a  ......{....{c...
00012e10: 1733 4528 1700 000a 6f01 0200 0a19 3311  .3E(....o.....3.
00012e20: 2817 0000 0a6f 0202 000a 286a 0100 0a2c  (....o....(j...,
00012e30: 2428 1700 000a 6f03 0200 0a19 3314 2817  $(....o.....3.(.
00012e40: 0000 0a6f 0402 000a 286a 0100 0a16 fe01  ...o....(j......
00012e50: 2b01 162b 0117 2b01 160a 1780 2900 000a  +..+..+.....)...
00012e60: 2805 0200 0a2c 0606 16fe 012b 0116 0b07  (....,.....+....
00012e70: 2c16 0002 fe06 4f01 0006 7307 0000 0a28  ,.....O...s....(
00012e80: 1a00 000a 0000 2b14 0002 fe06 5001 0006  ......+.....P...
00012e90: 7307 0000 0a28 1a00 000a 0000 2846 0000  s....(......(F..
00012ea0: 0a25 2d03 262b 1072 941c 0070 2857 0000  .%-.&+.r...p(W..
00012eb0: 0a28 0b02 000a 002a 8600 027b a801 0004  .(.....*...{....
00012ec0: 166f 3000 000a 0002 fe06 5101 0006 7307  .o0.......Q...s.
00012ed0: 0000 0a28 1a00 000a 002a 8600 027b a801  ...(.....*...{..
00012ee0: 0004 166f 3000 000a 0002 fe06 5201 0006  ...o0.......R...
00012ef0: 7307 0000 0a28 1a00 000a 002a 5200 02fe  s....(.....*R...
00012f00: 0653 0100 0673 0700 000a 281a 0000 0a00  .S...s....(.....
00012f10: 2a52 0002 fe06 5401 0006 7307 0000 0a28  *R....T...s....(
00012f20: 1a00 000a 002a 5200 02fe 0655 0100 0673  .....*R....U...s
00012f30: 0700 000a 281a 0000 0a00 2a52 0002 fe06  ....(.....*R....
00012f40: 5601 0006 7307 0000 0a28 1a00 000a 002a  V...s....(.....*
00012f50: 8600 027b a801 0004 166f 3000 000a 0002  ...{.....o0.....
00012f60: fe06 5701 0006 7307 0000 0a28 1a00 000a  ..W...s....(....
00012f70: 002a 5200 02fe 0658 0100 0673 0700 000a  .*R....X...s....
00012f80: 281a 0000 0a00 2a86 0002 7ba8 0100 0416  (.....*...{.....
00012f90: 6f30 0000 0a00 02fe 0659 0100 0673 0700  o0.......Y...s..
00012fa0: 000a 281a 0000 0a00 2a00 0000 1330 0100  ..(.....*....0..
00012fb0: 1000 0000 7f00 0011 007e 5100 000a 287f  .........~Q...(.
00012fc0: 0200 0a0a 2b00 062a 1b30 0300 ac00 0000  ....+..*.0......
00012fd0: 8000 0011 0003 2880 0200 0a0a 0006 6f81  ......(.......o.
00012fe0: 0200 0a0b 2b66 076f 8202 000a 0c00 7e51  ....+f.o......~Q
00012ff0: 0000 0a08 2883 0200 0a6f 8402 000a 0d09  ....(....o......
00013000: 2c0d 0928 8502 000a fe01 16fe 012b 0116  ,..(.........+..
00013010: 1304 1104 2c35 0002 7baa 0100 0409 6f86  ....,5..{.....o.
00013020: 0200 0a00 0902 fe06 3701 0006 7387 0200  ........7...s...
00013030: 0a6f 8802 000a 0009 02fe 0637 0100 0673  .o.........7...s
00013040: 8702 000a 6f89 0200 0a00 0000 076f 4400  ....o........oD.
00013050: 000a 2d92 de0b 072c 0707 6f45 0000 0a00  ..-....,..oE....
00013060: dc02 fe06 5a01 0006 738a 0200 0a80 2800  ....Z...s.....(.
00013070: 000a 284b 0000 0a00 1713 052b 0011 052a  ..(K.......+...*
00013080: 0110 0000 0200 1000 7282 000b 0000 0000  ........r.......
00013090: 1b30 0300 6500 0000 8100 0011 0002 7ba8  .0..e.........{.
000130a0: 0100 046f 8b02 000a 6f43 0100 0a00 1480  ...o....oC......
000130b0: 2800 000a 0002 7baa 0100 046f 8c02 000a  (.....{....o....
000130c0: 0a2b 1c06 6f8d 0200 0a0b 0007 02fe 0637  .+..o..........7
000130d0: 0100 0673 8702 000a 6f88 0200 0a00 0006  ...s....o.......
000130e0: 6f44 0000 0a2d dcde 0b06 2c07 066f 4500  oD...-....,..oE.
000130f0: 000a 00dc 027b aa01 0004 6f52 0000 0a00  .....{....oR....
00013100: 2a00 0000 0110 0000 0200 2500 284d 000b  *.........%.(M..
00013110: 0000 0000 1330 0200 2800 0000 8200 0011  .....0..(.......
00013120: 73b2 0100 060a 0602 7d2c 0200 0406 047d  s.......},.....}
00013130: 2d02 0004 0006 fe06 b301 0006 7307 0000  -...........s...
00013140: 0a28 1a00 000a 002a 1330 0200 3800 0000  .(.....*.0..8...
00013150: 8300 0011 73f4 0100 060a 0628 6000 000a  ....s......(`...
00013160: 7dbc 0200 0406 027d bd02 0004 0615 7dbb  }......}......}.
00013170: 0200 0406 7cbc 0200 0412 0028 8800 002b  ....|......(...+
00013180: 067c bc02 0004 2862 0000 0a2a 1330 0200  .|....(b...*.0..
00013190: 3f00 0000 8400 0011 73fd 0100 060a 0628  ?.......s......(
000131a0: 6000 000a 7de2 0200 0406 027d e402 0004  `...}......}....
000131b0: 0603 7de3 0200 0406 157d e102 0004 067c  ..}......}.....|
000131c0: e202 0004 1200 2889 0000 2b06 7ce2 0200  ......(...+.|...
000131d0: 0428 6200 000a 2a00 1b30 0500 cc00 0000  .(b...*..0......
000131e0: 8500 0011 0073 8e02 000a 0a73 8f02 000a  .....s.....s....
000131f0: 0b00 066f 9002 000a 6f91 0200 0a0c 3888  ...o....o.....8.
00013200: 0000 0008 6f92 0200 0a0d 0007 7393 0200  ....o.......s...
00013210: 0a25 72a2 2200 7009 6f94 0200 0a28 9502  .%r.".p.o....(..
00013220: 000a 6f96 0200 0a00 2572 ac22 0070 096f  ..o.....%r.".p.o
00013230: 9702 000a 2898 0200 0a6f 9602 000a 0025  ....(....o.....%
00013240: 72be 2200 7009 6f99 0200 0a28 9a02 000a  r.".p.o....(....
00013250: 6f96 0200 0a00 2572 d022 0070 096f 9b02  o.....%r.".p.o..
00013260: 000a 739c 0200 0a6f 9602 000a 0025 72d0  ..s....o.....%r.
00013270: 2200 7009 6f9d 0200 0a73 9c02 000a 6f96  ".p.o....s....o.
00013280: 0200 0a00 6f9e 0200 0a00 0008 6f44 0000  ....o.......oD..
00013290: 0a3a 6dff ffff de0b 082c 0708 6f45 0000  .:m......,..oE..
000132a0: 0a00 dc07 6f9f 0200 0a13 042b 0011 042a  ....o......+...*
000132b0: 0110 0000 0200 1a00 9ab4 000b 0000 0000  ................
000132c0: 1330 0100 1600 0000 7f00 0011 0002 7bab  .0............{.
000132d0: 0100 046f a002 000a 287f 0200 0a0a 2b00  ...o....(.....+.
000132e0: 062a 0000 1330 0300 1e00 0000 8600 0011  .*...0..........
000132f0: 0002 7bab 0100 0403 7201 0000 706f a102  ..{.....r...po..
00013300: 000a 0a06 287f 0200 0a0b 2b00 072a 0000  ....(.....+..*..
00013310: 1330 0300 3500 0000 8700 0011 0002 7bab  .0..5.........{.
00013320: 0100 0403 7201 0000 706f a102 000a 0a06  ....r...po......
00013330: 046f a202 000a 0b07 036f a302 000a 0028  .o.......o.....(
00013340: 1700 000a 076f a402 000a 6fa5 0200 0a00  .....o....o.....
00013350: 2a00 0000 1330 0200 1d00 0000 8800 0011  *....0..........
00013360: 0073 8e02 000a 0a06 6f90 0200 0a03 6fa6  .s......o.....o.
00013370: 0200 0a0b 0607 6fa7 0200 0a26 2a00 0000  ......o....&*...
00013380: 1330 0200 3f00 0000 8900 0011 73e5 0100  .0..?.......s...
00013390: 060a 0628 6300 000a 7d7e 0200 0406 027d  ...(c...}~.....}
000133a0: 8002 0004 0603 7d7f 0200 0406 157d 7d02  ......}......}}.
000133b0: 0004 067c 7e02 0004 1200 288a 0000 2b06  ...|~.....(...+.
000133c0: 7c7e 0200 0428 6500 000a 2a00 1330 0200  |~...(e...*..0..
000133d0: 3f00 0000 8a00 0011 73fa 0100 060a 0628  ?.......s......(
000133e0: 6000 000a 7dd3 0200 0406 027d d502 0004  `...}......}....
000133f0: 0603 7dd4 0200 0406 157d d202 0004 067c  ..}......}.....|
00013400: d302 0004 1200 288b 0000 2b06 7cd3 0200  ......(...+.|...
00013410: 0428 6200 000a 2a00 1330 0200 3f00 0000  .(b...*..0..?...
00013420: 8b00 0011 7300 0200 060a 0628 6000 000a  ....s......(`...
00013430: 7df0 0200 0406 027d f202 0004 0603 7df1  }......}......}.
00013440: 0200 0406 157d ef02 0004 067c f002 0004  .....}.....|....
00013450: 1200 288c 0000 2b06 7cf0 0200 0428 6200  ..(...+.|....(b.
00013460: 000a 2a00 1330 0500 9a00 0000 8c00 0011  ..*..0..........
00013470: 0002 7bac 0100 0414 fe03 0a06 2c07 160b  ..{.........,...
00013480: 3883 0000 0002 28a8 0200 0a7d ac01 0004  8.....(....}....
00013490: 027b ac01 0004 02fe 0645 0100 0673 a902  .{.......E...s..
000134a0: 000a 6faa 0200 0a00 027b ac01 0004 6fab  ..o......{....o.
000134b0: 0200 0a02 fe06 4401 0006 73ac 0200 0a6f  ......D...s....o
000134c0: ad02 000a 0002 7bac 0100 046f ab02 000a  ......{....o....
000134d0: 02fe 0643 0100 0673 b100 000a 6fae 0200  ...C...s....o...
000134e0: 0a00 027b ac01 0004 6fab 0200 0a14 1416  ...{....o.......
000134f0: 1202 fe15 d200 0001 086f af02 000a 6f43  .........o....oC
00013500: 0100 0a00 170b 2b00 072a 0000 1330 0500  ......+..*...0..
00013510: 4200 0000 8d00 0011 73b9 0100 060a 0602  B.......s.......
00013520: 7d33 0200 0400 0673 9302 000a 2572 fc22  }3.....s....%r."
00013530: 0070 7206 2300 7028 9502 000a 6f96 0200  .pr.#.p(....o...
00013540: 0a00 7d34 0200 0406 fe06 ba01 0006 7307  ..}4..........s.
00013550: 0000 0a28 1a00 000a 002a 0000 1330 0500  ...(.....*...0..
00013560: c000 0000 8e00 0011 73be 0100 060a 0602  ........s.......
00013570: 7d39 0200 0400 0673 9302 000a 2572 fc22  }9.....s....%r."
00013580: 0070 7216 2300 7028 9502 000a 6f96 0200  .pr.#.p(....o...
00013590: 0a00 2572 a222 0070 047b b002 000a 6fb1  ..%r.".p.{....o.
000135a0: 0200 0a28 9502 000a 6f96 0200 0a00 2572  ...(....o.....%r
000135b0: 2c23 0070 047b b002 000a 6fb2 0200 0a28  ,#.p.{....o....(
000135c0: b302 000a 6f96 0200 0a00 2572 3c23 0070  ....o.....%r<#.p
000135d0: 047b b002 000a 6fb4 0200 0a28 9a02 000a  .{....o....(....
000135e0: 6f96 0200 0a00 2572 4623 0070 047b b002  o.....%rF#.p.{..
000135f0: 000a 6fb5 0200 0a0b 1201 fe16 2d01 0001  ..o.........-...
00013600: 6f9f 0200 0a28 9502 000a 6f96 0200 0a00  o....(....o.....
00013610: 7d3a 0200 0406 fe06 bf01 0006 7307 0000  }:..........s...
00013620: 0a28 1a00 000a 002a 1330 0500 6700 0000  .(.....*.0..g...
00013630: 8f00 0011 73c3 0100 060a 0602 7d3f 0200  ....s.......}?..
00013640: 0400 0673 9302 000a 2572 fc22 0070 7252  ...s....%r.".prR
00013650: 2300 7028 9502 000a 6f96 0200 0a00 2572  #.p(....o.....%r
00013660: 4623 0070 046f b602 000a 0b12 01fe 162f  F#.p.o........./
00013670: 0100 016f 9f02 000a 2895 0200 0a6f 9602  ...o....(....o..
00013680: 000a 007d 4002 0004 06fe 06c4 0100 0673  ...}@..........s
00013690: 0700 000a 281a 0000 0a00 2a00 1330 0300  ....(.....*..0..
000136a0: 8700 0000 0c00 0011 0002 7bac 0100 0414  ..........{.....
000136b0: fe01 0a06 2c04 160b 2b73 027b ac01 0004  ....,...+s.{....
000136c0: 6fab 0200 0a02 fe06 4301 0006 73b1 0000  o.......C...s...
000136d0: 0a6f b702 000a 0002 7bac 0100 046f ab02  .o......{....o..
000136e0: 000a 02fe 0644 0100 0673 ac02 000a 6fb8  .....D...s....o.
000136f0: 0200 0a00 027b ac01 0004 02fe 0645 0100  .....{.......E..
00013700: 0673 a902 000a 6fb9 0200 0a00 027b ac01  .s....o......{..
00013710: 0004 6fab 0200 0a6f ba02 000a 6f43 0100  ..o....o....oC..
00013720: 0a00 0214 7dac 0100 0417 0b2b 0007 2a00  ....}......+..*.
00013730: 1330 0300 9200 0000 9000 0011 0002 7bad  .0............{.
00013740: 0100 0414 fe03 0a06 2c04 160b 2b7e 0228  ........,...+~.(
00013750: bb02 000a 6fbc 0200 0a7d ad01 0004 027b  ....o....}.....{
00013760: ad01 0004 14fe 010c 082c 0416 0b2b 5d02  .........,...+].
00013770: 7bad 0100 0402 fe06 4a01 0006 73bd 0200  {.......J...s...
00013780: 0a6f be02 000a 0002 7bad 0100 0402 fe06  .o......{.......
00013790: 4901 0006 73bf 0200 0a6f c002 000a 0002  I...s....o......
000137a0: 7bad 0100 0402 fe06 4801 0006 73c1 0200  {.......H...s...
000137b0: 0a6f c202 000a 0002 7bad 0100 046f c302  .o......{....o..
000137c0: 000a 6f43 0100 0a00 170b 2b00 072a 0000  ..oC......+..*..
000137d0: 1330 0500 9e00 0000 9100 0011 73c8 0100  .0..........s...
000137e0: 060a 0602 7d45 0200 0400 0673 9302 000a  ....}E.....s....
000137f0: 2572 fc22 0070 7216 2300 7028 9502 000a  %r.".pr.#.p(....
00013800: 6f96 0200 0a00 2572 a222 0070 046f c402  o.....%r.".p.o..
00013810: 000a 2895 0200 0a6f 9602 000a 0025 722c  ..(....o.....%r,
00013820: 2300 7004 6fc5 0200 0a28 9502 000a 6f96  #.p.o....(....o.
00013830: 0200 0a00 2572 6223 0070 046f c602 000a  ....%rb#.p.o....
00013840: 2898 0200 0a6f 9602 000a 0025 726e 2300  (....o.....%rn#.
00013850: 7004 6fc7 0200 0a28 9802 000a 6f96 0200  p.o....(....o...
00013860: 0a00 7d46 0200 0406 fe06 c901 0006 7307  ..}F..........s.
00013870: 0000 0a28 1a00 000a 002a 0000 1330 0500  ...(.....*...0..
00013880: 4200 0000 9200 0011 73cd 0100 060a 0602  B.......s.......
00013890: 7d4b 0200 0400 0673 9302 000a 2572 fc22  }K.....s....%r."
000138a0: 0070 727c 2300 7028 9502 000a 6f96 0200  .pr|#.p(....o...
000138b0: 0a00 7d4c 0200 0406 fe06 ce01 0006 7307  ..}L..........s.
000138c0: 0000 0a28 1a00 000a 002a 0000 1330 0500  ...(.....*...0..
000138d0: 5900 0000 9300 0011 73d7 0100 060a 0602  Y.......s.......
000138e0: 7d57 0200 0400 0673 9302 000a 2572 fc22  }W.....s....%r."
000138f0: 0070 7252 2300 7028 9502 000a 6f96 0200  .prR#.p(....o...
00013900: 0a00 2572 8e23 0070 036f ba01 000a 2898  ..%r.#.p.o....(.
00013910: 0200 0a6f 9602 000a 007d 5802 0004 06fe  ...o.....}X.....
00013920: 06d8 0100 0673 0700 000a 281a 0000 0a00  .....s....(.....
00013930: 2a00 0000 1330 0300 7800 0000 0c00 0011  *....0..x.......
00013940: 0002 7bad 0100 0414 fe01 0a06 2c04 160b  ..{.........,...
00013950: 2b64 027b ad01 0004 02fe 064a 0100 0673  +d.{.......J...s
00013960: bd02 000a 6fc8 0200 0a00 027b ad01 0004  ....o......{....
00013970: 02fe 0649 0100 0673 bf02 000a 6fc9 0200  ...I...s....o...
00013980: 0a00 027b ad01 0004 02fe 0648 0100 0673  ...{.......H...s
00013990: c102 000a 6fca 0200 0a00 027b ad01 0004  ....o......{....
000139a0: 6fcb 0200 0a6f 4301 000a 0002 147d ad01  o....oC......}..
000139b0: 0004 170b 2b00 072a 1330 0200 2d00 0000  ....+..*.0..-...
000139c0: 9400 0011 7361 0100 060a 0628 0c00 000a  ....sa.....(....
000139d0: 7db8 0100 0406 027d b901 0004 0615 7db7  }......}......}.
000139e0: 0100 0406 7cb8 0100 0412 0028 8d00 002b  ....|......(...+
000139f0: 2a00 0000 1330 0200 2d00 0000 9500 0011  *....0..-.......
00013a00: 7373 0100 060a 0628 0c00 000a 7dd0 0100  ss.....(....}...
00013a10: 0406 027d d101 0004 0615 7dcf 0100 0406  ...}......}.....
00013a20: 7cd0 0100 0412 0028 8e00 002b 2a00 0000  |......(...+*...
00013a30: 1330 0200 2d00 0000 9600 0011 737c 0100  .0..-.......s|..
00013a40: 060a 0628 0c00 000a 7ddc 0100 0406 027d  ...(....}......}
00013a50: dd01 0004 0615 7ddb 0100 0406 7cdc 0100  ......}.....|...
00013a60: 0412 0028 8f00 002b 2a00 0000 1330 0200  ...(...+*....0..
00013a70: 2d00 0000 9700 0011 735b 0100 060a 0628  -.......s[.....(
00013a80: 0c00 000a 7daf 0100 0406 027d b001 0004  ....}......}....
00013a90: 0615 7dae 0100 0406 7caf 0100 0412 0028  ..}.....|......(
00013aa0: 9000 002b 2a00 0000 1330 0200 2d00 0000  ...+*....0..-...
00013ab0: 9800 0011 735e 0100 060a 0628 0c00 000a  ....s^.....(....
00013ac0: 7db4 0100 0406 027d b501 0004 0615 7db3  }......}......}.
00013ad0: 0100 0406 7cb4 0100 0412 0028 9100 002b  ....|......(...+
00013ae0: 2a00 0000 1330 0200 2d00 0000 9900 0011  *....0..-.......
00013af0: 736a 0100 060a 0628 0c00 000a 7dc4 0100  sj.....(....}...
00013b00: 0406 027d c501 0004 0615 7dc3 0100 0406  ...}......}.....
00013b10: 7cc4 0100 0412 0028 9200 002b 2a00 0000  |......(...+*...
00013b20: 1330 0200 2d00 0000 9a00 0011 7376 0100  .0..-.......sv..
00013b30: 060a 0628 0c00 000a 7dd4 0100 0406 027d  ...(....}......}
00013b40: d501 0004 0615 7dd3 0100 0406 7cd4 0100  ......}.....|...
00013b50: 0412 0028 9300 002b 2a00 0000 1330 0200  ...(...+*....0..
00013b60: 2d00 0000 9b00 0011 7370 0100 060a 0628  -.......sp.....(
00013b70: 0c00 000a 7dcc 0100 0406 027d cd01 0004  ....}......}....
00013b80: 0615 7dcb 0100 0406 7ccc 0100 0412 0028  ..}.....|......(
00013b90: 9400 002b 2a00 0000 1330 0200 2d00 0000  ...+*....0..-...
00013ba0: 9c00 0011 737f 0100 060a 0628 0c00 000a  ....s......(....
00013bb0: 7de0 0100 0406 027d e101 0004 0615 7ddf  }......}......}.
00013bc0: 0100 0406 7ce0 0100 0412 0028 9500 002b  ....|......(...+
00013bd0: 2a00 0000 1330 0200 2d00 0000 9d00 0011  *....0..-.......
00013be0: 7364 0100 060a 0628 0c00 000a 7dbc 0100  sd.....(....}...
00013bf0: 0406 027d bd01 0004 0615 7dbb 0100 0406  ...}......}.....
00013c00: 7cbc 0100 0412 0028 9600 002b 2a00 0000  |......(...+*...
00013c10: 1330 0200 2d00 0000 9e00 0011 7379 0100  .0..-.......sy..
00013c20: 060a 0628 0c00 000a 7dd8 0100 0406 027d  ...(....}......}
00013c30: d901 0004 0615 7dd7 0100 0406 7cd8 0100  ......}.....|...
00013c40: 0412 0028 9700 002b 2a00 0000 1330 0200  ...(...+*....0..
00013c50: 2d00 0000 9f00 0011 7382 0100 060a 0628  -.......s......(
00013c60: 0c00 000a 7de4 0100 0406 027d e501 0004  ....}......}....
00013c70: 0615 7de3 0100 0406 7ce4 0100 0412 0028  ..}.....|......(
00013c80: 9800 002b 2a00 0000 1330 0200 2d00 0000  ...+*....0..-...
00013c90: a000 0011 736d 0100 060a 0628 0c00 000a  ....sm.....(....
00013ca0: 7dc8 0100 0406 027d c901 0004 0615 7dc7  }......}......}.
00013cb0: 0100 0406 7cc8 0100 0412 0028 9900 002b  ....|......(...+
00013cc0: 2a00 0000 1330 0200 2d00 0000 a100 0011  *....0..-.......
00013cd0: 7367 0100 060a 0628 0c00 000a 7dc0 0100  sg.....(....}...
00013ce0: 0406 027d c101 0004 0615 7dbf 0100 0406  ...}......}.....
00013cf0: 7cc0 0100 0412 0028 9a00 002b 2a00 0000  |......(...+*...
00013d00: 1b30 0400 3d00 0000 8100 0011 0000 027b  .0..=..........{
00013d10: aa01 0004 6f8c 0200 0a0a 2b17 066f 8d02  ....o.....+..o..
00013d20: 000a 0b00 0703 1472 0100 0070 28cc 0200  .......r...p(...
00013d30: 0a00 0006 6f44 0000 0a2d e1de 0b06 2c07  ....oD...-....,.
00013d40: 066f 4500 000a 00dc 2a00 0000 0110 0000  .oE.....*.......
00013d50: 0200 0e00 2331 000b 0000 0000 1b30 0300  ....#1.......0..
00013d60: 3601 0000 a200 0011 027b ae01 0004 0a06  6........{......
00013d70: 2c08 2b00 0617 2e04 2b07 2b52 38ba 0000  ,.+.....+.+R8...
00013d80: 0000 0273 0802 000a 7db1 0100 0402 7bb1  ...s....}.....{.
00013d90: 0100 046f 0902 000a 6f27 0100 0a0b 1201  ...o....o'......
00013da0: 2828 0100 0a2d 4302 1625 0a7d ae01 0004  ((...-C..%.}....
00013db0: 0207 7db2 0100 0402 0c02 7caf 0100 0412  ..}.......|.....
00013dc0: 0112 0228 9b00 002b 00dd cf00 0000 027b  ...(...+.......{
00013dd0: b201 0004 0b02 7cb2 0100 04fe 15ae 0000  ......|.........
00013de0: 0102 1525 0a7d ae01 0004 1201 282a 0100  ...%.}......(*..
00013df0: 0a00 027b b001 0004 289a 0100 0a02 7bb1  ...{....(.....{.
00013e00: 0100 046f 9c01 000a 6f27 0100 0a0d 1203  ...o....o'......
00013e10: 2828 0100 0a2d 4002 1725 0a7d ae01 0004  ((...-@..%.}....
00013e20: 0209 7db2 0100 0402 0c02 7caf 0100 0412  ..}.......|.....
00013e30: 0312 0228 9b00 002b 00de 6202 7bb2 0100  ...(...+..b.{...
00013e40: 040d 027c b201 0004 fe15 ae00 0001 0215  ...|............
00013e50: 250a 7dae 0100 0412 0328 2a01 000a 00de  %.}......(*.....
00013e60: 2113 0402 1ffe 7dae 0100 0402 147d b101  !.....}......}..
00013e70: 0004 027c af01 0004 1104 2821 0100 0a00  ...|......(!....
00013e80: de1b 021f fe7d ae01 0004 0214 7db1 0100  .....}......}...
00013e90: 0402 7caf 0100 0428 2201 000a 002a 0000  ..|....("....*..
00013ea0: 0110 0000 0000 0700 f2f9 0021 1f00 0001  ...........!....
00013eb0: 1b30 0300 a900 0000 a300 0011 027b b301  .0...........{..
00013ec0: 0004 0a06 2c02 2b02 2b48 027b b501 0004  ....,.+.+H.{....
00013ed0: 289a 0100 0a73 0a02 000a 6f9c 0100 0a6f  (....s....o....o
00013ee0: 2701 000a 0b12 0128 2801 000a 2d40 0216  '......((...-@..
00013ef0: 250a 7db3 0100 0402 077d b601 0004 020c  %.}......}......
00013f00: 027c b401 0004 1201 1202 289c 0000 2b00  .|........(...+.
00013f10: de52 027b b601 0004 0b02 7cb6 0100 04fe  .R.{......|.....
00013f20: 15ae 0000 0102 1525 0a7d b301 0004 1201  .......%.}......
00013f30: 282a 0100 0a00 de18 0d02 1ffe 7db3 0100  (*..........}...
00013f40: 0402 7cb4 0100 0409 2821 0100 0a00 de14  ..|.....(!......
00013f50: 021f fe7d b301 0004 027c b401 0004 2822  ...}.....|....("
00013f60: 0100 0a00 2a00 0000 0110 0000 0000 0700  ....*...........
00013f70: 757c 0018 1f00 0001 1b30 0300 a900 0000  u|.......0......
00013f80: a400 0011 027b b701 0004 0a06 2c02 2b02  .....{......,.+.
00013f90: 2b48 027b b901 0004 289a 0100 0a73 0c02  +H.{....(....s..
00013fa0: 000a 6f9c 0100 0a6f 2701 000a 0b12 0128  ..o....o'......(
00013fb0: 2801 000a 2d40 0216 250a 7db7 0100 0402  (...-@..%.}.....
00013fc0: 077d ba01 0004 020c 027c b801 0004 1201  .}.......|......
00013fd0: 1202 289d 0000 2b00 de52 027b ba01 0004  ..(...+..R.{....
00013fe0: 0b02 7cba 0100 04fe 15ae 0000 0102 1525  ..|............%
00013ff0: 0a7d b701 0004 1201 282a 0100 0a00 de18  .}......(*......
00014000: 0d02 1ffe 7db7 0100 0402 7cb8 0100 0409  ....}.....|.....
00014010: 2821 0100 0a00 de14 021f fe7d b701 0004  (!.........}....
00014020: 027c b801 0004 2822 0100 0a00 2a00 0000  .|....("....*...
00014030: 0110 0000 0000 0700 757c 0018 1f00 0001  ........u|......
00014040: 1b30 0300 a900 0000 a500 0011 027b bb01  .0...........{..
00014050: 0004 0a06 2c02 2b02 2b48 027b bd01 0004  ....,.+.+H.{....
00014060: 289a 0100 0a73 2702 000a 6f9c 0100 0a6f  (....s'...o....o
00014070: 2701 000a 0b12 0128 2801 000a 2d40 0216  '......((...-@..
00014080: 250a 7dbb 0100 0402 077d be01 0004 020c  %.}......}......
00014090: 027c bc01 0004 1201 1202 289e 0000 2b00  .|........(...+.
000140a0: de52 027b be01 0004 0b02 7cbe 0100 04fe  .R.{......|.....
000140b0: 15ae 0000 0102 1525 0a7d bb01 0004 1201  .......%.}......
000140c0: 282a 0100 0a00 de18 0d02 1ffe 7dbb 0100  (*..........}...
000140d0: 0402 7cbc 0100 0409 2821 0100 0a00 de14  ..|.....(!......
000140e0: 021f fe7d bb01 0004 027c bc01 0004 2822  ...}.....|....("
000140f0: 0100 0a00 2a00 0000 0110 0000 0000 0700  ....*...........
00014100: 757c 0018 1f00 0001 1b30 0300 a900 0000  u|.......0......
00014110: a600 0011 027b bf01 0004 0a06 2c02 2b02  .....{......,.+.
00014120: 2b48 027b c101 0004 289a 0100 0a73 0f02  +H.{....(....s..
00014130: 000a 6f9c 0100 0a6f 2701 000a 0b12 0128  ..o....o'......(
00014140: 2801 000a 2d40 0216 250a 7dbf 0100 0402  (...-@..%.}.....
00014150: 077d c201 0004 020c 027c c001 0004 1201  .}.......|......
00014160: 1202 289f 0000 2b00 de52 027b c201 0004  ..(...+..R.{....
00014170: 0b02 7cc2 0100 04fe 15ae 0000 0102 1525  ..|............%
00014180: 0a7d bf01 0004 1201 282a 0100 0a00 de18  .}......(*......
00014190: 0d02 1ffe 7dbf 0100 0402 7cc0 0100 0409  ....}.....|.....
000141a0: 2821 0100 0a00 de14 021f fe7d bf01 0004  (!.........}....
000141b0: 027c c001 0004 2822 0100 0a00 2a00 0000  .|....("....*...
000141c0: 0110 0000 0000 0700 757c 0018 1f00 0001  ........u|......
000141d0: 1b30 0300 a900 0000 a700 0011 027b c301  .0...........{..
000141e0: 0004 0a06 2c02 2b02 2b48 027b c501 0004  ....,.+.+H.{....
000141f0: 289a 0100 0a73 1102 000a 6f9c 0100 0a6f  (....s....o....o
00014200: 2701 000a 0b12 0128 2801 000a 2d40 0216  '......((...-@..
00014210: 250a 7dc3 0100 0402 077d c601 0004 020c  %.}......}......
00014220: 027c c401 0004 1201 1202 28a0 0000 2b00  .|........(...+.
00014230: de52 027b c601 0004 0b02 7cc6 0100 04fe  .R.{......|.....
00014240: 15ae 0000 0102 1525 0a7d c301 0004 1201  .......%.}......
00014250: 282a 0100 0a00 de18 0d02 1ffe 7dc3 0100  (*..........}...
00014260: 0402 7cc4 0100 0409 2821 0100 0a00 de14  ..|.....(!......
00014270: 021f fe7d c301 0004 027c c401 0004 2822  ...}.....|....("
00014280: 0100 0a00 2a00 0000 0110 0000 0000 0700  ....*...........
00014290: 757c 0018 1f00 0001 1b30 0300 a900 0000  u|.......0......
000142a0: a800 0011 027b c701 0004 0a06 2c02 2b02  .....{......,.+.
000142b0: 2b48 027b c901 0004 289a 0100 0a73 1202  +H.{....(....s..
000142c0: 000a 6f9c 0100 0a6f 2701 000a 0b12 0128  ..o....o'......(
000142d0: 2801 000a 2d40 0216 250a 7dc7 0100 0402  (...-@..%.}.....
000142e0: 077d ca01 0004 020c 027c c801 0004 1201  .}.......|......
000142f0: 1202 28a1 0000 2b00 de52 027b ca01 0004  ..(...+..R.{....
00014300: 0b02 7cca 0100 04fe 15ae 0000 0102 1525  ..|............%
00014310: 0a7d c701 0004 1201 282a 0100 0a00 de18  .}......(*......
00014320: 0d02 1ffe 7dc7 0100 0402 7cc8 0100 0409  ....}.....|.....
00014330: 2821 0100 0a00 de14 021f fe7d c701 0004  (!.........}....
00014340: 027c c801 0004 2822 0100 0a00 2a00 0000  .|....("....*...
00014350: 0110 0000 0000 0700 757c 0018 1f00 0001  ........u|......
00014360: 1b30 0300 a900 0000 a900 0011 027b cb01  .0...........{..
00014370: 0004 0a06 2c02 2b02 2b48 027b cd01 0004  ....,.+.+H.{....
00014380: 289a 0100 0a73 1302 000a 6f9c 0100 0a6f  (....s....o....o
00014390: 2701 000a 0b12 0128 2801 000a 2d40 0216  '......((...-@..
000143a0: 250a 7dcb 0100 0402 077d ce01 0004 020c  %.}......}......
000143b0: 027c cc01 0004 1201 1202 28a2 0000 2b00  .|........(...+.
000143c0: de52 027b ce01 0004 0b02 7cce 0100 04fe  .R.{......|.....
000143d0: 15ae 0000 0102 1525 0a7d cb01 0004 1201  .......%.}......
000143e0: 282a 0100 0a00 de18 0d02 1ffe 7dcb 0100  (*..........}...
000143f0: 0402 7ccc 0100 0409 2821 0100 0a00 de14  ..|.....(!......
00014400: 021f fe7d cb01 0004 027c cc01 0004 2822  ...}.....|....("
00014410: 0100 0a00 2a00 0000 0110 0000 0000 0700  ....*...........
00014420: 757c 0018 1f00 0001 1b30 0300 a900 0000  u|.......0......
00014430: aa00 0011 027b cf01 0004 0a06 2c02 2b02  .....{......,.+.
00014440: 2b48 027b d101 0004 289a 0100 0a73 9d01  +H.{....(....s..
00014450: 000a 6f9c 0100 0a6f 2701 000a 0b12 0128  ..o....o'......(
00014460: 2801 000a 2d40 0216 250a 7dcf 0100 0402  (...-@..%.}.....
00014470: 077d d201 0004 020c 027c d001 0004 1201  .}.......|......
00014480: 1202 28a3 0000 2b00 de52 027b d201 0004  ..(...+..R.{....
00014490: 0b02 7cd2 0100 04fe 15ae 0000 0102 1525  ..|............%
000144a0: 0a7d cf01 0004 1201 282a 0100 0a00 de18  .}......(*......
000144b0: 0d02 1ffe 7dcf 0100 0402 7cd0 0100 0409  ....}.....|.....
000144c0: 2821 0100 0a00 de14 021f fe7d cf01 0004  (!.........}....
000144d0: 027c d001 0004 2822 0100 0a00 2a00 0000  .|....("....*...
000144e0: 0110 0000 0000 0700 757c 0018 1f00 0001  ........u|......
000144f0: 1b30 0300 a900 0000 ab00 0011 027b d301  .0...........{..
00014500: 0004 0a06 2c02 2b02 2b48 027b d501 0004  ....,.+.+H.{....
00014510: 289a 0100 0a73 1702 000a 6f9c 0100 0a6f  (....s....o....o
00014520: 2701 000a 0b12 0128 2801 000a 2d40 0216  '......((...-@..
00014530: 250a 7dd3 0100 0402 077d d601 0004 020c  %.}......}......
00014540: 027c d401 0004 1201 1202 28a4 0000 2b00  .|........(...+.
00014550: de52 027b d601 0004 0b02 7cd6 0100 04fe  .R.{......|.....
00014560: 15ae 0000 0102 1525 0a7d d301 0004 1201  .......%.}......
00014570: 282a 0100 0a00 de18 0d02 1ffe 7dd3 0100  (*..........}...
00014580: 0402 7cd4 0100 0409 2821 0100 0a00 de14  ..|.....(!......
00014590: 021f fe7d d301 0004 027c d401 0004 2822  ...}.....|....("
000145a0: 0100 0a00 2a00 0000 0110 0000 0000 0700  ....*...........
000145b0: 757c 0018 1f00 0001 1b30 0300 a900 0000  u|.......0......
000145c0: ac00 0011 027b d701 0004 0a06 2c02 2b02  .....{......,.+.
000145d0: 2b48 027b d901 0004 289a 0100 0a73 1902  +H.{....(....s..
000145e0: 000a 6f9c 0100 0a6f 2701 000a 0b12 0128  ..o....o'......(
000145f0: 2801 000a 2d40 0216 250a 7dd7 0100 0402  (...-@..%.}.....
00014600: 077d da01 0004 020c 027c d801 0004 1201  .}.......|......
00014610: 1202 28a5 0000 2b00 de52 027b da01 0004  ..(...+..R.{....
00014620: 0b02 7cda 0100 04fe 15ae 0000 0102 1525  ..|............%
00014630: 0a7d d701 0004 1201 282a 0100 0a00 de18  .}......(*......
00014640: 0d02 1ffe 7dd7 0100 0402 7cd8 0100 0409  ....}.....|.....
00014650: 2821 0100 0a00 de14 021f fe7d d701 0004  (!.........}....
00014660: 027c d801 0004 2822 0100 0a00 2a00 0000  .|....("....*...
00014670: 0110 0000 0000 0700 757c 0018 1f00 0001  ........u|......
00014680: 1b30 0300 a900 0000 ad00 0011 027b db01  .0...........{..
00014690: 0004 0a06 2c02 2b02 2b48 027b dd01 0004  ....,.+.+H.{....
000146a0: 289a 0100 0a73 1402 000a 6f9c 0100 0a6f  (....s....o....o
000146b0: 2701 000a 0b12 0128 2801 000a 2d40 0216  '......((...-@..
000146c0: 250a 7ddb 0100 0402 077d de01 0004 020c  %.}......}......
000146d0: 027c dc01 0004 1201 1202 28a6 0000 2b00  .|........(...+.
000146e0: de52 027b de01 0004 0b02 7cde 0100 04fe  .R.{......|.....
000146f0: 15ae 0000 0102 1525 0a7d db01 0004 1201  .......%.}......
00014700: 282a 0100 0a00 de18 0d02 1ffe 7ddb 0100  (*..........}...
00014710: 0402 7cdc 0100 0409 2821 0100 0a00 de14  ..|.....(!......
00014720: 021f fe7d db01 0004 027c dc01 0004 2822  ...}.....|....("
00014730: 0100 0a00 2a00 0000 0110 0000 0000 0700  ....*...........
00014740: 757c 0018 1f00 0001 1b30 0300 a900 0000  u|.......0......
00014750: ae00 0011 027b df01 0004 0a06 2c02 2b02  .....{......,.+.
00014760: 2b48 027b e101 0004 289a 0100 0a73 1a02  +H.{....(....s..
00014770: 000a 6f9c 0100 0a6f 2701 000a 0b12 0128  ..o....o'......(
00014780: 2801 000a 2d40 0216 250a 7ddf 0100 0402  (...-@..%.}.....
00014790: 077d e201 0004 020c 027c e001 0004 1201  .}.......|......
000147a0: 1202 28a7 0000 2b00 de52 027b e201 0004  ..(...+..R.{....
000147b0: 0b02 7ce2 0100 04fe 15ae 0000 0102 1525  ..|............%
000147c0: 0a7d df01 0004 1201 282a 0100 0a00 de18  .}......(*......
000147d0: 0d02 1ffe 7ddf 0100 0402 7ce0 0100 0409  ....}.....|.....
000147e0: 2821 0100 0a00 de14 021f fe7d df01 0004  (!.........}....
000147f0: 027c e001 0004 2822 0100 0a00 2a00 0000  .|....("....*...
00014800: 0110 0000 0000 0700 757c 0018 1f00 0001  ........u|......
00014810: 1b30 0300 a900 0000 af00 0011 027b e301  .0...........{..
00014820: 0004 0a06 2c02 2b02 2b48 027b e501 0004  ....,.+.+H.{....
00014830: 289a 0100 0a73 1b02 000a 6f9c 0100 0a6f  (....s....o....o
00014840: 2701 000a 0b12 0128 2801 000a 2d40 0216  '......((...-@..
00014850: 250a 7de3 0100 0402 077d e601 0004 020c  %.}......}......
00014860: 027c e401 0004 1201 1202 28a8 0000 2b00  .|........(...+.
00014870: de52 027b e601 0004 0b02 7ce6 0100 04fe  .R.{......|.....
00014880: 15ae 0000 0102 1525 0a7d e301 0004 1201  .......%.}......
00014890: 282a 0100 0a00 de18 0d02 1ffe 7de3 0100  (*..........}...
000148a0: 0402 7ce4 0100 0409 2821 0100 0a00 de14  ..|.....(!......
000148b0: 021f fe7d e301 0004 027c e401 0004 2822  ...}.....|....("
000148c0: 0100 0a00 2a00 0000 0110 0000 0000 0700  ....*...........
000148d0: 757c 0018 1f00 0001 2e73 8601 0006 80e7  u|.......s......
000148e0: 0100 042a 1330 0200 2d00 0000 b000 0011  ...*.0..-.......
000148f0: 73cd 0200 0a0a 0628 0c00 000a 7dce 0200  s......(....}...
00014900: 0a06 027d cf02 000a 0615 7dd0 0200 0a06  ...}......}.....
00014910: 7cce 0200 0a12 0028 a900 002b 2a00 0000  |......(...+*...
00014920: 1b30 0600 df04 0000 b100 0011 027b d002  .0...........{..
00014930: 000a 0a06 4506 0000 0002 0000 0002 0000  ....E...........
00014940: 0002 0000 0004 0000 0009 0000 000e 0000  ................
00014950: 002b 112b 1738 b402 0000 38ba 0300 0038  .+.+.8....8....8
00014960: 3904 0000 0002 167d d102 000a 0006 4503  9......}......E.
00014970: 0000 0002 0000 0004 0000 0009 0000 002b  ...............+
00014980: 0c2b 5138 1701 0000 3898 0100 0000 027b  .+Q8....8......{
00014990: cf02 000a 7bd2 0200 0a6f d302 000a 6fd4  ....{....o....o.
000149a0: 0200 0a0b 1201 28d5 0200 0a2d 4302 1625  ......(....-C..%
000149b0: 0a7d d002 000a 0207 7dd6 0200 0a02 0c02  .}......}.......
000149c0: 7cce 0200 0a12 0112 0228 aa00 002b 00dd  |........(...+..
000149d0: 3604 0000 027b d602 000a 0b02 7cd6 0200  6....{......|...
000149e0: 0afe 1557 0000 1b02 1525 0a7d d002 000a  ...W.....%.}....
000149f0: 0212 0128 d702 000a 7dd8 0200 0a02 027b  ...(....}......{
00014a00: d802 000a 8c58 0000 1b28 7f02 000a 7dd9  .....X...(....}.
00014a10: 0200 0a02 7cd8 0200 0afe 1558 0000 1b02  ....|......X....
00014a20: 7bcf 0200 0a7b da02 000a 1b8d 1600 0001  {....{..........
00014a30: 2516 729e 2300 70a2 2517 027b cf02 000a  %.r.#.p.%..{....
00014a40: 7bdb 0200 0aa2 2518 72a4 2300 70a2 2519  {.....%.r.#.p.%.
00014a50: 027b d902 000a a225 1a72 b623 0070 a228  .{.....%.r.#.p.(
00014a60: 5b01 000a 28dc 0200 0a6f bd01 000a 0d12  [...(....o......
00014a70: 0328 be01 000a 2d43 0217 250a 7dd0 0200  .(....-C..%.}...
00014a80: 0a02 097d dd02 000a 020c 027c ce02 000a  ...}.......|....
00014a90: 1203 1202 28ab 0000 2b00 dd6b 0300 0002  ....(...+..k....
00014aa0: 7bdd 0200 0a0d 027c dd02 000a fe15 3400  {......|......4.
00014ab0: 001b 0215 250a 7dd0 0200 0a12 0328 bf01  ....%.}......(..
00014ac0: 000a 2602 7bcf 0200 0a7b da02 000a 729e  ..&.{....{....r.
00014ad0: 2300 7002 7bcf 0200 0a7b db02 000a 72bc  #.p.{....{....r.
00014ae0: 2300 7028 6d01 000a 28dc 0200 0a6f bd01  #.p(m...(....o..
00014af0: 000a 1304 1204 28be 0100 0a2d 4502 1825  ......(....-E..%
00014b00: 0a7d d002 000a 0211 047d dd02 000a 020c  .}.......}......
00014b10: 027c ce02 000a 1204 1202 28ab 0000 2b00  .|........(...+.
00014b20: dde5 0200 0002 7bdd 0200 0a13 0402 7cdd  ......{.......|.
00014b30: 0200 0afe 1534 0000 1b02 1525 0a7d d002  .....4.....%.}..
00014b40: 000a 1204 28bf 0100 0a26 0002 147d d902  ....(....&...}..
00014b50: 000a de26 1305 0211 057d de02 000a 0217  ...&.....}......
00014b60: 7dd1 0200 0ade 1313 0602 1106 7dde 0200  }...........}...
00014b70: 0a02 187d d102 000a de00 027b d102 000a  ...}.......{....
00014b80: 1307 1107 172e 0f2b 0011 0718 3baf 0000  .......+....;...
00014b90: 0038 3d02 0000 0202 7bde 0200 0a74 3601  .8=.....{....t6.
00014ba0: 0001 7ddf 0200 0a00 027b cf02 000a 7bda  ..}......{....{.
00014bb0: 0200 0a17 8d7b 0000 0125 1672 d023 0070  .....{...%.r.#.p
00014bc0: 027b df02 000a 6fe0 0200 0a28 5202 000a  .{....o....(R...
00014bd0: a228 1b01 0006 6f27 0100 0a13 0812 0828  .(....o'.......(
00014be0: 2801 000a 2d45 0219 250a 7dd0 0200 0a02  (...-E..%.}.....
00014bf0: 1108 7de1 0200 0a02 0c02 7cce 0200 0a12  ..}.......|.....
00014c00: 0812 0228 ac00 002b 00dd fc01 0000 027b  ...(...+.......{
00014c10: e102 000a 1308 027c e102 000a fe15 ae00  .......|........
00014c20: 0001 0215 250a 7dd0 0200 0a12 0828 2a01  ....%.}......(*.
00014c30: 000a 0000 0214 7ddf 0200 0a38 9301 0000  ......}....8....
00014c40: 0202 7bde 0200 0a74 1f00 0001 7de2 0200  ..{....t....}...
00014c50: 0a00 0273 9302 000a 2572 0224 0070 027b  ...s....%r.$.p.{
00014c60: e202 000a 6fe3 0200 0a6f e402 000a 2895  ....o....o....(.
00014c70: 0200 0a6f 9602 000a 0025 720e 2400 7002  ...o.....%r.$.p.
00014c80: 7be2 0200 0a6f e002 000a 2895 0200 0a6f  {....o....(....o
00014c90: 9602 000a 0025 721e 2400 7002 7be2 0200  .....%r.$.p.{...
00014ca0: 0a6f e502 000a 2895 0200 0a6f 9602 000a  .o....(....o....
00014cb0: 007d e602 000a 027b cf02 000a 7bda 0200  .}.....{....{...
00014cc0: 0a72 3424 0070 027b cf02 000a 7bdb 0200  .r4$.p.{....{...
00014cd0: 0a02 7be6 0200 0a28 8801 000a 28dc 0200  ..{....(....(...
00014ce0: 0a6f bd01 000a 1309 1209 28be 0100 0a2d  .o........(....-
00014cf0: 4502 1a25 0a7d d002 000a 0211 097d dd02  E..%.}.......}..
00014d00: 000a 020c 027c ce02 000a 1209 1202 28ab  .....|........(.
00014d10: 0000 2b00 ddf1 0000 0002 7bdd 0200 0a13  ..+.......{.....
00014d20: 0902 7cdd 0200 0afe 1534 0000 1b02 1525  ..|......4.....%
00014d30: 0a7d d002 000a 1209 28bf 0100 0a26 027b  .}......(....&.{
00014d40: cf02 000a 7bda 0200 0a72 9e23 0070 027b  ....{....r.#.p.{
00014d50: cf02 000a 7bdb 0200 0a72 bc23 0070 286d  ....{....r.#.p(m
00014d60: 0100 0a28 dc02 000a 6fbd 0100 0a13 0a12  ...(....o.......
00014d70: 0a28 be01 000a 2d42 021b 250a 7dd0 0200  .(....-B..%.}...
00014d80: 0a02 110a 7ddd 0200 0a02 0c02 7cce 0200  ....}.......|...
00014d90: 0a12 0a12 0228 ab00 002b 00de 6d02 7bdd  .....(...+..m.{.
00014da0: 0200 0a13 0a02 7cdd 0200 0afe 1534 0000  ......|......4..
00014db0: 1b02 1525 0a7d d002 000a 120a 28bf 0100  ...%.}......(...
00014dc0: 0a26 0002 147d e602 000a 0214 7de2 0200  .&...}......}...
00014dd0: 0a2b 0002 147d de02 000a de1a 130b 021f  .+...}..........
00014de0: fe7d d002 000a 027c ce02 000a 110b 2821  .}.....|......(!
00014df0: 0100 0a00 de14 021f fe7d d002 000a 027c  .........}.....|
00014e00: ce02 000a 2822 0100 0a00 2a00 414c 0000  ....("....*.AL..
00014e10: 0000 0000 4100 0000 e701 0000 2802 0000  ....A.......(...
00014e20: 1300 0000 3601 0001 0000 0000 4100 0000  ....6.......A...
00014e30: e701 0000 3b02 0000 1300 0000 1f00 0001  ....;...........
00014e40: 0000 0000 0700 0000 a904 0000 b004 0000  ................
00014e50: 1a00 0000 1f00 0001 1330 0200 3800 0000  .........0..8...
00014e60: b200 0011 73e7 0200 0a0a 0628 e802 000a  ....s......(....
00014e70: 7de9 0200 0a06 027d ea02 000a 0615 7deb  }......}......}.
00014e80: 0200 0a06 7ce9 0200 0a12 0028 ad00 002b  ....|......(...+
00014e90: 067c e902 000a 28ed 0200 0a2a 1b30 0300  .|....(....*.0..
00014ea0: 0301 0000 b300 0011 027b eb02 000a 0a06  .........{......
00014eb0: 2c02 2b05 3890 0000 0000 027b ea02 000a  ,.+.8......{....
00014ec0: 7bee 0200 0a14 28ef 0200 0a0c 082c 1b02  {.....(......,..
00014ed0: 7bea 0200 0a7b f002 000a 7296 2200 7028  {....{....r.".p(
00014ee0: 5202 000a 73f1 0200 0a7a 027b ea02 000a  R...s....z.{....
00014ef0: 7bee 0200 0a02 7bea 0200 0a7b f202 000a  {.....{....{....
00014f00: 027b ea02 000a 7bf3 0200 0a6f f402 000a  .{....{....o....
00014f10: 7456 0000 1b6f d402 000a 0d12 0328 d502  tV...o.......(..
00014f20: 000a 2d41 0216 250a 7deb 0200 0a02 097d  ..-A..%.}......}
00014f30: f502 000a 0213 0402 7ce9 0200 0a12 0312  ........|.......
00014f40: 0428 ae00 002b 00de 6102 7bf5 0200 0a0d  .(...+..a.{.....
00014f50: 027c f502 000a fe15 5700 001b 0215 250a  .|......W.....%.
00014f60: 7deb 0200 0a02 1203 28d7 0200 0a7d f702  }.......(....}..
00014f70: 000a 027b f702 000a 0bde 1a13 0502 1ffe  ...{............
00014f80: 7deb 0200 0a02 7ce9 0200 0a11 0528 f802  }.....|......(..
00014f90: 000a 00de 1502 1ffe 7deb 0200 0a02 7ce9  ........}.....|.
00014fa0: 0200 0a07 28f9 0200 0a00 2a00 0110 0000  ....(.....*.....
00014fb0: 0000 0700 ccd3 001a 1f00 0001 1330 0200  .............0..
00014fc0: 3800 0000 b400 0011 7397 0100 060a 0628  8.......s......(
00014fd0: 6300 000a 7d06 0200 0406 027d 0702 0004  c...}......}....
00014fe0: 0615 7d05 0200 0406 7c06 0200 0412 0028  ..}.....|......(
00014ff0: af00 002b 067c 0602 0004 2865 0000 0a2a  ...+.|....(e...*
00015000: 1330 0200 3800 0000 b500 0011 739a 0100  .0..8.......s...
00015010: 060a 0628 6300 000a 7d0b 0200 0406 027d  ...(c...}......}
00015020: 0c02 0004 0615 7d0a 0200 0406 7c0b 0200  ......}.....|...
00015030: 0412 0028 b000 002b 067c 0b02 0004 2865  ...(...+.|....(e
00015040: 0000 0a2a 1330 0200 2700 0000 b600 0011  ...*.0..'.......
00015050: 73a5 0100 060a 0602 7d1e 0200 0406 047d  s.......}......}
00015060: 1d02 0004 06fe 06a6 0100 0673 0700 000a  ...........s....
00015070: 281a 0000 0a00 2a00 1330 0200 3800 0000  (.....*..0..8...
00015080: b700 0011 739d 0100 060a 0628 1000 000a  ....s......(....
00015090: 7d10 0200 0406 027d 1102 0004 0615 7d0f  }......}......}.
000150a0: 0200 0406 7c10 0200 0412 0028 b100 002b  ....|......(...+
000150b0: 067c 1002 0004 2812 0000 0a2a 1b30 0300  .|....(....*.0..
000150c0: c400 0000 b800 0011 027b 0502 0004 0a06  .........{......
000150d0: 2c02 2b02 2b44 027b 0702 0004 7b02 0200  ,.+.+D.{....{...
000150e0: 0417 6f70 0100 0a6f 2b01 000a 0c12 0228  ..op...o+......(
000150f0: 2c01 000a 2d40 0216 250a 7d05 0200 0402  ,...-@..%.}.....
00015100: 087d 0902 0004 020d 027c 0602 0004 1202  .}.......|......
00015110: 1203 28b2 0000 2b00 de71 027b 0902 0004  ..(...+..q.{....
00015120: 0c02 7c09 0200 04fe 152a 0000 1b02 1525  ..|......*.....%
00015130: 0a7d 0502 0004 0212 0228 2d01 000a 7d08  .}.......(-...}.
00015140: 0200 0402 7b07 0200 0402 7b08 0200 0425  ....{.....{....%
00015150: 1304 7d03 0200 0411 040b de1a 1305 021f  ..}.............
00015160: fe7d 0502 0004 027c 0602 0004 1105 28fd  .}.....|......(.
00015170: 0100 0a00 de15 021f fe7d 0502 0004 027c  .........}.....|
00015180: 0602 0004 0728 fe01 000a 002a 0110 0000  .....(.....*....
00015190: 0000 0700 8d94 001a 1f00 0001 1b30 0300  .............0..
000151a0: c400 0000 b900 0011 027b 0a02 0004 0a06  .........{......
000151b0: 2c02 2b02 2b44 027b 0c02 0004 7b02 0200  ,.+.+D.{....{...
000151c0: 0417 6f70 0100 0a6f 2b01 000a 0c12 0228  ..op...o+......(
000151d0: 2c01 000a 2d40 0216 250a 7d0a 0200 0402  ,...-@..%.}.....
000151e0: 087d 0e02 0004 020d 027c 0b02 0004 1202  .}.......|......
000151f0: 1203 28b3 0000 2b00 de71 027b 0e02 0004  ..(...+..q.{....
00015200: 0c02 7c0e 0200 04fe 152a 0000 1b02 1525  ..|......*.....%
00015210: 0a7d 0a02 0004 0212 0228 2d01 000a 7d0d  .}.......(-...}.
00015220: 0200 0402 7b0c 0200 0402 7b0d 0200 0425  ....{.....{....%
00015230: 1304 7d03 0200 0411 040b de1a 1305 021f  ..}.............
00015240: fe7d 0a02 0004 027c 0b02 0004 1105 28fd  .}.....|......(.
00015250: 0100 0a00 de15 021f fe7d 0a02 0004 027c  .........}.....|
00015260: 0b02 0004 0728 fe01 000a 002a 0110 0000  .....(.....*....
00015270: 0000 0700 8d94 001a 1f00 0001 1b30 0500  .............0..
00015280: fe00 0000 ba00 0011 027b 0f02 0004 0a06  .........{......
00015290: 2c02 2b02 2b6f 0002 7b11 0200 047b 0402  ,.+.+o..{....{..
000152a0: 0004 7262 1500 7028 5700 000a 7294 1500  ..rb..p(W...r...
000152b0: 7028 5700 000a 72c4 1500 7028 5700 000a  p(W...r...p(W...
000152c0: 72d4 1500 7028 5700 000a 2825 0100 066f  r...p(W...(%...o
000152d0: 2b01 000a 0c12 0228 2c01 000a 2d43 0216  +......(,...-C..
000152e0: 250a 7d0f 0200 0402 087d 1302 0004 020d  %.}......}......
000152f0: 027c 1002 0004 1202 1203 28b4 0000 2b00  .|........(...+.
00015300: dd80 0000 0002 7b13 0200 040c 027c 1302  ......{......|..
00015310: 0004 fe15 2a00 001b 0215 250a 7d0f 0200  ....*.....%.}...
00015320: 0402 1202 282d 0100 0a7d 1202 0004 027b  ....(-...}.....{
00015330: 1202 0004 16fe 010b 072c 02de 3428 1700  .........,..4(..
00015340: 000a 176f 6801 000a 0028 1700 000a 176f  ...oh....(.....o
00015350: 6901 000a 00de 1a13 0402 1ffe 7d0f 0200  i...........}...
00015360: 0402 7c10 0200 0411 0428 5201 000a 00de  ..|......(R.....
00015370: 1402 1ffe 7d0f 0200 0402 7c10 0200 0428  ....}.....|....(
00015380: 5301 000a 002a 0000 0110 0000 0000 0700  S....*..........
00015390: c8cf 001a 1f00 0001 1330 0200 3800 0000  .........0..8...
000153a0: bb00 0011 73a2 0100 060a 0628 1000 000a  ....s......(....
000153b0: 7d19 0200 0406 027d 1a02 0004 0615 7d18  }......}......}.
000153c0: 0200 0406 7c19 0200 0412 0028 b500 002b  ....|......(...+
000153d0: 067c 1902 0004 2812 0000 0a2a 1b30 0400  .|....(....*.0..
000153e0: d700 0000 bc00 0011 027b 1802 0004 0a06  .........{......
000153f0: 2c02 2b02 2b60 0002 7b1a 0200 047b 1702  ,.+.+`..{....{..
00015400: 0004 7b02 0200 0402 7b1a 0200 047b 1402  ..{.....{....{..
00015410: 0004 1602 7b1a 0200 047b 1502 0004 6f71  ....{....{....oq
00015420: 0100 0a6f 2b01 000a 0b12 0128 2c01 000a  ...o+......(,...
00015430: 2d40 0216 250a 7d18 0200 0402 077d 1c02  -@..%.}......}..
00015440: 0004 020c 027c 1902 0004 1201 1202 28b6  .....|........(.
00015450: 0000 2b00 de68 027b 1c02 0004 0b02 7c1c  ..+..h.{......|.
00015460: 0200 04fe 152a 0000 1b02 1525 0a7d 1802  .....*.....%.}..
00015470: 0004 0212 0128 2d01 000a 7d1b 0200 0402  .....(-...}.....
00015480: 7b1a 0200 0402 7b1b 0200 047d 1602 0004  {.....{....}....
00015490: de18 0d02 1ffe 7d18 0200 0402 7c19 0200  ......}.....|...
000154a0: 0409 2852 0100 0a00 de14 021f fe7d 1802  ..(R.........}..
000154b0: 0004 027c 1902 0004 2853 0100 0a00 2a00  ...|....(S....*.
000154c0: 0110 0000 0000 0700 a3aa 0018 1f00 0001  ................
000154d0: 1330 0200 2d00 0000 bd00 0011 73a7 0100  .0..-.......s...
000154e0: 060a 0628 0c00 000a 7d20 0200 0406 027d  ...(....} .....}
000154f0: 2102 0004 0615 7d1f 0200 0406 7c20 0200  !.....}.....| ..
00015500: 0412 0028 b700 002b 2a00 0000 1b30 0300  ...(...+*....0..
00015510: b400 0000 be00 0011 027b 1f02 0004 0a06  .........{......
00015520: 2c02 2b02 2b53 027b 2102 0004 7b1e 0200  ,.+.+S.{!...{...
00015530: 047b 0402 0004 027b 2102 0004 7b1d 0200  .{.....{!...{...
00015540: 0428 2401 0006 6f27 0100 0a0b 1201 2828  .($...o'......((
00015550: 0100 0a2d 4002 1625 0a7d 1f02 0004 0207  ...-@..%.}......
00015560: 7d22 0200 0402 0c02 7c20 0200 0412 0112  }"......| ......
00015570: 0228 b800 002b 00de 5202 7b22 0200 040b  .(...+..R.{"....
00015580: 027c 2202 0004 fe15 ae00 0001 0215 250a  .|"...........%.
00015590: 7d1f 0200 0412 0128 2a01 000a 00de 180d  }......(*.......
000155a0: 021f fe7d 1f02 0004 027c 2002 0004 0928  ...}.....| ....(
000155b0: 2101 000a 00de 1402 1ffe 7d1f 0200 0402  !.........}.....
000155c0: 7c20 0200 0428 2201 000a 002a 0110 0000  | ...("....*....
000155d0: 0000 0700 8087 0018 1f00 0001 a600 027b  ...............{
000155e0: 2302 0004 6f72 0100 0a00 027b 2502 0004  #...or.....{%...
000155f0: 7b17 0200 047b 0202 0004 28b9 0000 2b6f  {....{....(...+o
00015600: 7301 000a 002a 0000 1330 0200 2700 0000  s....*...0..'...
00015610: bf00 0011 73ad 0100 060a 0602 7d27 0200  ....s.......}'..
00015620: 0406 037d 2602 0004 06fe 06ae 0100 0673  ...}&..........s
00015630: 0700 000a 285f 0000 0a00 2a00 1330 0200  ....(_....*..0..
00015640: 2d00 0000 c000 0011 73af 0100 060a 0628  -.......s......(
00015650: 0c00 000a 7d29 0200 0406 027d 2a02 0004  ....}).....}*...
00015660: 0615 7d28 0200 0406 7c29 0200 0412 0028  ..}(....|).....(
00015670: ba00 002b 2a00 0000 1b30 0600 0601 0000  ...+*....0......
00015680: c100 0011 027b 2802 0004 0a06 2c02 2b05  .....{(.....,.+.
00015690: 38a2 0000 0002 7b2a 0200 047b 2702 0004  8.....{*...{'...
000156a0: 7b25 0200 047b 1702 0004 7b04 0200 0472  {%...{....{....r
000156b0: 5624 0070 1a8d 7b00 0001 2516 027b 2a02  V$.p..{...%..{*.
000156c0: 0004 7b27 0200 047b 2402 0004 a225 1728  ..{'...{$....%.(
000156d0: 1700 000a 6f5f 0100 0aa2 2518 2817 0000  ....o_....%.(...
000156e0: 0a6f 7401 000a a225 1902 7b2a 0200 047b  .ot....%..{*...{
000156f0: 2602 0004 8c93 0000 01a2 28fb 0200 0a28  &.........(....(
00015700: 2401 0006 6f27 0100 0a0b 1201 2828 0100  $...o'......((..
00015710: 0a2d 4002 1625 0a7d 2802 0004 0207 7d2b  .-@..%.}(.....}+
00015720: 0200 0402 0c02 7c29 0200 0412 0112 0228  ......|).......(
00015730: bb00 002b 00de 5202 7b2b 0200 040b 027c  ...+..R.{+.....|
00015740: 2b02 0004 fe15 ae00 0001 0215 250a 7d28  +...........%.}(
00015750: 0200 0412 0128 2a01 000a 00de 180d 021f  .....(*.........
00015760: fe7d 2802 0004 027c 2902 0004 0928 2101  .}(....|)....(!.
00015770: 000a 00de 1402 1ffe 7d28 0200 0402 7c29  ........}(....|)
00015780: 0200 0428 2201 000a 002a 0000 0110 0000  ...("....*......
00015790: 0000 0700 d2d9 0018 1f00 0001 1330 0200  .............0..
000157a0: 2d00 0000 c200 0011 73b4 0100 060a 0628  -.......s......(
000157b0: 0c00 000a 7d2f 0200 0406 027d 3002 0004  ....}/.....}0...
000157c0: 0615 7d2e 0200 0406 7c2f 0200 0412 0028  ..}.....|/.....(
000157d0: bc00 002b 2a00 0000 1b30 0400 c300 0000  ...+*....0......
000157e0: c300 0011 027b 2e02 0004 0a06 2c02 2b02  .....{......,.+.
000157f0: 2b62 027b 3002 0004 7b2c 0200 0472 7824  +b.{0...{,...rx$
00015800: 0070 027b 3002 0004 7b2d 0200 0428 7f02  .p.{0...{-...(..
00015810: 000a 729e 2400 7028 6d01 000a 28dc 0200  ..r.$.p(m...(...
00015820: 0a6f bd01 000a 0b12 0128 be01 000a 2d40  .o.......(....-@
00015830: 0216 250a 7d2e 0200 0402 077d 3102 0004  ..%.}......}1...
00015840: 020c 027c 2f02 0004 1201 1202 28bd 0000  ...|/.......(...
00015850: 2b00 de52 027b 3102 0004 0b02 7c31 0200  +..R.{1.....|1..
00015860: 04fe 1534 0000 1b02 1525 0a7d 2e02 0004  ...4.....%.}....
00015870: 1201 28bf 0100 0a26 de18 0d02 1ffe 7d2e  ..(....&......}.
00015880: 0200 0402 7c2f 0200 0409 2821 0100 0a00  ....|/....(!....
00015890: de14 021f fe7d 2e02 0004 027c 2f02 0004  .....}.....|/...
000158a0: 2822 0100 0a00 2a00 0110 0000 0000 0700  ("....*.........
000158b0: 8f96 0018 1f00 0001 1b30 0400 4400 0000  .........0..D...
000158c0: c400 0011 0002 7b32 0200 040a 0006 6ffc  ......{2......o.
000158d0: 0200 0a0b 2b1c 076f fd02 000a 0c00 086f  ....+..o.......o
000158e0: fe02 000a 0314 7201 0000 7028 cc02 000a  ......r...p(....
000158f0: 0000 076f 4400 000a 2ddc de0b 072c 0707  ...oD...-....,..
00015900: 6f45 0000 0a00 dc2a 0110 0000 0200 1000  oE.....*........
00015910: 2838 000b 0000 0000 1330 0200 2d00 0000  (8.......0..-...
00015920: c500 0011 73bb 0100 060a 0628 0c00 000a  ....s......(....
00015930: 7d36 0200 0406 027d 3702 0004 0615 7d35  }6.....}7.....}5
00015940: 0200 0406 7c36 0200 0412 0028 be00 002b  ....|6.....(...+
00015950: 2a00 0000 1b30 0300 b900 0000 c600 0011  *....0..........
00015960: 027b 3502 0004 0a06 2c02 2b02 2b58 027b  .{5.....,.+.+X.{
00015970: 3702 0004 7b33 0200 0472 a224 0070 027b  7...{3...r.$.p.{
00015980: 3702 0004 7b34 0200 0428 5a01 000a 28dc  7...{4...(Z...(.
00015990: 0200 0a6f bd01 000a 0b12 0128 be01 000a  ...o.......(....
000159a0: 2d40 0216 250a 7d35 0200 0402 077d 3802  -@..%.}5.....}8.
000159b0: 0004 020c 027c 3602 0004 1201 1202 28bf  .....|6.......(.
000159c0: 0000 2b00 de52 027b 3802 0004 0b02 7c38  ..+..R.{8.....|8
000159d0: 0200 04fe 1534 0000 1b02 1525 0a7d 3502  .....4.....%.}5.
000159e0: 0004 1201 28bf 0100 0a26 de18 0d02 1ffe  ....(....&......
000159f0: 7d35 0200 0402 7c36 0200 0409 2821 0100  }5....|6....(!..
00015a00: 0a00 de14 021f fe7d 3502 0004 027c 3602  .......}5....|6.
00015a10: 0004 2822 0100 0a00 2a00 0000 0110 0000  ..("....*.......
00015a20: 0000 0700 858c 0018 1f00 0001 1330 0200  .............0..
00015a30: 2d00 0000 c700 0011 73c0 0100 060a 0628  -.......s......(
00015a40: 0c00 000a 7d3c 0200 0406 027d 3d02 0004  ....}<.....}=...
00015a50: 0615 7d3b 0200 0406 7c3c 0200 0412 0028  ..};....|<.....(
00015a60: c000 002b 2a00 0000 1b30 0300 b900 0000  ...+*....0......
00015a70: c800 0011 027b 3b02 0004 0a06 2c02 2b02  .....{;.....,.+.
00015a80: 2b58 027b 3d02 0004 7b39 0200 0472 a224  +X.{=...{9...r.$
00015a90: 0070 027b 3d02 0004 7b3a 0200 0428 5a01  .p.{=...{:...(Z.
00015aa0: 000a 28dc 0200 0a6f bd01 000a 0b12 0128  ..(....o.......(
00015ab0: be01 000a 2d40 0216 250a 7d3b 0200 0402  ....-@..%.};....
00015ac0: 077d 3e02 0004 020c 027c 3c02 0004 1201  .}>......|<.....
00015ad0: 1202 28c1 0000 2b00 de52 027b 3e02 0004  ..(...+..R.{>...
00015ae0: 0b02 7c3e 0200 04fe 1534 0000 1b02 1525  ..|>.....4.....%
00015af0: 0a7d 3b02 0004 1201 28bf 0100 0a26 de18  .};.....(....&..
00015b00: 0d02 1ffe 7d3b 0200 0402 7c3c 0200 0409  ....};....|<....
00015b10: 2821 0100 0a00 de14 021f fe7d 3b02 0004  (!.........};...
00015b20: 027c 3c02 0004 2822 0100 0a00 2a00 0000  .|<...("....*...
00015b30: 0110 0000 0000 0700 858c 0018 1f00 0001  ................
00015b40: 1330 0200 2d00 0000 c900 0011 73c5 0100  .0..-.......s...
00015b50: 060a 0628 0c00 000a 7d42 0200 0406 027d  ...(....}B.....}
00015b60: 4302 0004 0615 7d41 0200 0406 7c42 0200  C.....}A....|B..
00015b70: 0412 0028 c200 002b 2a00 0000 1b30 0300  ...(...+*....0..
00015b80: b900 0000 ca00 0011 027b 4102 0004 0a06  .........{A.....
00015b90: 2c02 2b02 2b58 027b 4302 0004 7b3f 0200  ,.+.+X.{C...{?..
00015ba0: 0472 a224 0070 027b 4302 0004 7b40 0200  .r.$.p.{C...{@..
00015bb0: 0428 5a01 000a 28dc 0200 0a6f bd01 000a  .(Z...(....o....
00015bc0: 0b12 0128 be01 000a 2d40 0216 250a 7d41  ...(....-@..%.}A
00015bd0: 0200 0402 077d 4402 0004 020c 027c 4202  .....}D......|B.
00015be0: 0004 1201 1202 28c3 0000 2b00 de52 027b  ......(...+..R.{
00015bf0: 4402 0004 0b02 7c44 0200 04fe 1534 0000  D.....|D.....4..
00015c00: 1b02 1525 0a7d 4102 0004 1201 28bf 0100  ...%.}A.....(...
00015c10: 0a26 de18 0d02 1ffe 7d41 0200 0402 7c42  .&......}A....|B
00015c20: 0200 0409 2821 0100 0a00 de14 021f fe7d  ....(!.........}
00015c30: 4102 0004 027c 4202 0004 2822 0100 0a00  A....|B...("....
00015c40: 2a00 0000 0110 0000 0000 0700 858c 0018  *...............
00015c50: 1f00 0001 1330 0200 2d00 0000 cb00 0011  .....0..-.......
00015c60: 73ca 0100 060a 0628 0c00 000a 7d48 0200  s......(....}H..
00015c70: 0406 027d 4902 0004 0615 7d47 0200 0406  ...}I.....}G....
00015c80: 7c48 0200 0412 0028 c400 002b 2a00 0000  |H.....(...+*...
00015c90: 1b30 0300 b900 0000 cc00 0011 027b 4702  .0...........{G.
00015ca0: 0004 0a06 2c02 2b02 2b58 027b 4902 0004  ....,.+.+X.{I...
00015cb0: 7b45 0200 0472 ca24 0070 027b 4902 0004  {E...r.$.p.{I...
00015cc0: 7b46 0200 0428 5a01 000a 28dc 0200 0a6f  {F...(Z...(....o
00015cd0: bd01 000a 0b12 0128 be01 000a 2d40 0216  .......(....-@..
00015ce0: 250a 7d47 0200 0402 077d 4a02 0004 020c  %.}G.....}J.....
00015cf0: 027c 4802 0004 1201 1202 28c5 0000 2b00  .|H.......(...+.
00015d00: de52 027b 4a02 0004 0b02 7c4a 0200 04fe  .R.{J.....|J....
00015d10: 1534 0000 1b02 1525 0a7d 4702 0004 1201  .4.....%.}G.....
00015d20: 28bf 0100 0a26 de18 0d02 1ffe 7d47 0200  (....&......}G..
00015d30: 0402 7c48 0200 0409 2821 0100 0a00 de14  ..|H....(!......
00015d40: 021f fe7d 4702 0004 027c 4802 0004 2822  ...}G....|H...("
00015d50: 0100 0a00 2a00 0000 0110 0000 0000 0700  ....*...........
00015d60: 858c 0018 1f00 0001 1330 0200 2d00 0000  .........0..-...
00015d70: cd00 0011 73cf 0100 060a 0628 0c00 000a  ....s......(....
00015d80: 7d4e 0200 0406 027d 4f02 0004 0615 7d4d  }N.....}O.....}M
00015d90: 0200 0406 7c4e 0200 0412 0028 c600 002b  ....|N.....(...+
00015da0: 2a00 0000 1b30 0300 b900 0000 ce00 0011  *....0..........
00015db0: 027b 4d02 0004 0a06 2c02 2b02 2b58 027b  .{M.....,.+.+X.{
00015dc0: 4f02 0004 7b4b 0200 0472 ca24 0070 027b  O...{K...r.$.p.{
00015dd0: 4f02 0004 7b4c 0200 0428 5a01 000a 28dc  O...{L...(Z...(.
00015de0: 0200 0a6f bd01 000a 0b12 0128 be01 000a  ...o.......(....
00015df0: 2d40 0216 250a 7d4d 0200 0402 077d 5002  -@..%.}M.....}P.
00015e00: 0004 020c 027c 4e02 0004 1201 1202 28c7  .....|N.......(.
00015e10: 0000 2b00 de52 027b 5002 0004 0b02 7c50  ..+..R.{P.....|P
00015e20: 0200 04fe 1534 0000 1b02 1525 0a7d 4d02  .....4.....%.}M.
00015e30: 0004 1201 28bf 0100 0a26 de18 0d02 1ffe  ....(....&......
00015e40: 7d4d 0200 0402 7c4e 0200 0409 2821 0100  }M....|N....(!..
00015e50: 0a00 de14 021f fe7d 4d02 0004 027c 4e02  .......}M....|N.
00015e60: 0004 2822 0100 0a00 2a00 0000 0110 0000  ..("....*.......
00015e70: 0000 0700 858c 0018 1f00 0001 1330 0200  .............0..
00015e80: 2d00 0000 cf00 0011 73d4 0100 060a 0628  -.......s......(
00015e90: 0c00 000a 7d54 0200 0406 027d 5502 0004  ....}T.....}U...
00015ea0: 0615 7d53 0200 0406 7c54 0200 0412 0028  ..}S....|T.....(
00015eb0: c800 002b 2a00 0000 1b30 0600 c800 0000  ...+*....0......
00015ec0: d000 0011 027b 5302 0004 0a06 2c02 2b02  .....{S.....,.+.
00015ed0: 2b67 027b 5502 0004 7b51 0200 0472 f024  +g.{U...{Q...r.$
00015ee0: 0070 178d 7b00 0001 2516 027b 5502 0004  .p..{...%..{U...
00015ef0: 7c52 0200 04fe 163e 0000 016f 9f02 000a  |R.....>...o....
00015f00: a228 1d01 0006 6f27 0100 0a0b 1201 2828  .(....o'......((
00015f10: 0100 0a2d 4002 1625 0a7d 5302 0004 0207  ...-@..%.}S.....
00015f20: 7d56 0200 0402 0c02 7c54 0200 0412 0112  }V......|T......
00015f30: 0228 c900 002b 00de 5202 7b56 0200 040b  .(...+..R.{V....
00015f40: 027c 5602 0004 fe15 ae00 0001 0215 250a  .|V...........%.
00015f50: 7d53 0200 0412 0128 2a01 000a 00de 180d  }S.....(*.......
00015f60: 021f fe7d 5302 0004 027c 5402 0004 0928  ...}S....|T....(
00015f70: 2101 000a 00de 1402 1ffe 7d53 0200 0402  !.........}S....
00015f80: 7c54 0200 0428 2201 000a 002a 0110 0000  |T...("....*....
00015f90: 0000 0700 949b 0018 1f00 0001 1330 0200  .............0..
00015fa0: 2d00 0000 d100 0011 73d9 0100 060a 0628  -.......s......(
00015fb0: 0c00 000a 7d5a 0200 0406 027d 5b02 0004  ....}Z.....}[...
00015fc0: 0615 7d59 0200 0406 7c5a 0200 0412 0028  ..}Y....|Z.....(
00015fd0: ca00 002b 2a00 0000 1b30 0300 b900 0000  ...+*....0......
00015fe0: d200 0011 027b 5902 0004 0a06 2c02 2b02  .....{Y.....,.+.
00015ff0: 2b58 027b 5b02 0004 7b57 0200 0472 ca24  +X.{[...{W...r.$
00016000: 0070 027b 5b02 0004 7b58 0200 0428 5a01  .p.{[...{X...(Z.
00016010: 000a 28dc 0200 0a6f bd01 000a 0b12 0128  ..(....o.......(
00016020: be01 000a 2d40 0216 250a 7d59 0200 0402  ....-@..%.}Y....
00016030: 077d 5c02 0004 020c 027c 5a02 0004 1201  .}\......|Z.....
00016040: 1202 28cb 0000 2b00 de52 027b 5c02 0004  ..(...+..R.{\...
00016050: 0b02 7c5c 0200 04fe 1534 0000 1b02 1525  ..|\.....4.....%
00016060: 0a7d 5902 0004 1201 28bf 0100 0a26 de18  .}Y.....(....&..
00016070: 0d02 1ffe 7d59 0200 0402 7c5a 0200 0409  ....}Y....|Z....
00016080: 2821 0100 0a00 de14 021f fe7d 5902 0004  (!.........}Y...
00016090: 027c 5a02 0004 2822 0100 0a00 2a00 0000  .|Z...("....*...
000160a0: 0110 0000 0000 0700 858c 0018 1f00 0001  ................
000160b0: 1b30 0500 c000 0000 d300 0011 027b 5d02  .0...........{].
000160c0: 0004 0a06 2c02 2b02 2b5f 0002 7b61 0200  ....,.+.+_..{a..
000160d0: 0402 7b5f 0200 0472 1625 0070 027b 6002  ..{_...r.%.p.{`.
000160e0: 0004 287f 0200 0a72 9e24 0070 28ff 0200  ..(....r.$.p(...
000160f0: 0a28 dc02 000a 6fbd 0100 0a0b 1201 28be  .(....o.......(.
00016100: 0100 0a2d 4002 1625 0a7d 5d02 0004 0207  ...-@..%.}].....
00016110: 7d62 0200 0402 0c02 7c5e 0200 0412 0112  }b......|^......
00016120: 0228 cc00 002b 00de 5202 7b62 0200 040b  .(...+..R.{b....
00016130: 027c 6202 0004 fe15 3400 001b 0215 250a  .|b.....4.....%.
00016140: 7d5d 0200 0412 0128 bf01 000a 26de 180d  }].....(....&...
00016150: 021f fe7d 5d02 0004 027c 5e02 0004 0928  ...}]....|^....(
00016160: 5201 000a 00de 1402 1ffe 7d5d 0200 0402  R.........}]....
00016170: 7c5e 0200 0428 5301 000a 002a 0110 0000  |^...(S....*....
00016180: 0000 0700 8c93 0018 1f00 0001 1b30 0500  .............0..
00016190: 1d02 0000 d400 0011 027b 0003 000a 0a06  .........{......
000161a0: 2c08 2b00 0617 2e07 2b0a 3881 0000 0038  ,.+.....+.8....8
000161b0: 6401 0000 0002 7b01 0300 0a1b 8d16 0000  d.....{.........
000161c0: 0125 1672 2025 0070 a225 1702 7b02 0300  .%.r %.p.%..{...
000161d0: 0aa2 2518 7216 2500 70a2 2519 027b 0303  ..%.r.%.p.%..{..
000161e0: 000a 287f 0200 0aa2 251a 723c 2500 70a2  ..(.....%.r<%.p.
000161f0: 285b 0100 0a28 dc02 000a 6fbd 0100 0a0c  ([...(....o.....
00016200: 1202 28be 0100 0a2d 4302 1625 0a7d 0003  ..(....-C..%.}..
00016210: 000a 0208 7d04 0300 0a02 0d02 7c05 0300  ....}.......|...
00016220: 0a12 0212 0328 cd00 002b 00dd 8401 0000  .....(...+......
00016230: 027b 0403 000a 0c02 7c04 0300 0afe 1534  .{......|......4
00016240: 0000 1b02 1525 0a7d 0003 000a 0212 0228  .....%.}.......(
00016250: bf01 000a 7d06 0300 0a02 027b 0603 000a  ....}......{....
00016260: 7d07 0300 0a02 147d 0603 000a 0202 7b07  }......}......{.
00016270: 0300 0a28 0803 000a 7d09 0300 0a02 7b09  ...(....}.....{.
00016280: 0300 0a72 4225 0070 6f0a 0300 0a13 0411  ...rB%.po.......
00016290: 0439 ba00 0000 0002 027b 0903 000a 7242  .9.......{....rB
000162a0: 2500 706f 0b03 000a 7d0c 0300 0a02 730d  %.po....}.....s.
000162b0: 0300 0a7d 0e03 000a 027b 0103 000a 7ba9  ...}.....{....{.
000162c0: 0100 0402 7b0c 0300 0a02 7b0e 0300 0a6f  ....{.....{....o
000162d0: 0f03 000a 0002 7b0e 0300 0a6f 1003 000a  ......{....o....
000162e0: 6f11 0300 0a13 0512 0528 1203 000a 2d45  o........(....-E
000162f0: 0217 250a 7d00 0300 0a02 1105 7d13 0300  ..%.}.......}...
00016300: 0a02 0d02 7c05 0300 0a12 0512 0328 ce00  ....|........(..
00016310: 002b 00dd 9c00 0000 027b 1303 000a 1305  .+.......{......
00016320: 027c 1303 000a fe15 6100 001b 0215 250a  .|......a.....%.
00016330: 7d00 0300 0a02 1205 2814 0300 0a7d 1503  }.......(....}..
00016340: 000a 027b 1503 000a a558 0000 1b0b de41  ...{.....X.....A
00016350: 0002 7b09 0300 0a72 5225 0070 6f0b 0300  ..{....rR%.po...
00016360: 0aa5 5800 001b 0bde 2813 0602 1ffe 7d00  ..X.....(.....}.
00016370: 0300 0a02 147d 0703 000a 0214 7d09 0300  .....}......}...
00016380: 0a02 7c05 0300 0a11 0628 f802 000a 00de  ..|......(......
00016390: 2302 1ffe 7d00 0300 0a02 147d 0703 000a  #...}......}....
000163a0: 0214 7d09 0300 0a02 7c05 0300 0a07 28f9  ..}.....|.....(.
000163b0: 0200 0a00 2a00 0000 411c 0000 0000 0000  ....*...A.......
000163c0: 0700 0000 ca01 0000 d101 0000 2800 0000  ............(...
000163d0: 1f00 0001 1b30 0500 6f09 0000 d500 0011  .....0..o.......
000163e0: 027b 7002 0004 0a06 450b 0000 0002 0000  .{p.....E.......
000163f0: 0007 0000 000c 0000 0011 0000 0016 0000  ................
00016400: 001b 0000 0020 0000 0025 0000 002a 0000  ..... ...%...*..
00016410: 002f 0000 0034 0000 002b 3738 1c01 0000  ./...4...+78....
00016420: 38d4 0100 0038 4202 0000 38d7 0200 0038  8....8B...8....8
00016430: d003 0000 3862 0400 0038 d004 0000 38ea  ....8b...8....8.
00016440: 0600 0038 7c07 0000 38e6 0700 0038 9108  ...8|...8....8..
00016450: 0000 0002 027b 7202 0004 6f81 0100 0a7d  .....{r...o....}
00016460: 7402 0004 2817 0000 0a6f 8201 000a 2d0f  t...(....o....-.
00016470: 2817 0000 0a6f 8301 000a 16fe 012b 0117  (....o.......+..
00016480: 0c08 2c0c 027b 7402 0004 0bdd a208 0000  ..,..{t.........
00016490: 0216 7d75 0200 0402 7b72 0200 046f 6b01  ..}u....{r...ok.
000164a0: 000a 2c1e 027b 7402 0004 286a 0100 0a2c  ..,..{t...(j...,
000164b0: 1128 1700 000a 6f84 0100 0a28 6a01 000a  .(....o....(j...
000164c0: 2b01 160d 0939 9d00 0000 0028 1700 000a  +....9.....(....
000164d0: 6f82 0100 0a13 0411 0439 8300 0000 027b  o........9.....{
000164e0: 7302 0004 7264 1700 7028 5700 000a 7294  s...rd..p(W...r.
000164f0: 1700 7028 5700 000a 72bb 0300 7014 2825  ..p(W...r...p.(%
00016500: 0100 066f 2b01 000a 1305 1205 282c 0100  ...o+.......(,..
00016510: 0a2d 4602 1625 0a7d 7002 0004 0211 057d  .-F..%.}p......}
00016520: 7b02 0004 0213 0602 7c71 0200 0412 0512  {.......|q......
00016530: 0628 cf00 002b 00dd 1208 0000 027b 7b02  .(...+.......{{.
00016540: 0004 1305 027c 7b02 0004 fe15 2a00 001b  .....|{.....*...
00016550: 0215 250a 7d70 0200 0412 0528 2d01 000a  ..%.}p.....(-...
00016560: 2600 3815 0700 0002 7b74 0200 0428 6a01  &.8.....{t...(j.
00016570: 000a 2c1d 2817 0000 0a6f 8401 000a 286a  ..,.(....o....(j
00016580: 0100 0a2d 0c28 1700 000a 6f83 0100 0a2b  ...-.(....o....+
00016590: 0116 1307 1107 3996 0100 0000 027b 7302  ......9......{s.
000165a0: 0004 72c2 1700 7028 5700 000a 2817 0000  ..r...p(W...(...
000165b0: 0a6f 8401 000a 285a 0100 0a28 2401 0006  .o....(Z...($...
000165c0: 6f27 0100 0a13 0812 0828 2801 000a 2d46  o'.......((...-F
000165d0: 0217 250a 7d70 0200 0402 1108 7d7c 0200  ..%.}p......}|..
000165e0: 0402 1306 027c 7102 0004 1208 1206 28d0  .....|q.......(.
000165f0: 0000 2b00 dd55 0700 0002 7b7c 0200 0413  ..+..U....{|....
00016600: 0802 7c7c 0200 04fe 15ae 0000 0102 1525  ..||...........%
00016610: 0a7d 7002 0004 1208 282a 0100 0a00 027b  .}p.....(*.....{
00016620: 7202 0004 2817 0000 0a6f 8401 000a 6f86  r...(....o....o.
00016630: 0100 0a6f 2b01 000a 130a 120a 282c 0100  ...o+.......(,..
00016640: 0a2d 4602 1825 0a7d 7002 0004 0211 0a7d  .-F..%.}p......}
00016650: 7b02 0004 0213 0602 7c71 0200 0412 0a12  {.......|q......
00016660: 0628 cf00 002b 00dd e206 0000 027b 7b02  .(...+.......{{.
00016670: 0004 130a 027c 7b02 0004 fe15 2a00 001b  .....|{.....*...
00016680: 0215 250a 7d70 0200 0402 120a 282d 0100  ..%.}p......(-..
00016690: 0a7d 7602 0004 027b 7602 0004 16fe 0113  .}v....{v.......
000166a0: 0911 0939 8300 0000 027b 7302 0004 7264  ...9.....{s...rd
000166b0: 1700 7028 5700 000a 7294 1700 7028 5700  ..p(W...r...p(W.
000166c0: 000a 72bb 0300 7014 2825 0100 066f 2b01  ..r...p.(%...o+.
000166d0: 000a 130b 120b 282c 0100 0a2d 4602 1925  ......(,...-F..%
000166e0: 0a7d 7002 0004 0211 0b7d 7b02 0004 0213  .}p......}{.....
000166f0: 0602 7c71 0200 0412 0b12 0628 cf00 002b  ..|q.......(...+
00016700: 00dd 4806 0000 027b 7b02 0004 130b 027c  ..H....{{......|
00016710: 7b02 0004 fe15 2a00 001b 0215 250a 7d70  {.....*.....%.}p
00016720: 0200 0412 0b28 2d01 000a 2600 384b 0500  .....(-...&.8K..
00016730: 0028 1700 000a 6f84 0100 0a28 6a01 000a  .(....o....(j...
00016740: 2d36 027b 7402 0004 286a 0100 0a2d 2902  -6.{t...(j...-).
00016750: 7b74 0200 0472 fa17 0070 2887 0100 0a2c  {t...r...p(....,
00016760: 1728 1700 000a 6f84 0100 0a02 7b74 0200  .(....o.....{t..
00016770: 0428 8701 000a 2b01 1613 0c11 0c39 da01  .(....+......9..
00016780: 0000 0002 7b73 0200 0472 0a15 0070 2857  ....{s...r...p(W
00016790: 0000 0a72 1818 0070 2857 0000 0a02 7b74  ...r...p(W....{t
000167a0: 0200 0428 1700 000a 6f84 0100 0a28 8801  ...(....o....(..
000167b0: 000a 7246 1800 7028 5700 000a 726a 1800  ..rF..p(W...rj..
000167c0: 7028 5700 000a 2825 0100 066f 2b01 000a  p(W...(%...o+...
000167d0: 130e 120e 282c 0100 0a2d 4602 1a25 0a7d  ....(,...-F..%.}
000167e0: 7002 0004 0211 0e7d 7b02 0004 0213 0602  p......}{.......
000167f0: 7c71 0200 0412 0e12 0628 cf00 002b 00dd  |q.......(...+..
00016800: 4a05 0000 027b 7b02 0004 130e 027c 7b02  J....{{......|{.
00016810: 0004 fe15 2a00 001b 0215 250a 7d70 0200  ....*.....%.}p..
00016820: 0402 120e 282d 0100 0a7d 7702 0004 027b  ....(-...}w....{
00016830: 7702 0004 130d 110d 3919 0100 0000 027b  w.......9......{
00016840: 7302 0004 72c2 1700 7028 5700 000a 2817  s...r...p(W...(.
00016850: 0000 0a6f 8401 000a 285a 0100 0a28 2401  ...o....(Z...($.
00016860: 0006 6f27 0100 0a13 0f12 0f28 2801 000a  ..o'.......((...
00016870: 2d46 021b 250a 7d70 0200 0402 110f 7d7c  -F..%.}p......}|
00016880: 0200 0402 1306 027c 7102 0004 120f 1206  .......|q.......
00016890: 28d0 0000 2b00 ddb3 0400 0002 7b7c 0200  (...+.......{|..
000168a0: 0413 0f02 7c7c 0200 04fe 15ae 0000 0102  ....||..........
000168b0: 1525 0a7d 7002 0004 120f 282a 0100 0a00  .%.}p.....(*....
000168c0: 027b 7202 0004 2817 0000 0a6f 8401 000a  .{r...(....o....
000168d0: 6f86 0100 0a6f 2b01 000a 1310 1210 282c  o....o+.......(,
000168e0: 0100 0a2d 4602 1c25 0a7d 7002 0004 0211  ...-F..%.}p.....
000168f0: 107d 7b02 0004 0213 0602 7c71 0200 0412  .}{.......|q....
00016900: 1012 0628 cf00 002b 00dd 4004 0000 027b  ...(...+..@....{
00016910: 7b02 0004 1310 027c 7b02 0004 fe15 2a00  {......|{.....*.
00016920: 001b 0215 250a 7d70 0200 0402 1210 282d  ....%.}p......(-
00016930: 0100 0a7d 7802 0004 0202 7b78 0200 047d  ...}x.....{x...}
00016940: 7502 0004 0202 7b72 0200 046f 8101 000a  u.....{r...o....
00016950: 7d74 0200 0400 0038 2003 0000 027b 7402  }t.....8 ....{t.
00016960: 0004 286a 0100 0a3a 3501 0000 027b 7402  ..(j...:5....{t.
00016970: 0004 72fa 1700 7028 8701 000a 3920 0100  ..r...p(....9 ..
00016980: 0028 1700 000a 6f84 0100 0a28 6a01 000a  .(....o....(j...
00016990: 390c 0100 0002 7b74 0200 0472 8c18 0070  9.....{t...r...p
000169a0: 196f 8901 000a 3af6 0000 0002 7b74 0200  .o....:.....{t..
000169b0: 0472 9418 0070 196f 8901 000a 3ae0 0000  .r...p.o....:...
000169c0: 0002 7b74 0200 0472 a018 0070 196f 8901  ..{t...r...p.o..
000169d0: 000a 3aca 0000 0002 7b74 0200 0472 ac18  ..:.....{t...r..
000169e0: 0070 196f 8901 000a 3ab4 0000 0002 7b74  .p.o....:.....{t
000169f0: 0200 0472 ba18 0070 196f 8901 000a 3a9e  ...r...p.o....:.
00016a00: 0000 0002 7b74 0200 0472 ca18 0070 196f  ....{t...r...p.o
00016a10: 8901 000a 3a88 0000 0002 7b74 0200 0472  ....:.....{t...r
00016a20: da18 0070 196f 8901 000a 2d75 027b 7402  ...p.o....-u.{t.
00016a30: 0004 72ec 1800 7019 6f89 0100 0a2d 6202  ..r...p.o....-b.
00016a40: 7b74 0200 0472 f418 0070 196f 8901 000a  {t...r...p.o....
00016a50: 2d4f 027b 7402 0004 7202 1900 7019 6f89  -O.{t...r...p.o.
00016a60: 0100 0a2d 3c02 7b74 0200 0472 0e19 0070  ...-<.{t...r...p
00016a70: 196f 8901 000a 2d29 027b 7402 0004 7220  .o....-).{t...r 
00016a80: 1900 7019 6f89 0100 0a2d 1602 7b74 0200  ..p.o....-..{t..
00016a90: 0472 2a19 0070 196f 8901 000a 16fe 012b  .r*..p.o.......+
00016aa0: 0116 1311 1111 39d1 0100 0000 027b 7302  ......9......{s.
00016ab0: 0004 720a 1500 7028 5700 000a 7236 1900  ..r...p(W...r6..
00016ac0: 7028 5700 000a 027b 7402 0004 2817 0000  p(W....{t...(...
00016ad0: 0a6f 8401 000a 2888 0100 0a72 c415 0070  .o....(....r...p
00016ae0: 2857 0000 0a72 d415 0070 2857 0000 0a28  (W...r...p(W...(
00016af0: 2501 0006 6f2b 0100 0a13 1312 1328 2c01  %...o+.......(,.
00016b00: 000a 2d46 021d 250a 7d70 0200 0402 1113  ..-F..%.}p......
00016b10: 7d7b 0200 0402 1306 027c 7102 0004 1213  }{.......|q.....
00016b20: 1206 28cf 0000 2b00 dd21 0200 0002 7b7b  ..(...+..!....{{
00016b30: 0200 0413 1302 7c7b 0200 04fe 152a 0000  ......|{.....*..
00016b40: 1b02 1525 0a7d 7002 0004 0212 1328 2d01  ...%.}p......(-.
00016b50: 000a 7d79 0200 0402 7b79 0200 0413 1211  ..}y....{y......
00016b60: 1239 1501 0000 0002 7b73 0200 0472 c217  .9......{s...r..
00016b70: 0070 2857 0000 0a28 1700 000a 6f84 0100  .p(W...(....o...
00016b80: 0a28 5a01 000a 2824 0100 066f 2701 000a  .(Z...($...o'...
00016b90: 1314 1214 2828 0100 0a2d 4602 1e25 0a7d  ....((...-F..%.}
00016ba0: 7002 0004 0211 147d 7c02 0004 0213 0602  p......}|.......
00016bb0: 7c71 0200 0412 1412 0628 d000 002b 00dd  |q.......(...+..
00016bc0: 8a01 0000 027b 7c02 0004 1314 027c 7c02  .....{|......||.
00016bd0: 0004 fe15 ae00 0001 0215 250a 7d70 0200  ..........%.}p..
00016be0: 0412 1428 2a01 000a 0002 7b72 0200 0472  ...(*.....{r...r
00016bf0: 5819 0070 6f86 0100 0a6f 2b01 000a 1315  X..po....o+.....
00016c00: 1215 282c 0100 0a2d 4702 1f09 250a 7d70  ..(,...-G...%.}p
00016c10: 0200 0402 1115 7d7b 0200 0402 1306 027c  ......}{.......|
00016c20: 7102 0004 1215 1206 28cf 0000 2b00 dd1b  q.......(...+...
00016c30: 0100 0002 7b7b 0200 0413 1502 7c7b 0200  ....{{......|{..
00016c40: 04fe 152a 0000 1b02 1525 0a7d 7002 0004  ...*.....%.}p...
00016c50: 0212 1528 2d01 000a 7d7a 0200 0402 027b  ...(-...}z.....{
00016c60: 7a02 0004 7d75 0200 0402 027b 7202 0004  z...}u.....{r...
00016c70: 6f81 0100 0a7d 7402 0004 0000 027b 7302  o....}t......{s.
00016c80: 0004 198d 7b00 0001 2516 725e 2500 70a2  ....{...%.r^%.p.
00016c90: 2517 027b 7402 0004 a225 1802 7b75 0200  %..{t....%..{u..
00016ca0: 048c 8200 0001 a228 1901 0006 6f27 0100  .......(....o'..
00016cb0: 0a13 1612 1628 2801 000a 2d44 021f 0a25  .....((...-D...%
00016cc0: 0a7d 7002 0004 0211 167d 7c02 0004 0213  .}p......}|.....
00016cd0: 0602 7c71 0200 0412 1612 0628 d000 002b  ..|q.......(...+
00016ce0: 00de 6b02 7b7c 0200 0413 1602 7c7c 0200  ..k.{|......||..
00016cf0: 04fe 15ae 0000 0102 1525 0a7d 7002 0004  .........%.}p...
00016d00: 1216 282a 0100 0a00 027b 7402 0004 0bde  ..(*.....{t.....
00016d10: 2113 1702 1ffe 7d70 0200 0402 147d 7402  !.....}p.....}t.
00016d20: 0004 027c 7102 0004 1117 288a 0100 0a00  ...|q.....(.....
00016d30: de1c 021f fe7d 7002 0004 0214 7d74 0200  .....}p.....}t..
00016d40: 0402 7c71 0200 0407 288b 0100 0a00 2a00  ..|q....(.....*.
00016d50: 411c 0000 0000 0000 0700 0000 2a09 0000  A...........*...
00016d60: 3109 0000 2100 0000 1f00 0001 1b30 0600  1...!........0..
00016d70: c501 0000 d600 0011 027b 7d02 0004 0a06  .........{}.....
00016d80: 2c02 2b05 3824 0100 0000 0273 8e02 000a  ,.+.8$.....s....
00016d90: 7d81 0200 0402 027b 7f02 0004 2880 0200  }......{....(...
00016da0: 0a7d 8202 0004 0273 1603 000a 7d83 0200  .}.....s....}...
00016db0: 0400 0202 7b82 0200 046f 8102 000a 7d85  ....{....o....}.
00016dc0: 0200 042b 4102 027b 8502 0004 6f82 0200  ...+A..{....o...
00016dd0: 0a7d 8602 0004 0002 7b83 0200 0402 7b81  .}......{.....{.
00016de0: 0200 046f 9002 000a 027b 8602 0004 2883  ...o.....{....(.
00016df0: 0200 0a6f a602 000a 6f17 0300 0a00 0002  ...o....o.......
00016e00: 147d 8602 0004 027b 8502 0004 6f44 0000  .}.....{....oD..
00016e10: 0a2d b2de 1906 162f 1402 7b85 0200 042c  .-...../..{....,
00016e20: 0c02 7b85 0200 046f 4500 000a 00dc 0214  ..{....oE.......
00016e30: 7d85 0200 0402 027b 8102 0004 6f8c 0000  }......{....o...
00016e40: 0a72 8625 0070 1f24 6f18 0300 0a7d 8402  .r.%.p.$o....}..
00016e50: 0004 027b 8402 0004 027b 8102 0004 178d  ...{.....{......
00016e60: 7b00 0001 2516 027b 8302 0004 a26f f402  {...%..{.....o..
00016e70: 000a 741d 0000 016f 2701 000a 0c12 0228  ..t....o'......(
00016e80: 2801 000a 2d43 0216 250a 7d7d 0200 0402  (...-C..%.}}....
00016e90: 087d 8702 0004 020d 027c 7e02 0004 1202  .}.......|~.....
00016ea0: 1203 28d1 0000 2b00 dd8f 0000 0002 7b87  ..(...+.......{.
00016eb0: 0200 040c 027c 8702 0004 fe15 ae00 0001  .....|..........
00016ec0: 0215 250a 7d7d 0200 0412 0228 2a01 000a  ..%.}}.....(*...
00016ed0: 0017 0bde 3613 0402 1ffe 7d7d 0200 0402  ....6.....}}....
00016ee0: 147d 8102 0004 0214 7d82 0200 0402 147d  .}......}......}
00016ef0: 8302 0004 0214 7d84 0200 0402 7c7e 0200  ......}.....|~..
00016f00: 0411 0428 fd01 000a 00de 3102 1ffe 7d7d  ...(......1...}}
00016f10: 0200 0402 147d 8102 0004 0214 7d82 0200  .....}......}...
00016f20: 0402 147d 8302 0004 0214 7d84 0200 0402  ...}......}.....
00016f30: 7c7e 0200 0407 28fe 0100 0a00 2a00 0000  |~....(.....*...
00016f40: 4134 0000 0200 0000 4b00 0000 5200 0000  A4......K...R...
00016f50: 9d00 0000 1900 0000 0000 0000 0000 0000  ................
00016f60: 0700 0000 5601 0000 5d01 0000 3600 0000  ....V...]...6...
00016f70: 1f00 0001 1b30 0600 9222 0000 d700 0011  .....0..."......
00016f80: 027b 8802 0004 0a06 452a 0000 0005 0000  .{......E*......
00016f90: 000a 0000 000f 0000 0014 0000 0019 0000  ................
00016fa0: 001e 0000 0023 0000 0028 0000 002d 0000  .....#...(...-..
00016fb0: 0032 0000 0037 0000 003c 0000 0041 0000  .2...7...<...A..
00016fc0: 0046 0000 004b 0000 004b 0000 0050 0000  .F...K...K...P..
00016fd0: 0055 0000 0055 0000 005a 0000 005f 0000  .U...U...Z..._..
00016fe0: 0064 0000 0069 0000 006e 0000 0073 0000  .d...i...n...s..
00016ff0: 0078 0000 007d 0000 0082 0000 0087 0000  .x...}..........
00017000: 008c 0000 0091 0000 0096 0000 009b 0000  ................
00017010: 00a0 0000 00a5 0000 00aa 0000 00af 0000  ................
00017020: 00b4 0000 00b4 0000 00b4 0000 00b9 0000  ................
00017030: 00be 0000 0038 be00 0000 3845 0100 0038  .....8....8E...8
00017040: 8203 0000 380e 0400 0038 7d04 0000 3831  ....8....8}...81
00017050: 0500 0038 b705 0000 380b 0600 0038 0207  ...8....8....8..
00017060: 0000 3870 0700 0038 2508 0000 389c 0800  ..8p...8%...8...
00017070: 0038 1f09 0000 38cc 0900 0038 720a 0000  .8....8....8r...
00017080: 38c0 0a00 0038 990c 0000 38ce 0c00 0038  8....8....8....8
00017090: ed0e 0000 3856 0f00 0038 ae10 0000 38ac  ....8V...8....8.
000170a0: 1100 0038 3112 0000 384d 1300 0038 b113  ...81...8M...8..
000170b0: 0000 38ba 1400 0038 3215 0000 38e7 1500  ..8....82...8...
000170c0: 0038 6716 0000 38f1 1600 0038 5a17 0000  .8g...8....8Z...
000170d0: 38e8 1700 0038 6a19 0000 381b 1a00 0038  8....8j...8....8
000170e0: a61a 0000 386a 1b00 0038 bf1b 0000 38b3  ....8j...8....8.
000170f0: 1f00 0038 8920 0000 0273 9201 0006 7d8e  ...8. ...s....}.
00017100: 0200 0402 7b8e 0200 0402 7b8d 0200 047d  ....{.....{....}
00017110: 0402 0004 0002 7b8d 0200 041a 8d7b 0000  ......{......{..
00017120: 0125 1672 9825 0070 a225 1702 7b8a 0200  .%.r.%.p.%..{...
00017130: 04a2 2518 027b 8b02 0004 a225 1902 7b8c  ..%..{.....%..{.
00017140: 0200 048c 8200 0001 a228 1901 0006 6f27  .........(....o'
00017150: 0100 0a0c 1202 2828 0100 0a2d 4302 1625  ......((...-C..%
00017160: 0a7d 8802 0004 0208 7da3 0200 0402 0d02  .}......}.......
00017170: 7c89 0200 0412 0212 0328 d200 002b 00dd  |........(...+..
00017180: 8d20 0000 027b a302 0004 0c02 7ca3 0200  . ...{......|...
00017190: 04fe 15ae 0000 0102 1525 0a7d 8802 0004  .........%.}....
000171a0: 1202 282a 0100 0a00 027b 8e02 0004 7e2f  ..(*.....{....~/
000171b0: 0000 0a7d 0202 0004 027b 8e02 0004 7b02  ...}.....{....{.
000171c0: 0200 046f 3900 000a 16fe 0313 0411 042c  ...o9..........,
000171d0: 0b72 c425 0070 7319 0300 0a7a 0272 0100  .r.%.ps....z.r..
000171e0: 0070 7d8f 0200 0402 7b8e 0200 047b 0202  .p}.....{....{..
000171f0: 0004 16fe 137d 5501 000a 027b 8e02 0004  .....}U....{....
00017200: 7b02 0200 046f a701 000a 6fa8 0100 0a00  {....o....o.....
00017210: 2817 0000 0a16 6fa9 0100 0a00 0202 7b8a  (.....o.......{.
00017220: 0200 0413 0511 057d 9302 0004 027b 9302  .......}.....{..
00017230: 0004 1306 1106 72e8 2500 7028 6001 000a  ......r.%.p(`...
00017240: 2d32 1106 72ee 2500 7028 6001 000a 2d57  -2..r.%.p(`...-W
00017250: 1106 72f6 2500 7028 6001 000a 2d79 1106  ..r.%.p(`...-y..
00017260: 7200 2600 7028 6001 000a 3ac3 0000 0038  r.&.p(`...:....8
00017270: cc00 0000 2817 0000 0a18 6f1a 0300 0a00  ....(.....o.....
00017280: 2817 0000 0a02 7b8b 0200 046f 1b03 000a  (.....{....o....
00017290: 0028 1700 000a 027b 8b02 0004 6f1c 0300  .(.....{....o...
000172a0: 0a00 3899 0000 0028 1700 000a 176f 1a03  ..8....(.....o..
000172b0: 000a 0028 1700 000a 027b 8b02 0004 6f1d  ...(.....{....o.
000172c0: 0300 0a00 2817 0000 0a02 7b8b 0200 046f  ....(.....{....o
000172d0: 1e03 000a 002b 6928 1700 000a 166f 1a03  .....+i(.....o..
000172e0: 000a 0002 027b 8b02 0004 7206 1b00 7016  .....{....r...p.
000172f0: 6f1f 0300 0a7d 9202 0004 2817 0000 0a02  o....}....(.....
00017300: 7b92 0200 0416 9a6f 2003 000a 0028 1700  {......o ....(..
00017310: 000a 027b 9202 0004 8e2c 0a02 7b92 0200  ...{.....,..{...
00017320: 0417 9a2b 0572 0826 0070 6f21 0300 0a00  ...+.r.&.po!....
00017330: 2b0e 2817 0000 0a19 6f1a 0300 0a00 2b00  +.(.....o.....+.
00017340: 0214 7d92 0200 0402 147d 9302 0004 281b  ..}......}....(.
00017350: 0000 0a2c 2428 1700 000a 6f57 0100 0a17  ...,$(....oW....
00017360: 2e0d 2817 0000 0a6f 5701 000a 1833 0a1f  ..(....oW....3..
00017370: 1f16 2858 0100 0a2b 0116 1307 1107 396f  ..(X...+......9o
00017380: 0100 0000 284d 0000 0a6f aa01 000a 6fab  ....(M...o....o.
00017390: 0100 0a13 0912 0928 ac01 000a 2d45 0217  .......(....-E..
000173a0: 250a 7d88 0200 0402 1109 7da4 0200 0402  %.}.......}.....
000173b0: 0d02 7c89 0200 0412 0912 0328 d300 002b  ..|........(...+
000173c0: 00dd 4b1e 0000 027b a402 0004 1309 027c  ..K....{.......|
000173d0: a402 0004 fe15 3200 001b 0215 250a 7d88  ......2.....%.}.
000173e0: 0200 0402 1209 28ad 0100 0a7d 9402 0004  ......(....}....
000173f0: 027b 9402 0004 19fe 0116 fe01 1308 1108  .{..............
00017400: 39ec 0000 0000 027b 8d02 0004 178d 7b00  9......{......{.
00017410: 0001 2516 7214 2600 70a2 281a 0100 066f  ..%.r.&.p.(....o
00017420: 2701 000a 130a 120a 2828 0100 0a2d 4502  '.......((...-E.
00017430: 1825 0a7d 8802 0004 0211 0a7d a302 0004  .%.}.......}....
00017440: 020d 027c 8902 0004 120a 1203 28d2 0000  ...|........(...
00017450: 2b00 ddba 1d00 0002 7ba3 0200 0413 0a02  +.......{.......
00017460: 7ca3 0200 04fe 15ae 0000 0102 1525 0a7d  |............%.}
00017470: 8802 0004 120a 282a 0100 0a00 027b 8d02  ......(*.....{..
00017480: 0004 289a 0100 0a17 1673 ae01 000a 6f9c  ..(......s....o.
00017490: 0100 0a6f 2701 000a 130b 120b 2828 0100  ...o'.......((..
000174a0: 0a2d 4502 1925 0a7d 8802 0004 0211 0b7d  .-E..%.}.......}
000174b0: a302 0004 020d 027c 8902 0004 120b 1203  .......|........
000174c0: 28d2 0000 2b00 dd46 1d00 0002 7ba3 0200  (...+..F....{...
000174d0: 0413 0b02 7ca3 0200 04fe 15ae 0000 0102  ....|...........
000174e0: 1525 0a7d 8802 0004 120b 282a 0100 0a00  .%.}......(*....
000174f0: 0000 281b 0000 0a13 0c11 0c39 4501 0000  ..(........9E...
00017500: 0028 1700 000a 6fb8 0100 0a2c 1f28 1700  .(....o....,.(..
00017510: 000a 6f57 0100 0a18 2e0f 2817 0000 0a6f  ..oW......(....o
00017520: 5701 000a 17fe 012b 0117 2b01 1613 0d11  W......+..+.....
00017530: 0d39 0801 0000 0002 7b8d 0200 0472 d41a  .9......{....r..
00017540: 0070 2857 0000 0a28 2401 0006 6f27 0100  .p(W...($...o'..
00017550: 0a13 0e12 0e28 2801 000a 2d45 021a 250a  .....((...-E..%.
00017560: 7d88 0200 0402 110e 7da3 0200 0402 0d02  }.......}.......
00017570: 7c89 0200 0412 0e12 0328 d200 002b 00dd  |........(...+..
00017580: 8d1c 0000 027b a302 0004 130e 027c a302  .....{.......|..
00017590: 0004 fe15 ae00 0001 0215 250a 7d88 0200  ..........%.}...
000175a0: 0412 0e28 2a01 000a 0028 1700 000a 6fb9  ...(*....(....o.
000175b0: 0100 0a2c 1016 2857 0000 2b6f ba01 000a  ...,..(W..+o....
000175c0: 16fe 012b 0116 130f 110f 2c6f 0028 4d00  ...+......,o.(M.
000175d0: 000a 6fbb 0100 0a6f 2701 000a 1310 1210  ..o....o'.......
000175e0: 2828 0100 0a2d 4502 1b25 0a7d 8802 0004  ((...-E..%.}....
000175f0: 0211 107d a302 0004 020d 027c 8902 0004  ...}.......|....
00017600: 1210 1203 28d2 0000 2b00 dd02 1c00 0002  ....(...+.......
00017610: 7ba3 0200 0413 1002 7ca3 0200 04fe 15ae  {.......|.......
00017620: 0000 0102 1525 0a7d 8802 0004 1210 282a  .....%.}......(*
00017630: 0100 0a00 1780 bc01 000a 0000 2b06 1680  ............+...
00017640: bc01 000a 0002 1628 5800 002b 7d90 0200  .......(X..+}...
00017650: 0428 1700 000a 6f57 0100 0a16 fe01 1311  .(....oW........
00017660: 1111 3923 0100 0000 0006 1c2e 022b 022b  ..9#.........+.+
00017670: 4a00 027b 8d02 0004 027b 9002 0004 2823  J..{.....{....(#
00017680: 0100 066f bd01 000a 1312 1212 28be 0100  ...o........(...
00017690: 0a2d 4502 1c25 0a7d 8802 0004 0211 127d  .-E..%.}.......}
000176a0: a502 0004 020d 027c 8902 0004 1212 1203  .......|........
000176b0: 28d4 0000 2b00 dd56 1b00 0002 7ba5 0200  (...+..V....{...
000176c0: 0413 1202 7ca5 0200 04fe 1534 0000 1b02  ....|......4....
000176d0: 1525 0a7d 8802 0004 0212 1228 bf01 000a  .%.}.......(....
000176e0: 7d95 0200 0402 027b 9502 0004 7d8f 0200  }......{....}...
000176f0: 0402 147d 9502 0004 00de 1026 0002 72fa  ...}.......&..r.
00017700: 1700 707d 8f02 0004 00de 0002 7b8d 0200  ..p}........{...
00017710: 0418 8d7b 0000 0125 1672 4e26 0070 a225  ...{...%.rN&.p.%
00017720: 1772 7626 0070 a228 1901 0006 6f27 0100  .rv&.p.(....o'..
00017730: 0a13 1312 1328 2801 000a 2d45 021d 250a  .....((...-E..%.
00017740: 7d88 0200 0402 1113 7da3 0200 0402 0d02  }.......}.......
00017750: 7c89 0200 0412 1312 0328 d200 002b 00dd  |........(...+..
00017760: ad1a 0000 027b a302 0004 1313 027c a302  .....{.......|..
00017770: 0004 fe15 ae00 0001 0215 250a 7d88 0200  ..........%.}...
00017780: 0412 1328 2a01 000a 0000 027b 8d02 0004  ...(*......{....
00017790: 7240 1600 7028 5700 000a 2824 0100 066f  r@..p(W...($...o
000177a0: 2701 000a 1314 1214 2828 0100 0a2d 4502  '.......((...-E.
000177b0: 1e25 0a7d 8802 0004 0211 147d a302 0004  .%.}.......}....
000177c0: 020d 027c 8902 0004 1214 1203 28d2 0000  ...|........(...
000177d0: 2b00 dd3a 1a00 0002 7ba3 0200 0413 1402  +..:....{.......
000177e0: 7ca3 0200 04fe 15ae 0000 0102 1525 0a7d  |............%.}
000177f0: 8802 0004 1214 282a 0100 0a00 2817 0000  ......(*....(...
00017800: 0a6f 5701 000a 16fe 0113 1511 1539 ae01  .oW..........9..
00017810: 0000 0002 7b8f 0200 0428 6a01 000a 1316  ....{....(j.....
00017820: 1116 3992 0000 0000 027b 9002 0004 6f6b  ..9......{....ok
00017830: 0100 0a13 1711 172c 7d02 7b8d 0200 0472  .......,}.{....r
00017840: 8026 0070 726e 1600 7028 5700 000a 2852  .&.prn..p(W...(R
00017850: 0200 0a28 2401 0006 6f27 0100 0a13 1812  ...($...o'......
00017860: 1828 2801 000a 2d46 021f 0925 0a7d 8802  .((...-F...%.}..
00017870: 0004 0211 187d a302 0004 020d 027c 8902  .....}.......|..
00017880: 0004 1218 1203 28d2 0000 2b00 dd80 1900  ......(...+.....
00017890: 0002 7ba3 0200 0413 1802 7ca3 0200 04fe  ..{.......|.....
000178a0: 15ae 0000 0102 1525 0a7d 8802 0004 1218  .......%.}......
000178b0: 282a 0100 0a00 002b 7902 7b8d 0200 0472  (*.....+y.{....r
000178c0: 8a26 0070 027b 8f02 0004 2852 0200 0a28  .&.p.{....(R...(
000178d0: 2401 0006 6f27 0100 0a13 1912 1928 2801  $...o'.......((.
000178e0: 000a 2d46 021f 0a25 0a7d 8802 0004 0211  ..-F...%.}......
000178f0: 197d a302 0004 020d 027c 8902 0004 1219  .}.......|......
00017900: 1203 28d2 0000 2b00 dd04 1900 0002 7ba3  ..(...+.......{.
00017910: 0200 0413 1902 7ca3 0200 04fe 15ae 0000  ......|.........
00017920: 0102 1525 0a7d 8802 0004 1219 282a 0100  ...%.}......(*..
00017930: 0a00 281b 0000 0a13 1a11 1a2c 7d02 7b8d  ..(........,}.{.
00017940: 0200 0472 8026 0070 7296 1600 7028 5700  ...r.&.pr...p(W.
00017950: 000a 2852 0200 0a28 2401 0006 6f27 0100  ..(R...($...o'..
00017960: 0a13 1b12 1b28 2801 000a 2d46 021f 0b25  .....((...-F...%
00017970: 0a7d 8802 0004 0211 1b7d a302 0004 020d  .}.......}......
00017980: 027c 8902 0004 121b 1203 28d2 0000 2b00  .|........(...+.
00017990: dd7c 1800 0002 7ba3 0200 0413 1b02 7ca3  .|....{.......|.
000179a0: 0200 04fe 15ae 0000 0102 1525 0a7d 8802  ...........%.}..
000179b0: 0004 121b 282a 0100 0a00 0038 5701 0000  ....(*.....8W...
000179c0: 2817 0000 0a6f 5701 000a 18fe 0113 1c11  (....oW.........
000179d0: 1c39 9c00 0000 0028 1700 000a 6f6e 0100  .9.....(....on..
000179e0: 0a28 6a01 000a 16fe 0113 1d11 1d2c 7d02  .(j..........,}.
000179f0: 7b8d 0200 0472 a026 0070 2817 0000 0a6f  {....r.&.p(....o
00017a00: 6e01 000a 2852 0200 0a28 2401 0006 6f27  n...(R...($...o'
00017a10: 0100 0a13 1e12 1e28 2801 000a 2d46 021f  .......((...-F..
00017a20: 0c25 0a7d 8802 0004 0211 1e7d a302 0004  .%.}.......}....
00017a30: 020d 027c 8902 0004 121e 1203 28d2 0000  ...|........(...
00017a40: 2b00 ddca 1700 0002 7ba3 0200 0413 1e02  +.......{.......
00017a50: 7ca3 0200 04fe 15ae 0000 0102 1525 0a7d  |............%.}
00017a60: 8802 0004 121e 282a 0100 0a00 0038 a500  ......(*.....8..
00017a70: 0000 2817 0000 0a6f 5701 000a 1733 1428  ..(....oW....3.(
00017a80: 1700 000a 6f6f 0100 0a28 6a01 000a 16fe  ....oo...(j.....
00017a90: 012b 0116 131f 111f 2c7d 027b 8d02 0004  .+......,}.{....
00017aa0: 72c0 2600 7028 1700 000a 6f6f 0100 0a28  r.&.p(....oo...(
00017ab0: 5202 000a 2824 0100 066f 2701 000a 1320  R...($...o'.... 
00017ac0: 1220 2828 0100 0a2d 4602 1f0d 250a 7d88  . ((...-F...%.}.
00017ad0: 0200 0402 1120 7da3 0200 0402 0d02 7c89  ..... }.......|.
00017ae0: 0200 0412 2012 0328 d200 002b 00dd 1f17  .... ..(...+....
00017af0: 0000 027b a302 0004 1320 027c a302 0004  ...{..... .|....
00017b00: fe15 ae00 0001 0215 250a 7d88 0200 0412  ........%.}.....
00017b10: 2028 2a01 000a 0002 7b8e 0200 0416 7d03   (*.....{.....}.
00017b20: 0200 0402 7b8e 0200 047b 0202 0004 252d  ....{....{....%-
00017b30: 0326 2b11 28c7 0100 0a25 2d03 262b 0628  .&+.(....%-.&+.(
00017b40: c801 000a 0000 061f 0e2e 092b 0006 1f0f  ...........+....
00017b50: 2e07 2b0a 388d 0000 0038 1201 0000 0028  ..+.8....8.....(
00017b60: 1700 000a 6fc9 0100 0a2c 0a28 ca01 000a  ....o....,.(....
00017b70: 14fe 012b 0116 1321 1121 2c0b 73cb 0100  ...+...!.!,.s...
00017b80: 0a28 cc01 000a 0028 cd01 000a 0002 7b8e  .(.....(......{.
00017b90: 0200 04fe 0693 0100 0673 2203 000a 28d5  .........s"...(.
00017ba0: 0000 2b17 6f24 0300 0a13 2312 2328 2503  ..+.o$....#.#(%.
00017bb0: 000a 1322 1222 2826 0300 0a2d 4602 1f0e  ..."."(&...-F...
00017bc0: 250a 7d88 0200 0402 1122 7da6 0200 0402  %.}......"}.....
00017bd0: 0d02 7c89 0200 0412 2212 0328 d600 002b  ..|....."..(...+
00017be0: 00dd 2b16 0000 027b a602 0004 1322 027c  ..+....{.....".|
00017bf0: a602 0004 fe15 6500 001b 0215 250a 7d88  ......e.....%.}.
00017c00: 0200 0412 2228 2703 000a 2602 7b8d 0200  ...."('...&.{...
00017c10: 0418 8d7b 0000 0125 1672 e426 0070 a225  ...{...%.r.&.p.%
00017c20: 1702 7b8e 0200 047b 0302 0004 8c82 0000  ..{....{........
00017c30: 01a2 2819 0100 066f 2701 000a 1324 1224  ..(....o'....$.$
00017c40: 2828 0100 0a2d 4602 1f0f 250a 7d88 0200  ((...-F...%.}...
00017c50: 0402 1124 7da3 0200 0402 0d02 7c89 0200  ...$}.......|...
00017c60: 0412 2412 0328 d200 002b 00dd a115 0000  ..$..(...+......
00017c70: 027b a302 0004 1324 027c a302 0004 fe15  .{.....$.|......
00017c80: ae00 0001 0215 250a 7d88 0200 0412 2428  ......%.}.....$(
00017c90: 2a01 000a 0000 de05 2600 00de 0028 1700  *.......&....(..
00017ca0: 000a 6f57 0100 0a17 3330 027b 8e02 0004  ..oW....30.{....
00017cb0: 7b03 0200 042d 2328 1700 000a 6fd2 0100  {....-#(....o...
00017cc0: 0a2c 1702 7b8e 0200 047b 0202 0004 fe13  .,..{....{......
00017cd0: 7b55 0100 0a16 fe01 2b01 1613 2511 2539  {U......+...%.%9
00017ce0: a801 0000 0028 d301 000a 6f2b 0100 0a13  .....(....o+....
00017cf0: 2712 2728 2c01 000a 2d46 021f 1025 0a7d  '.'(,...-F...%.}
00017d00: 8802 0004 0211 277d a702 0004 020d 027c  ......'}.......|
00017d10: 8902 0004 1227 1203 28d7 0000 2b00 ddee  .....'..(...+...
00017d20: 1400 0002 7ba7 0200 0413 2702 7ca7 0200  ....{.....'.|...
00017d30: 04fe 152a 0000 1b02 1525 0a7d 8802 0004  ...*.....%.}....
00017d40: 0212 2728 2d01 000a 7d96 0200 0402 7b96  ..'(-...}.....{.
00017d50: 0200 0413 2611 2639 2f01 0000 0000 061f  ....&.&9/.......
00017d60: 112e 092b 0006 1f12 2e04 2b07 2b65 38ea  ...+......+.+e8.
00017d70: 0000 0000 28cd 0100 0a00 027b 8e02 0004  ....(......{....
00017d80: fe06 9401 0006 7322 0300 0a28 d500 002b  ......s"...(...+
00017d90: 176f 2403 000a 1323 1223 2825 0300 0a13  .o$....#.#(%....
00017da0: 2812 2828 2603 000a 2d46 021f 1125 0a7d  (.((&...-F...%.}
00017db0: 8802 0004 0211 287d a602 0004 020d 027c  ......(}.......|
00017dc0: 8902 0004 1228 1203 28d6 0000 2b00 dd3e  .....(..(...+..>
00017dd0: 1400 0002 7ba6 0200 0413 2802 7ca6 0200  ....{.....(.|...
00017de0: 04fe 1565 0000 1b02 1525 0a7d 8802 0004  ...e.....%.}....
00017df0: 1228 2827 0300 0a26 027b 8d02 0004 188d  .(('...&.{......
00017e00: 7b00 0001 2516 72fe 2600 70a2 2517 027b  {...%.r.&.p.%..{
00017e10: 8e02 0004 7b03 0200 048c 8200 0001 a228  ....{..........(
00017e20: 1901 0006 6f27 0100 0a13 2912 2928 2801  ....o'....).)((.
00017e30: 000a 2d46 021f 1225 0a7d 8802 0004 0211  ..-F...%.}......
00017e40: 297d a302 0004 020d 027c 8902 0004 1229  )}.......|.....)
00017e50: 1203 28d2 0000 2b00 ddb4 1300 0002 7ba3  ..(...+.......{.
00017e60: 0200 0413 2902 7ca3 0200 04fe 15ae 0000  ....).|.........
00017e70: 0102 1525 0a7d 8802 0004 1229 282a 0100  ...%.}.....)(*..
00017e80: 0a00 00de 0526 0000 de00 0000 0272 0100  .....&.......r..
00017e90: 0070 7d91 0200 0402 2817 0000 0a6f 5701  .p}.....(....oW.
00017ea0: 000a 132a 112a 7d97 0200 0402 7b97 0200  ...*.*}.....{...
00017eb0: 0413 2b11 2b45 0300 0000 0200 0000 2800  ..+.+E........(.
00017ec0: 0000 3a00 0000 2b4a 0228 1700 000a 6fd4  ..:...+J.(....o.
00017ed0: 0100 0a72 061b 0070 2817 0000 0a6f d501  ...r...p(....o..
00017ee0: 000a 286d 0100 0a7d 9102 0004 2b24 0228  ..(m...}....+$.(
00017ef0: 1700 000a 6faf 0100 0a7d 9102 0004 2b12  ....o....}....+.
00017f00: 0228 1700 000a 6fb2 0100 0a7d 9102 0004  .(....o....}....
00017f10: 2b00 027b 8d02 0004 188d 7b00 0001 2516  +..{......{...%.
00017f20: 722e 2700 7028 1700 000a 6f57 0100 0a8c  r.'.p(....oW....
00017f30: b900 0001 285a 0100 0aa2 2517 027b 9102  ....(Z....%..{..
00017f40: 0004 a228 1901 0006 6f27 0100 0a13 2c12  ...(....o'....,.
00017f50: 2c28 2801 000a 2d46 021f 1325 0a7d 8802  ,((...-F...%.}..
00017f60: 0004 0211 2c7d a302 0004 020d 027c 8902  ....,}.......|..
00017f70: 0004 122c 1203 28d2 0000 2b00 dd90 1200  ...,..(...+.....
00017f80: 0002 7ba3 0200 0413 2c02 7ca3 0200 04fe  ..{.....,.|.....
00017f90: 15ae 0000 0102 1525 0a7d 8802 0004 122c  .......%.}.....,
00017fa0: 282a 0100 0a00 027b 8d02 0004 724e 2700  (*.....{....rN'.
00017fb0: 7028 2401 0006 6f27 0100 0a13 2d12 2d28  p($...o'....-.-(
00017fc0: 2801 000a 2d46 021f 1425 0a7d 8802 0004  (...-F...%.}....
00017fd0: 0211 2d7d a302 0004 020d 027c 8902 0004  ..-}.......|....
00017fe0: 122d 1203 28d2 0000 2b00 dd22 1200 0002  .-..(...+.."....
00017ff0: 7ba3 0200 0413 2d02 7ca3 0200 04fe 15ae  {.....-.|.......
00018000: 0000 0102 1525 0a7d 8802 0004 122d 282a  .....%.}.....-(*
00018010: 0100 0a00 027b 8e02 0004 7b03 0200 042c  .....{....{....,
00018020: 1702 7b8e 0200 047b 0202 0004 fe13 7b55  ..{....{......{U
00018030: 0100 0a16 fe01 2b01 1613 2e11 2e39 6e0b  ......+......9n.
00018040: 0000 0028 1700 000a 6fd7 0100 0a2c 0f28  ...(....o....,.(
00018050: 1700 000a 6f57 0100 0a16 fe01 2b01 1613  ....oW......+...
00018060: 2f11 2f2c 4900 281b 0000 0a13 3011 302c  /./,I.(.....0.0,
00018070: 2b00 027b 8f02 0004 72fa 1700 7028 8701  +..{....r...p(..
00018080: 000a 1331 1131 2c11 2817 0000 0a02 7b8f  ...1.1,.(.....{.
00018090: 0200 046f d801 000a 0000 2b11 2817 0000  ...o......+.(...
000180a0: 0a02 7b8f 0200 046f d801 000a 0000 027b  ..{....o.......{
000180b0: 8c02 0004 1332 1132 396e 0a00 0002 73a0  .....2.29n....s.
000180c0: 0100 067d 9802 0004 027b 9802 0004 027b  ...}.....{.....{
000180d0: 8e02 0004 7d17 0200 0400 027b 9802 0004  ....}......{....
000180e0: 7b17 0200 047b 0202 0004 fe13 7b55 0100  {....{......{U..
000180f0: 0a13 3311 332c 0716 0bdd e210 0000 027b  ..3.3,.........{
00018100: 8d02 0004 720a 1b00 7028 5700 000a 2824  ....r...p(W...($
00018110: 0100 066f 2701 000a 1334 1234 2828 0100  ...o'....4.4((..
00018120: 0a2d 4602 1f15 250a 7d88 0200 0402 1134  .-F...%.}......4
00018130: 7da3 0200 0402 0d02 7c89 0200 0412 3412  }.......|.....4.
00018140: 0328 d200 002b 00dd c510 0000 027b a302  .(...+.......{..
00018150: 0004 1334 027c a302 0004 fe15 ae00 0001  ...4.|..........
00018160: 0215 250a 7d88 0200 0412 3428 2a01 000a  ..%.}.....4(*...
00018170: 0002 7b98 0200 0473 d901 000a 7d15 0200  ..{....s....}...
00018180: 0402 7b98 0200 047b 1502 0004 027b 9802  ..{....{.....{..
00018190: 0004 7b17 0200 04fe 0695 0100 0673 da01  ..{..........s..
000181a0: 000a 6fdb 0100 0a00 027b 9802 0004 197d  ..o......{.....}
000181b0: 1402 0004 2817 0000 0a6f dc01 000a 2d0c  ....(....o....-.
000181c0: 2817 0000 0a6f 5e01 000a 2b01 1613 3511  (....o^...+...5.
000181d0: 352c 0c02 7b98 0200 0418 7d14 0200 0428  5,..{.....}....(
000181e0: 9f00 000a 6fdd 0100 0a00 027b 9802 0004  ....o......{....
000181f0: 167d 1602 0004 027b 9802 0004 fe06 a101  .}.....{........
00018200: 0006 7394 0100 0a28 9501 000a 176f ce01  ..s....(.....o..
00018210: 000a 1337 1237 28cf 0100 0a13 3612 3628  ...7.7(.....6.6(
00018220: d001 000a 2d46 021f 1625 0a7d 8802 0004  ....-F...%.}....
00018230: 0211 367d a802 0004 020d 027c 8902 0004  ..6}.......|....
00018240: 1236 1203 28d8 0000 2b00 ddc2 0f00 0002  .6..(...+.......
00018250: 7ba8 0200 0413 3602 7ca8 0200 04fe 15d4  {.....6.|.......
00018260: 0000 0102 1525 0a7d 8802 0004 1236 28d1  .....%.}.....6(.
00018270: 0100 0a00 027b 8d02 0004 188d 7b00 0001  .....{......{...
00018280: 2516 725a 2700 70a2 2517 027b 9802 0004  %.rZ'.p.%..{....
00018290: 7b16 0200 048c 8200 0001 a228 1901 0006  {..........(....
000182a0: 6f27 0100 0a13 3812 3828 2801 000a 2d46  o'....8.8((...-F
000182b0: 021f 1725 0a7d 8802 0004 0211 387d a302  ...%.}......8}..
000182c0: 0004 020d 027c 8902 0004 1238 1203 28d2  .....|.....8..(.
000182d0: 0000 2b00 dd38 0f00 0002 7ba3 0200 0413  ..+..8....{.....
000182e0: 3802 7ca3 0200 04fe 15ae 0000 0102 1525  8.|............%
000182f0: 0a7d 8802 0004 1238 282a 0100 0a00 027b  .}.....8(*.....{
00018300: 9802 0004 7b16 0200 0413 3911 3939 0f08  ....{.....9.99..
00018310: 0000 0028 1700 000a 256f 7b01 000a 1758  ...(....%o{....X
00018320: 133a 113a 6fde 0100 0a00 2817 0000 0a6f  .:.:o.....(....o
00018330: 5701 000a 16fe 0113 3b11 3b2c 4900 281b  W.......;.;,I.(.
00018340: 0000 0a13 3c11 3c2c 2b00 027b 8f02 0004  ....<.<,+..{....
00018350: 72fa 1700 7028 8701 000a 133d 113d 2c11  r...p(.....=.=,.
00018360: 2817 0000 0a02 7b8f 0200 046f d801 000a  (.....{....o....
00018370: 0000 2b11 2817 0000 0a02 7b8f 0200 046f  ..+.(.....{....o
00018380: d801 000a 0000 281b 0000 0a2c 0c28 1700  ......(....,.(..
00018390: 000a 6fdf 0100 0a2b 0116 133e 113e 2c11  ..o....+...>.>,.
000183a0: 284d 0000 0a25 2d03 262b 066f e001 000a  (M...%-.&+.o....
000183b0: 0002 7b8d 0200 0472 4e27 0070 2824 0100  ..{....rN'.p($..
000183c0: 066f 2701 000a 133f 123f 2828 0100 0a2d  .o'....?.?((...-
000183d0: 4602 1f18 250a 7d88 0200 0402 113f 7da3  F...%.}......?}.
000183e0: 0200 0402 0d02 7c89 0200 0412 3f12 0328  ......|.....?..(
000183f0: d200 002b 00dd 170e 0000 027b a302 0004  ...+.......{....
00018400: 133f 027c a302 0004 fe15 ae00 0001 0215  .?.|............
00018410: 250a 7d88 0200 0412 3f28 2a01 000a 0002  %.}.....?(*.....
00018420: 7b8d 0200 0428 2201 0006 6f2b 0100 0a13  {....("...o+....
00018430: 4012 4028 2c01 000a 2d46 021f 1925 0a7d  @.@(,...-F...%.}
00018440: 8802 0004 0211 407d a702 0004 020d 027c  ......@}.......|
00018450: 8902 0004 1240 1203 28d7 0000 2b00 ddae  .....@..(...+...
00018460: 0d00 0002 7ba7 0200 0413 4002 7ca7 0200  ....{.....@.|...
00018470: 04fe 152a 0000 1b02 1525 0a7d 8802 0004  ...*.....%.}....
00018480: 0212 4028 2d01 000a 7d9a 0200 0402 027b  ..@(-...}......{
00018490: 9a02 0004 7d99 0200 0428 1700 000a 6fe1  ....}....(....o.
000184a0: 0100 0a2c 4128 1700 000a 6fe2 0100 0a2d  ...,A(....o....-
000184b0: 3502 7b98 0200 047b 1702 0004 7b02 0200  5.{....{....{...
000184c0: 047b 6301 000a 182e 1a02 7b98 0200 047b  .{c.......{....{
000184d0: 1702 0004 7b02 0200 047b 6301 000a 19fe  ....{....{c.....
000184e0: 012b 0117 2b01 1613 4111 4139 1b04 0000  .+..+...A.A9....
000184f0: 0273 aa01 0006 7d9b 0200 0402 7b9b 0200  .s....}.....{...
00018500: 0402 7b98 0200 047d 2502 0004 0002 7b9b  ..{....}%.....{.
00018510: 0200 0472 321b 0070 2857 0000 0a7d 2402  ...r2..p(W...}$.
00018520: 0004 027b 8d02 0004 027b 9b02 0004 7b24  ...{.....{....{$
00018530: 0200 0428 2401 0006 6f27 0100 0a13 4212  ...($...o'....B.
00018540: 4228 2801 000a 2d46 021f 1a25 0a7d 8802  B((...-F...%.}..
00018550: 0004 0211 427d a302 0004 020d 027c 8902  ....B}.......|..
00018560: 0004 1242 1203 28d2 0000 2b00 dda0 0c00  ...B..(...+.....
00018570: 0002 7ba3 0200 0413 4202 7ca3 0200 04fe  ..{.....B.|.....
00018580: 15ae 0000 0102 1525 0a7d 8802 0004 1242  .......%.}.....B
00018590: 282a 0100 0a00 027b 8d02 0004 7288 2700  (*.....{....r.'.
000185a0: 7072 6e1b 0070 2857 0000 0a28 5202 000a  prn..p(W...(R...
000185b0: 2824 0100 066f 2701 000a 1343 1243 2828  ($...o'....C.C((
000185c0: 0100 0a2d 4602 1f1b 250a 7d88 0200 0402  ...-F...%.}.....
000185d0: 1143 7da3 0200 0402 0d02 7c89 0200 0412  .C}.......|.....
000185e0: 4312 0328 d200 002b 00dd 230c 0000 027b  C..(...+..#....{
000185f0: a302 0004 1343 027c a302 0004 fe15 ae00  .....C.|........
00018600: 0001 0215 250a 7d88 0200 0412 4328 2a01  ....%.}.....C(*.
00018610: 000a 0002 7b9b 0200 0473 e401 000a 7d23  ....{....s....}#
00018620: 0200 0402 027b 9b02 0004 fe06 ab01 0006  .....{..........
00018630: 73b1 0000 0a7d 9c02 0004 0202 7b9b 0200  s....}......{...
00018640: 04fe 06ac 0100 0673 e801 000a 73e9 0100  .......s....s...
00018650: 0a7d 9d02 0004 027b 8d02 0004 178d 7b00  .}.....{......{.
00018660: 0001 2516 729c 2700 70a2 2819 0100 066f  ..%.r.'.p.(....o
00018670: 2701 000a 1344 1244 2828 0100 0a2d 4602  '....D.D((...-F.
00018680: 1f1c 250a 7d88 0200 0402 1144 7da3 0200  ..%.}......D}...
00018690: 0402 0d02 7c89 0200 0412 4412 0328 d200  ....|.....D..(..
000186a0: 002b 00dd 690b 0000 027b a302 0004 1344  .+..i....{.....D
000186b0: 027c a302 0004 fe15 ae00 0001 0215 250a  .|............%.
000186c0: 7d88 0200 0412 4428 2a01 000a 0002 027b  }.....D(*......{
000186d0: 9b02 0004 7b23 0200 046f ea01 000a 7d9e  ....{#...o....}.
000186e0: 0200 0402 7b9d 0200 0402 7b9e 0200 0428  ....{.....{....(
000186f0: eb01 000a 6fbd 0100 0a13 4512 4528 be01  ....o.....E.E(..
00018700: 000a 2d46 021f 1d25 0a7d 8802 0004 0211  ..-F...%.}......
00018710: 457d a502 0004 020d 027c 8902 0004 1245  E}.......|.....E
00018720: 1203 28d4 0000 2b00 dde4 0a00 0002 7ba5  ..(...+.......{.
00018730: 0200 0413 4502 7ca5 0200 04fe 1534 0000  ....E.|......4..
00018740: 1b02 1525 0a7d 8802 0004 0212 4528 bf01  ...%.}......E(..
00018750: 000a 7da0 0200 0402 027b a002 0004 7d9f  ..}......{....}.
00018760: 0200 0402 147d a002 0004 027b 8d02 0004  .....}.....{....
00018770: 178d 7b00 0001 2516 72c6 2700 70a2 2819  ..{...%.r.'.p.(.
00018780: 0100 066f 2701 000a 1346 1246 2828 0100  ...o'....F.F((..
00018790: 0a2d 4602 1f1e 250a 7d88 0200 0402 1146  .-F...%.}......F
000187a0: 7da3 0200 0402 0d02 7c89 0200 0412 4612  }.......|.....F.
000187b0: 0328 d200 002b 00dd 550a 0000 027b a302  .(...+..U....{..
000187c0: 0004 1346 027c a302 0004 fe15 ae00 0001  ...F.|..........
000187d0: 0215 250a 7d88 0200 0412 4628 2a01 000a  ..%.}.....F(*...
000187e0: 0002 7b8d 0200 0472 4e27 0070 2824 0100  ..{....rN'.p($..
000187f0: 066f 2701 000a 1347 1247 2828 0100 0a2d  .o'....G.G((...-
00018800: 4602 1f1f 250a 7d88 0200 0402 1147 7da3  F...%.}......G}.
00018810: 0200 0402 0d02 7c89 0200 0412 4712 0328  ......|.....G..(
00018820: d200 002b 00dd e709 0000 027b a302 0004  ...+.......{....
00018830: 1347 027c a302 0004 fe15 ae00 0001 0215  .G.|............
00018840: 250a 7d88 0200 0412 4728 2a01 000a 0002  %.}.....G(*.....
00018850: 7b9f 0200 0428 6a01 000a 16fe 0113 4811  {....(j.......H.
00018860: 482c 7f02 7b8d 0200 0472 801b 0070 2857  H,..{....r...p(W
00018870: 0000 0a02 7b9f 0200 0472 bb03 0070 1428  ....{....r...p.(
00018880: 2501 0006 6f2b 0100 0a13 4912 4928 2c01  %...o+....I.I(,.
00018890: 000a 2d46 021f 2025 0a7d 8802 0004 0211  ..-F.. %.}......
000188a0: 497d a702 0004 020d 027c 8902 0004 1249  I}.......|.....I
000188b0: 1203 28d7 0000 2b00 dd54 0900 0002 7ba7  ..(...+..T....{.
000188c0: 0200 0413 4902 7ca7 0200 04fe 152a 0000  ....I.|......*..
000188d0: 1b02 1525 0a7d 8802 0004 1249 282d 0100  ...%.}.....I(-..
000188e0: 0a26 0002 147d 9b02 0004 0214 7d9c 0200  .&...}......}...
000188f0: 0402 147d 9d02 0004 027c 9e02 0004 fe15  ...}.....|......
00018900: d200 0001 0214 7d9f 0200 0402 7b98 0200  ......}.....{...
00018910: 047b 1702 0004 7b02 0200 046f 3a00 000a  .{....{....o:...
00018920: 6fec 0100 0a25 2d03 262b 0628 ed01 000a  o....%-.&+.(....
00018930: 0028 1700 000a 6fee 0100 0a13 4a11 4a2c  .(....o.....J.J,
00018940: 0828 ef01 000a 002b 1c02 7b98 0200 047b  .(.....+..{....{
00018950: 1702 0004 7b02 0200 046f 3a00 000a 146f  ....{....o:....o
00018960: f001 000a 0028 4b00 000a 0002 7b98 0200  .....(K.....{...
00018970: 047b 1702 0004 7b02 0200 047b 6301 000a  .{....{....{c...
00018980: 182e 1802 7b98 0200 047b 1702 0004 7b02  ....{....{....{.
00018990: 0200 047b 6301 000a 1933 3e28 1700 000a  ...{c....3>(....
000189a0: 6ff1 0100 0a2d 3228 1700 000a 6ff2 0100  o....-2(....o...
000189b0: 0a2d 2628 1700 000a 6f7b 0100 0a17 3119  .-&(....o{....1.
000189c0: 2817 0000 0a6f 5f01 000a 72ca 1b00 7028  (....o_...r...p(
000189d0: 6001 000a 16fe 012b 0116 134b 114b 3987  `......+...K.K9.
000189e0: 0000 0000 2817 0000 0a17 6ff3 0100 0a00  ....(.....o.....
000189f0: 027b 9802 0004 7b17 0200 04fe 0696 0100  .{....{.........
00018a00: 0673 9401 000a 28f4 0100 0a6f 2701 000a  .s....(....o'...
00018a10: 134c 124c 2828 0100 0a2d 4602 1f21 250a  .L.L((...-F..!%.
00018a20: 7d88 0200 0402 114c 7da3 0200 0402 0d02  }......L}.......
00018a30: 7c89 0200 0412 4c12 0328 d200 002b 00dd  |.....L..(...+..
00018a40: cd07 0000 027b a302 0004 134c 027c a302  .....{.....L.|..
00018a50: 0004 fe15 ae00 0001 0215 250a 7d88 0200  ..........%.}...
00018a60: 0412 4c28 2a01 000a 0000 2817 0000 0a6f  ..L(*.....(....o
00018a70: f501 000a 2c0f 2817 0000 0a6f f601 000a  ....,.(....o....
00018a80: 16fe 012b 0116 134d 114d 3991 0000 0000  ...+...M.M9.....
00018a90: 2817 0000 0a17 6ff7 0100 0a00 027b 8d02  (.....o......{..
00018aa0: 0004 72e2 1500 7028 5700 000a 7212 1600  ..r...p(W...r...
00018ab0: 7028 5700 000a 72bb 0300 7014 2825 0100  p(W...r...p.(%..
00018ac0: 066f 2b01 000a 134e 124e 282c 0100 0a2d  .o+....N.N(,...-
00018ad0: 4602 1f22 250a 7d88 0200 0402 114e 7da7  F.."%.}......N}.
00018ae0: 0200 0402 0d02 7c89 0200 0412 4e12 0328  ......|.....N..(
00018af0: d700 002b 00dd 1707 0000 027b a702 0004  ...+.......{....
00018b00: 134e 027c a702 0004 fe15 2a00 001b 0215  .N.|......*.....
00018b10: 250a 7d88 0200 0412 4e28 2d01 000a 2600  %.}.....N(-...&.
00018b20: 0000 0214 7d98 0200 042b 1602 7b8e 0200  ....}....+..{...
00018b30: 047b 0202 0004 72d2 1b00 706f f801 000a  .{....r...po....
00018b40: 0002 7b8d 0200 0472 4e27 0070 2824 0100  ..{....rN'.p($..
00018b50: 066f 2701 000a 134f 124f 2828 0100 0a2d  .o'....O.O((...-
00018b60: 4602 1f23 250a 7d88 0200 0402 114f 7da3  F..#%.}......O}.
00018b70: 0200 0402 0d02 7c89 0200 0412 4f12 0328  ......|.....O..(
00018b80: d200 002b 00dd 8706 0000 027b a302 0004  ...+.......{....
00018b90: 134f 027c a302 0004 fe15 ae00 0001 0215  .O.|............
00018ba0: 250a 7d88 0200 0412 4f28 2a01 000a 0000  %.}.....O(*.....
00018bb0: 027b 8e02 0004 7b02 0200 046f 3900 000a  .{....{....o9...
00018bc0: 1833 1702 7b8e 0200 047b 0202 0004 fe13  .3..{....{......
00018bd0: 7b55 0100 0a16 fe01 2b01 1602 7b8c 0200  {U......+...{...
00018be0: 045f 1350 1150 398e 0000 0000 027b 8d02  ._.P.P9......{..
00018bf0: 0004 72f4 1100 7028 5700 000a 7244 1200  ..r...p(W...rD..
00018c00: 7028 5700 000a 72bb 0300 7072 9c12 0070  p(W...r...pr...p
00018c10: 2857 0000 0a28 2501 0006 6f2b 0100 0a13  (W...(%...o+....
00018c20: 5112 5128 2c01 000a 2d46 021f 2425 0a7d  Q.Q(,...-F..$%.}
00018c30: 8802 0004 0211 517d a702 0004 020d 027c  ......Q}.......|
00018c40: 8902 0004 1251 1203 28d7 0000 2b00 ddbe  .....Q..(...+...
00018c50: 0500 0002 7ba7 0200 0413 5102 7ca7 0200  ....{.....Q.|...
00018c60: 04fe 152a 0000 1b02 1525 0a7d 8802 0004  ...*.....%.}....
00018c70: 1251 282d 0100 0a26 0002 7b8e 0200 047b  .Q(-...&..{....{
00018c80: 0202 0004 6f39 0000 0a2d 1702 7b8e 0200  ....o9...-..{...
00018c90: 047b 0202 0004 fe13 7b55 0100 0a16 fe01  .{......{U......
00018ca0: 2b01 1613 5211 5239 cb02 0000 0000 061f  +...R.R9........
00018cb0: 2559 4503 0000 0002 0000 0007 0000 000c  %YE.............
00018cc0: 0000 002b 0f38 7401 0000 3802 0200 0038  ...+.8t...8....8
00018cd0: 6702 0000 0002 72c0 1200 7028 5700 000a  g.....r...p(W...
00018ce0: 7da1 0200 0428 2a00 000a 1353 1153 39e8  }....(*....S.S9.
00018cf0: 0000 0000 2817 0000 0a6f 5701 000a 2d0a  ....(....oW...-.
00018d00: 1f0e 1628 5801 000a 2b01 1613 5411 542c  ...(X...+...T.T,
00018d10: 5002 1b8d 1600 0001 2516 7218 1300 7028  P.......%.r...p(
00018d20: 5700 000a 2859 0100 0a28 5a01 000a a225  W...(Y...(Z....%
00018d30: 1772 3213 0070 a225 1872 3613 0070 2857  .r2..p.%.r6..p(W
00018d40: 0000 0aa2 2519 7232 1300 70a2 251a 027b  ....%.r2..p.%..{
00018d50: a102 0004 a228 5b01 000a 7da1 0200 042b  .....([...}....+
00018d60: 7928 1700 000a 6f57 0100 0a17 2e0d 2817  y(....oW......(.
00018d70: 0000 0a6f 5701 000a 1a33 0a1f 0d16 2858  ...oW....3....(X
00018d80: 0100 0a2b 0116 1355 1155 2c4e 021b 8d16  ...+...U.U,N....
00018d90: 0000 0125 1672 1813 0070 2857 0000 0a28  ...%.r...p(W...(
00018da0: 5901 000a 285a 0100 0aa2 2517 7232 1300  Y...(Z....%.r2..
00018db0: 70a2 2518 7258 1300 7028 5700 000a a225  p.%.rX..p(W....%
00018dc0: 1972 3213 0070 a225 1a02 7ba1 0200 04a2  .r2..p.%..{.....
00018dd0: 285b 0100 0a7d a102 0004 0002 7b8d 0200  ([...}......{...
00018de0: 0472 f411 0070 2857 0000 0a02 7ba1 0200  .r...p(W....{...
00018df0: 0472 bb03 0070 7284 1300 7028 5700 000a  .r...pr...p(W...
00018e00: 2825 0100 066f 2b01 000a 1357 1257 282c  (%...o+....W.W(,
00018e10: 0100 0a2d 4602 1f25 250a 7d88 0200 0402  ...-F..%%.}.....
00018e20: 1157 7da7 0200 0402 0d02 7c89 0200 0412  .W}.......|.....
00018e30: 5712 0328 d700 002b 00dd d303 0000 027b  W..(...+.......{
00018e40: a702 0004 1357 027c a702 0004 fe15 2a00  .....W.|......*.
00018e50: 001b 0215 250a 7d88 0200 0402 1257 282d  ....%.}......W(-
00018e60: 0100 0a7d a202 0004 027b a202 0004 16fe  ...}.....{......
00018e70: 0113 5611 5639 e700 0000 0028 1700 000a  ..V.V9.....(....
00018e80: 6f57 0100 0a16 fe01 1358 1158 2c6a 72b4  oW.......X.X,jr.
00018e90: 1300 7028 5c01 000a 6f2b 0100 0a13 5912  ..p(\...o+....Y.
00018ea0: 5928 2c01 000a 2d46 021f 2625 0a7d 8802  Y(,...-F..&%.}..
00018eb0: 0004 0211 597d a702 0004 020d 027c 8902  ....Y}.......|..
00018ec0: 0004 1259 1203 28d7 0000 2b00 dd40 0300  ...Y..(...+..@..
00018ed0: 0002 7ba7 0200 0413 5902 7ca7 0200 04fe  ..{.....Y.|.....
00018ee0: 152a 0000 1b02 1525 0a7d 8802 0004 1259  .*.....%.}.....Y
00018ef0: 282d 0100 0a26 2b68 7220 1400 7028 5c01  (-...&+hr ..p(\.
00018f00: 000a 6f2b 0100 0a13 5a12 5a28 2c01 000a  ..o+....Z.Z(,...
00018f10: 2d46 021f 2725 0a7d 8802 0004 0211 5a7d  -F..'%.}......Z}
00018f20: a702 0004 020d 027c 8902 0004 125a 1203  .......|.....Z..
00018f30: 28d7 0000 2b00 ddd6 0200 0002 7ba7 0200  (...+.......{...
00018f40: 0413 5a02 7ca7 0200 04fe 152a 0000 1b02  ..Z.|......*....
00018f50: 1525 0a7d 8802 0004 125a 282d 0100 0a26  .%.}.....Z(-...&
00018f60: 0000 0214 7da1 0200 04de 0526 0000 de00  ....}......&....
00018f70: 285d 0100 0a00 0002 7b8e 0200 047b 0202  (]......{....{..
00018f80: 0004 6f39 0000 0a1a 40b5 0000 0028 1700  ..o9....@....(..
00018f90: 000a 6f5e 0100 0a39 a600 0000 2817 0000  ..o^...9....(...
00018fa0: 0a6f 5f01 000a 728e 1400 7028 6001 000a  .o_...r...p(`...
00018fb0: 2d16 2817 0000 0a6f 5f01 000a 729c 1400  -.(....o_...r...
00018fc0: 7028 6001 000a 2c7a 027b 8e02 0004 7b02  p(`...,z.{....{.
00018fd0: 0200 046f 6101 000a 192e 2602 7b8e 0200  ...oa.....&.{...
00018fe0: 047b 0202 0004 6f61 0100 0a1a 2e13 027b  .{....oa.......{
00018ff0: 8e02 0004 7b02 0200 046f 6101 000a 1b33  ....{....oa....3
00019000: 4102 7b8e 0200 047b 0202 0004 6f3a 0000  A.{....{....o:..
00019010: 0a6f 3b00 000a 7ee8 0100 0425 2d17 267e  .o;...~....%-.&~
00019020: e701 0004 fe06 8701 0006 733d 0000 0a25  ..........s=...%
00019030: 80e8 0100 0428 3d00 002b 18fe 0216 fe01  .....(=..+......
00019040: 2b01 1613 5b11 5b39 8000 0000 0002 7b8d  +...[.[9......{.
00019050: 0200 0472 ae14 0070 72d2 1400 7028 5700  ...r...pr...p(W.
00019060: 000a 72bb 0300 7014 2825 0100 066f 2b01  ..r...p.(%...o+.
00019070: 000a 135c 125c 282c 0100 0a2d 4602 1f28  ...\.\(,...-F..(
00019080: 250a 7d88 0200 0402 115c 7da7 0200 0402  %.}......\}.....
00019090: 0d02 7c89 0200 0412 5c12 0328 d700 002b  ..|.....\..(...+
000190a0: 00dd 6b01 0000 027b a702 0004 135c 027c  ..k....{.....\.|
000190b0: a702 0004 fe15 2a00 001b 0215 250a 7d88  ......*.....%.}.
000190c0: 0200 0412 5c28 2d01 000a 2600 027b 8e02  ....\(-...&..{..
000190d0: 0004 7b02 0200 047b 6301 000a 17fe 0128  ..{....{c......(
000190e0: 1700 000a 6f64 0100 0a72 0215 0070 6f65  ....od...r...poe
000190f0: 0100 0a5f 16fe 0113 5d11 5d2c 0717 0bdd  ..._....].],....
00019100: dc00 0000 027b 8d02 0004 720a 1500 7028  .....{....r...p(
00019110: 5700 000a 723c 1500 7028 5700 000a 2866  W...r<..p(W...(f
00019120: 0100 0a02 7b8e 0200 047b 0202 0004 6f61  ....{....{....oa
00019130: 0100 0a6f 6701 000a 285a 0100 0a72 bb03  ...og...(Z...r..
00019140: 0070 1428 2501 0006 6f2b 0100 0a13 5e12  .p.(%...o+....^.
00019150: 5e28 2c01 000a 2d46 021f 2925 0a7d 8802  ^(,...-F..)%.}..
00019160: 0004 0211 5e7d a702 0004 020d 027c 8902  ....^}.......|..
00019170: 0004 125e 1203 28d7 0000 2b00 dd90 0000  ...^..(...+.....
00019180: 0002 7ba7 0200 0413 5e02 7ca7 0200 04fe  ..{.....^.|.....
00019190: 152a 0000 1b02 1525 0a7d 8802 0004 125e  .*.....%.}.....^
000191a0: 282d 0100 0a26 170b de36 135f 021f fe7d  (-...&...6._...}
000191b0: 8802 0004 0214 7d8e 0200 0402 147d 8f02  ......}......}..
000191c0: 0004 0214 7d90 0200 0402 147d 9102 0004  ....}......}....
000191d0: 027c 8902 0004 115f 28fd 0100 0a00 de31  .|....._(......1
000191e0: 021f fe7d 8802 0004 0214 7d8e 0200 0402  ...}......}.....
000191f0: 147d 8f02 0004 0214 7d90 0200 0402 147d  .}......}......}
00019200: 9102 0004 027c 8902 0004 0728 fe01 000a  .....|.....(....
00019210: 002a 0000 417c 0000 0000 0000 e906 0000  .*..A|..........
00019220: 9200 0000 7b07 0000 1000 0000 1f00 0001  ....{...........
00019230: 0000 0000 c60b 0000 5201 0000 180d 0000  ........R.......
00019240: 0500 0000 1f00 0001 0000 0000 de0d 0000  ................
00019250: 2701 0000 050f 0000 0500 0000 1f00 0001  '...............
00019260: 0000 0000 2e1d 0000 bd02 0000 eb1f 0000  ................
00019270: 0500 0000 7b00 0001 0000 0000 0700 0000  ....{...........
00019280: 2322 0000 2a22 0000 3600 0000 1f00 0001  #"..*"..6.......
00019290: 1b30 0300 c100 0000 d800 0011 027b a902  .0...........{..
000192a0: 0004 0a06 2c02 2b02 2b5d 0028 1700 000a  ....,.+.+].(....
000192b0: 6f8c 0100 0a0b 072c 0400 002b 6f00 027b  o......,...+o..{
000192c0: ab02 0004 289a 0100 0a73 a101 000a 176f  ....(....s.....o
000192d0: a001 000a 6f27 0100 0a0c 1202 2828 0100  ....o'......((..
000192e0: 0a2d 4002 1625 0a7d a902 0004 0208 7dac  .-@..%.}......}.
000192f0: 0200 0402 0d02 7caa 0200 0412 0212 0328  ......|........(
00019300: d900 002b 00de 5502 7bac 0200 040c 027c  ...+..U.{......|
00019310: ac02 0004 fe15 ae00 0001 0215 250a 7da9  ............%.}.
00019320: 0200 0412 0228 2a01 000a 0000 de1a 1304  .....(*.........
00019330: 021f fe7d a902 0004 027c aa02 0004 1104  ...}.....|......
00019340: 2852 0100 0a00 de14 021f fe7d a902 0004  (R.........}....
00019350: 027c aa02 0004 2853 0100 0a00 2a00 0000  .|....(S....*...
00019360: 0110 0000 0000 0700 8b92 001a 1f00 0001  ................
00019370: 1b30 0300 ea00 0000 d900 0011 027b ad02  .0...........{..
00019380: 0004 0a06 2c02 2b02 2b77 0028 1b00 000a  ....,.+.+w.(....
00019390: 0c08 2c11 284d 0000 0a25 2d03 262b 066f  ..,.(M...%-.&+.o
000193a0: 4e00 000a 0002 7baf 0200 047b a801 0004  N.....{....{....
000193b0: 17fe 137d 5501 000a 027b af02 0004 7ba8  ...}U....{....{.
000193c0: 0100 0472 c81c 0070 6f0d 0200 0a6f 2701  ...r...po....o'.
000193d0: 000a 0d12 0328 2801 000a 2d41 0216 250a  .....((...-A..%.
000193e0: 7dad 0200 0402 097d b002 0004 0213 0402  }......}........
000193f0: 7cae 0200 0412 0312 0428 da00 002b 00de  |........(...+..
00019400: 6402 7bb0 0200 040d 027c b002 0004 fe15  d.{......|......
00019410: ae00 0001 0215 250a 7dad 0200 0412 0328  ......%.}......(
00019420: 2a01 000a 0016 280e 0200 0a00 285d 0100  *.....(.....(]..
00019430: 0a00 170b de1a 1305 021f fe7d ad02 0004  ...........}....
00019440: 027c ae02 0004 1105 28fd 0100 0a00 de15  .|......(.......
00019450: 021f fe7d ad02 0004 027c ae02 0004 0728  ...}.....|.....(
00019460: fe01 000a 002a 0000 0110 0000 0000 0700  .....*..........
00019470: b3ba 001a 1f00 0001 1b30 0800 4002 0000  .........0..@...
00019480: da00 0011 027b b102 0004 0a06 4503 0000  .....{......E...
00019490: 0002 0000 0007 0000 000c 0000 002b 0f38  .............+.8
000194a0: a400 0000 382f 0100 0038 b301 0000 0002  ....8/...8......
000194b0: 7bb7 0200 0418 8d7b 0000 0125 1672 ee27  {......{...%.r.'
000194c0: 0070 a225 171d 8d16 0000 0125 1602 7bb3  .p.%.......%..{.
000194d0: 0200 04a2 2517 7232 1300 70a2 2518 027b  ....%.r2..p.%..{
000194e0: b402 0004 a225 1972 3213 0070 a225 1a02  .....%.r2..p.%..
000194f0: 7bb5 0200 04a2 251b 72e2 1600 70a2 251c  {.....%.r...p.%.
00019500: 027b b602 0004 a228 5b01 000a a228 1901  .{.....([....(..
00019510: 0006 6f27 0100 0a0c 1202 2828 0100 0a2d  ..o'......((...-
00019520: 4302 1625 0a7d b102 0004 0208 7db9 0200  C..%.}......}...
00019530: 0402 0d02 7cb2 0200 0412 0212 0328 db00  ....|........(..
00019540: 002b 00dd 7b01 0000 027b b902 0004 0c02  .+..{....{......
00019550: 7cb9 0200 04fe 15ae 0000 0102 1525 0a7d  |............%.}
00019560: b102 0004 1202 282a 0100 0a00 027b b602  ......(*.....{..
00019570: 0004 14fe 0113 0411 0439 8600 0000 0028  .........9.....(
00019580: 2c00 000a 6f35 0200 0a02 7bb3 0200 0402  ,...o5....{.....
00019590: 7bb4 0200 0402 7bb5 0200 046f 6600 000a  {.....{....of...
000195a0: 6f27 0100 0a13 0512 0528 2801 000a 2d45  o'.......((...-E
000195b0: 0217 250a 7db1 0200 0402 1105 7db9 0200  ..%.}.......}...
000195c0: 0402 0d02 7cb2 0200 0412 0512 0328 db00  ....|........(..
000195d0: 002b 00dd eb00 0000 027b b902 0004 1305  .+.......{......
000195e0: 027c b902 0004 fe15 ae00 0001 0215 250a  .|............%.
000195f0: 7db1 0200 0412 0528 2a01 000a 0017 0bdd  }......(*.......
00019600: aa00 0000 0028 2c00 000a 6f35 0200 0a02  .....(,...o5....
00019610: 7bb3 0200 0402 7bb4 0200 0402 7bb5 0200  {.....{.....{...
00019620: 0402 7bb6 0200 046f 5601 000a 6f2b 0100  ..{....oV...o+..
00019630: 0a13 0612 0628 2c01 000a 2d42 0218 250a  .....(,...-B..%.
00019640: 7db1 0200 0402 1106 7dba 0200 0402 0d02  }.......}.......
00019650: 7cb2 0200 0412 0612 0328 dc00 002b 00de  |........(...+..
00019660: 6202 7bba 0200 0413 0602 7cba 0200 04fe  b.{.......|.....
00019670: 152a 0000 1b02 1525 0a7d b102 0004 0212  .*.....%.}......
00019680: 0628 2d01 000a 7db8 0200 0402 7bb8 0200  .(-...}.....{...
00019690: 040b de1a 1307 021f fe7d b102 0004 027c  .........}.....|
000196a0: b202 0004 1107 28fd 0100 0a00 de15 021f  ......(.........
000196b0: fe7d b102 0004 027c b202 0004 0728 fe01  .}.....|.....(..
000196c0: 000a 002a 411c 0000 0000 0000 0700 0000  ...*A...........
000196d0: 0902 0000 1002 0000 1a00 0000 1f00 0001  ................
000196e0: 1b30 0700 9906 0000 db00 0011 027b bb02  .0...........{..
000196f0: 0004 0a06 4507 0000 0002 0000 0007 0000  ....E...........
00019700: 000c 0000 0011 0000 0016 0000 001b 0000  ................
00019710: 0020 0000 002b 2338 b800 0000 38a1 0100  . ...+#8....8...
00019720: 0038 d501 0000 384e 0300 0038 1004 0000  .8....8N...8....
00019730: 38ea 0400 0038 e005 0000 0273 b701 0006  8....8.....s....
00019740: 7dbe 0200 0400 2817 0000 0a17 6f28 0300  }.....(.....o(..
00019750: 0a00 2817 0000 0a16 6f29 0300 0a00 0217  ..(.....o)......
00019760: 7dbf 0200 0402 7bbd 0200 047b a801 0004  }.....{....{....
00019770: 6f39 0000 0a1a 330f 282a 0300 0a6f 4900  o9....3.(*...oI.
00019780: 000a 16fe 012b 0116 0c08 2c6d 0002 7bbd  .....+....,m..{.
00019790: 0200 047b a801 0004 6f8b 0200 0a6f 2701  ...{....o....o'.
000197a0: 000a 0d12 0328 2801 000a 2d44 0216 250a  .....((...-D..%.
000197b0: 7dbb 0200 0402 097d cc02 0004 0213 0402  }......}........
000197c0: 7cbc 0200 0412 0312 0428 dd00 002b 00dd  |........(...+..
000197d0: b005 0000 027b cc02 0004 0d02 7ccc 0200  .....{......|...
000197e0: 04fe 15ae 0000 0102 1525 0a7d bb02 0004  .........%.}....
000197f0: 1203 282a 0100 0a00 0002 7bbe 0200 0473  ..(*......{....s
00019800: 2b03 000a 7d32 0200 0402 7bbe 0200 047b  +...}2....{....{
00019810: 3202 0004 6f2c 0300 0a16 fe01 1305 1105  2...o,..........
00019820: 392e 0400 0000 0272 fe27 0070 2857 0000  9......r.'.p(W..
00019830: 0a7d c002 0004 027e 5100 000a 6f2d 0300  .}.....~Q...o-..
00019840: 0a17 597d c102 0004 0202 7bc1 0200 0473  ..Y}......{....s
00019850: 2e03 000a 7dc2 0200 0402 7bbd 0200 0417  ....}.....{.....
00019860: 8d7b 0000 0125 1602 7bc0 0200 0416 8c93  .{...%..{.......
00019870: 0000 0102 7bc1 0200 048c 9300 0001 2888  ....{.........(.
00019880: 0100 0aa2 2819 0100 066f 2701 000a 1306  ....(....o'.....
00019890: 1206 2828 0100 0a2d 4602 1725 0a7d bb02  ..((...-F..%.}..
000198a0: 0004 0211 067d cc02 0004 0213 0402 7cbc  .....}........|.
000198b0: 0200 0412 0612 0428 dd00 002b 00dd c204  .......(...+....
000198c0: 0000 027b cc02 0004 1306 027c cc02 0004  ...{.......|....
000198d0: fe15 ae00 0001 0215 250a 7dbb 0200 0412  ........%.}.....
000198e0: 0628 2a01 000a 0002 167d c302 0004 38cf  .(*......}....8.
000198f0: 0100 0000 0216 7dc5 0200 0400 0618 2e02  ......}.........
00019900: 2b05 38aa 0000 0000 0273 2f03 000a 7dc6  +.8......s/...}.
00019910: 0200 0402 7bc2 0200 0402 7bc6 0200 046f  ....{.....{....o
00019920: 3003 000a 0002 7bc6 0200 047e 5100 000a  0.....{....~Q...
00019930: 027b c302 0004 1758 6f84 0200 0a6f 3103  .{.....Xo....o1.
00019940: 000a 0002 7bbd 0200 0417 8d7b 0000 0125  ....{......{...%
00019950: 1602 7bc0 0200 0402 7bc3 0200 048c 9300  ..{.....{.......
00019960: 0001 027b c102 0004 8c93 0000 0128 8801  ...{.........(..
00019970: 000a a228 1901 0006 6f27 0100 0a13 0712  ...(....o'......
00019980: 0728 2801 000a 2d46 0218 250a 7dbb 0200  .((...-F..%.}...
00019990: 0402 1107 7dcc 0200 0402 1304 027c bc02  ....}........|..
000199a0: 0004 1207 1204 28dd 0000 2b00 ddd3 0300  ......(...+.....
000199b0: 0002 7bcc 0200 0413 0702 7ccc 0200 04fe  ..{.......|.....
000199c0: 15ae 0000 0102 1525 0a7d bb02 0004 1207  .......%.}......
000199d0: 282a 0100 0a00 0002 147d c602 0004 de13  (*.......}......
000199e0: 1308 0211 087d c402 0004 0217 7dc5 0200  .....}......}...
000199f0: 04de 0002 7bc5 0200 0413 0911 0917 2e05  ....{...........
00019a00: 38a3 0000 0002 027b c402 0004 741f 0000  8......{....t...
00019a10: 017d c702 0004 0002 7bbd 0200 0417 8d7b  .}......{......{
00019a20: 0000 0125 1672 2c28 0070 027b c702 0004  ...%.r,(.p.{....
00019a30: 6fe0 0200 0a28 5202 000a a228 1a01 0006  o....(R....(....
00019a40: 6f27 0100 0a13 0a12 0a28 2801 000a 2d46  o'.......((...-F
00019a50: 0219 250a 7dbb 0200 0402 110a 7dcc 0200  ..%.}.......}...
00019a60: 0402 1304 027c bc02 0004 120a 1204 28dd  .....|........(.
00019a70: 0000 2b00 dd0b 0300 0002 7bcc 0200 0413  ..+.......{.....
00019a80: 0a02 7ccc 0200 04fe 15ae 0000 0102 1525  ..|............%
00019a90: 0a7d bb02 0004 120a 282a 0100 0a00 0002  .}......(*......
00019aa0: 147d c702 0004 2b00 0214 7dc4 0200 0400  .}....+...}.....
00019ab0: 027b c302 0004 1309 0211 0917 587d c302  .{..........X}..
00019ac0: 0004 027b c302 0004 027b c102 0004 fe04  ...{.....{......
00019ad0: 130b 110b 3a1a feff ff02 7bbd 0200 0417  ....:.....{.....
00019ae0: 8d7b 0000 0125 1672 4228 0070 027b c202  .{...%.rB(.p.{..
00019af0: 0004 6f32 0300 0a8c 9300 0001 285a 0100  ..o2........(Z..
00019b00: 0aa2 2819 0100 066f 2701 000a 130c 120c  ..(....o'.......
00019b10: 2828 0100 0a2d 4602 1a25 0a7d bb02 0004  ((...-F..%.}....
00019b20: 0211 0c7d cc02 0004 0213 0402 7cbc 0200  ...}........|...
00019b30: 0412 0c12 0428 dd00 002b 00dd 4402 0000  .....(...+..D...
00019b40: 027b cc02 0004 130c 027c cc02 0004 fe15  .{.......|......
00019b50: ae00 0001 0215 250a 7dbb 0200 0412 0c28  ......%.}......(
00019b60: 2a01 000a 0000 0202 7bc2 0200 046f 3303  *.......{....o3.
00019b70: 000a 7dc8 0200 042b 3102 027c c802 0004  ..}....+1..|....
00019b80: 2834 0300 0a7d c902 0004 0002 7bbe 0200  (4...}......{...
00019b90: 047b 3202 0004 027b c902 0004 6f35 0300  .{2....{....o5..
00019ba0: 0a00 0002 147d c902 0004 027c c802 0004  .....}.....|....
00019bb0: 2836 0300 0a2d c2de 1706 162f 1202 7cc8  (6...-...../..|.
00019bc0: 0200 04fe 1668 0000 1b6f 4500 000a 00dc  .....h...oE.....
00019bd0: 027c c802 0004 fe15 6800 001b 20f4 0100  .|......h... ...
00019be0: 0028 4201 000a 6f27 0100 0a13 0d12 0d28  .(B...o'.......(
00019bf0: 2801 000a 2d46 021b 250a 7dbb 0200 0402  (...-F..%.}.....
00019c00: 110d 7dcc 0200 0402 1304 027c bc02 0004  ..}........|....
00019c10: 120d 1204 28dd 0000 2b00 dd65 0100 0002  ....(...+..e....
00019c20: 7bcc 0200 0413 0d02 7ccc 0200 04fe 15ae  {.......|.......
00019c30: 0000 0102 1525 0a7d bb02 0004 120d 282a  .....%.}......(*
00019c40: 0100 0a00 0002 147d c002 0004 0214 7dc2  .......}......}.
00019c50: 0200 0400 0202 7bbe 0200 047b 3202 0004  ......{....{2...
00019c60: 6ffc 0200 0a7d ca02 0004 2b26 0202 7bca  o....}....+&..{.
00019c70: 0200 046f fd02 000a 7dcb 0200 0400 027b  ...o....}......{
00019c80: cb02 0004 6f37 0300 0a00 0002 147d cb02  ....o7.......}..
00019c90: 0004 027b ca02 0004 6f44 0000 0a2d cdde  ...{....oD...-..
00019ca0: 1906 162f 1402 7bca 0200 042c 0c02 7bca  .../..{....,..{.
00019cb0: 0200 046f 4500 000a 00dc 0214 7dca 0200  ...oE.......}...
00019cc0: 0402 7bbe 0200 04fe 06b8 0100 0673 8a02  ..{..........s..
00019cd0: 000a 8028 0000 0a28 4b00 000a 001f 0a28  ...(...(K......(
00019ce0: 4201 000a 6f27 0100 0a13 0e12 0e28 2801  B...o'.......((.
00019cf0: 000a 2d43 021c 250a 7dbb 0200 0402 110e  ..-C..%.}.......
00019d00: 7dcc 0200 0402 1304 027c bc02 0004 120e  }........|......
00019d10: 1204 28dd 0000 2b00 de6a 027b cc02 0004  ..(...+..j.{....
00019d20: 130e 027c cc02 0004 fe15 ae00 0001 0215  ...|............
00019d30: 250a 7dbb 0200 0412 0e28 2a01 000a 0072  %.}......(*....r
00019d40: 6a28 0070 0bde 2113 0f02 1ffe 7dbb 0200  j(.p..!.....}...
00019d50: 0402 147d be02 0004 027c bc02 0004 110f  ...}.....|......
00019d60: 288a 0100 0a00 de1c 021f fe7d bb02 0004  (..........}....
00019d70: 0214 7dbe 0200 0402 7cbc 0200 0407 288b  ..}.....|.....(.
00019d80: 0100 0a00 2a00 0000 4164 0000 0000 0000  ....*...Ad......
00019d90: 1002 0000 e400 0000 f402 0000 1300 0000  ................
00019da0: 1f00 0001 0200 0000 8b04 0000 4200 0000  ............B...
00019db0: cd04 0000 1700 0000 0000 0000 0200 0000  ................
00019dc0: 7e05 0000 3700 0000 b505 0000 1900 0000  ~...7...........
00019dd0: 0000 0000 0000 0000 0700 0000 5406 0000  ............T...
00019de0: 5b06 0000 2100 0000 1f00 0001 1b30 0600  [...!........0..
00019df0: 4b07 0000 dc00 0011 027b cd02 0004 0a06  K........{......
00019e00: 450d 0000 0002 0000 0007 0000 000c 0000  E...............
00019e10: 0011 0000 0016 0000 001b 0000 0020 0000  ............. ..
00019e20: 0025 0000 002a 0000 002f 0000 0034 0000  .%...*.../...4..
00019e30: 0039 0000 003e 0000 002b 4138 8c00 0000  .9...>...+A8....
00019e40: 3809 0100 0038 8101 0000 3865 0200 0038  8....8....8e...8
00019e50: c702 0000 3830 0300 0038 bd03 0000 3834  ....80...8....84
00019e60: 0400 0038 a804 0000 3817 0500 0038 9905  ...8....8....8..
00019e70: 0000 3802 0600 0038 7106 0000 0002 7bcf  ..8....8q.....{.
00019e80: 0200 0417 8d7b 0000 0125 1672 7428 0070  .....{...%.rt(.p
00019e90: a228 1901 0006 6f27 0100 0a0b 1201 2828  .(....o'......((
00019ea0: 0100 0a2d 4302 1625 0a7d cd02 0004 0207  ...-C..%.}......
00019eb0: 7dd0 0200 0402 0c02 7cce 0200 0412 0112  }.......|.......
00019ec0: 0228 de00 002b 00dd 7606 0000 027b d002  .(...+..v....{..
00019ed0: 0004 0b02 7cd0 0200 04fe 15ae 0000 0102  ....|...........
00019ee0: 1525 0a7d cd02 0004 1201 282a 0100 0a00  .%.}......(*....
00019ef0: 027b cf02 0004 178d 7b00 0001 2516 728e  .{......{...%.r.
00019f00: 2800 7028 1300 000a 8c1e 0000 0128 5a01  (.p(.........(Z.
00019f10: 000a a228 1901 0006 6f27 0100 0a0d 1203  ...(....o'......
00019f20: 2828 0100 0a2d 4302 1725 0a7d cd02 0004  ((...-C..%.}....
00019f30: 0209 7dd0 0200 0402 0c02 7cce 0200 0412  ..}.......|.....
00019f40: 0312 0228 de00 002b 00dd f405 0000 027b  ...(...+.......{
00019f50: d002 0004 0d02 7cd0 0200 04fe 15ae 0000  ......|.........
00019f60: 0102 1525 0a7d cd02 0004 1203 282a 0100  ...%.}......(*..
00019f70: 0a00 027b cf02 0004 188d 7b00 0001 2516  ...{......{...%.
00019f80: 72ac 2800 70a2 2517 2817 0000 0aa2 2819  r.(.p.%.(.....(.
00019f90: 0100 066f 2701 000a 1304 1204 2828 0100  ...o'.......((..
00019fa0: 0a2d 4502 1825 0a7d cd02 0004 0211 047d  .-E..%.}.......}
00019fb0: d002 0004 020c 027c ce02 0004 1204 1202  .......|........
00019fc0: 28de 0000 2b00 dd77 0500 0002 7bd0 0200  (...+..w....{...
00019fd0: 0413 0402 7cd0 0200 04fe 15ae 0000 0102  ....|...........
00019fe0: 1525 0a7d cd02 0004 1204 282a 0100 0a00  .%.}......(*....
00019ff0: 2817 0000 0a1f 0c6f 3803 000a 0028 1700  (......o8....(..
0001a000: 000a 176f 3903 000a 0028 1700 000a 176f  ...o9....(.....o
0001a010: 3a03 000a 0028 1700 000a 166f 3b03 000a  :....(.....o;...
0001a020: 0002 7bcf 0200 0473 3c03 000a 7da8 0100  ..{....s<...}...
0001a030: 0402 7bcf 0200 047b a801 0004 802f 0000  ..{....{...../..
0001a040: 0a02 7bcf 0200 047b a801 0004 027b cf02  ..{....{.....{..
0001a050: 0004 fe06 1801 0006 738e 0100 0a6f 9001  ........s....o..
0001a060: 000a 0002 7bcf 0200 0417 8d7b 0000 0125  ....{......{...%
0001a070: 1672 ca28 0070 a228 1901 0006 6f27 0100  .r.(.p.(....o'..
0001a080: 0a13 0512 0528 2801 000a 2d45 0219 250a  .....((...-E..%.
0001a090: 7dcd 0200 0402 1105 7dd0 0200 0402 0c02  }.......}.......
0001a0a0: 7cce 0200 0412 0512 0228 de00 002b 00dd  |........(...+..
0001a0b0: 8e04 0000 027b d002 0004 1305 027c d002  .....{.......|..
0001a0c0: 0004 fe15 ae00 0001 0215 250a 7dcd 0200  ..........%.}...
0001a0d0: 0412 0528 2a01 000a 0020 f401 0000 2842  ...(*.... ....(B
0001a0e0: 0100 0a6f 2701 000a 1306 1206 2828 0100  ...o'.......((..
0001a0f0: 0a2d 4502 1a25 0a7d cd02 0004 0211 067d  .-E..%.}.......}
0001a100: d002 0004 020c 027c ce02 0004 1206 1202  .......|........
0001a110: 28de 0000 2b00 dd27 0400 0002 7bd0 0200  (...+..'....{...
0001a120: 0413 0602 7cd0 0200 04fe 15ae 0000 0102  ....|...........
0001a130: 1525 0a7d cd02 0004 1206 282a 0100 0a00  .%.}......(*....
0001a140: 2844 0100 0a00 027b cf02 0004 2822 0100  (D.....{....("..
0001a150: 066f 2b01 000a 1307 1207 282c 0100 0a2d  .o+.......(,...-
0001a160: 4502 1b25 0a7d cd02 0004 0211 077d d102  E..%.}.......}..
0001a170: 0004 020c 027c ce02 0004 1207 1202 28df  .....|........(.
0001a180: 0000 2b00 ddb9 0300 0002 7bd1 0200 0413  ..+.......{.....
0001a190: 0702 7cd1 0200 04fe 152a 0000 1b02 1525  ..|......*.....%
0001a1a0: 0a7d cd02 0004 1207 282d 0100 0a26 027b  .}......(-...&.{
0001a1b0: cf02 0004 7ba8 0100 046f 3a00 000a 252d  ....{....o:...%-
0001a1c0: 0326 2b06 2845 0100 0a00 2846 0100 0a00  .&+.(E....(F....
0001a1d0: 2300 0000 0000 0014 4028 9801 000a 2899  #.......@(....(.
0001a1e0: 0100 0a6f 2701 000a 1308 1208 2828 0100  ...o'.......((..
0001a1f0: 0a2d 4502 1c25 0a7d cd02 0004 0211 087d  .-E..%.}.......}
0001a200: d002 0004 020c 027c ce02 0004 1208 1202  .......|........
0001a210: 28de 0000 2b00 dd27 0300 0002 7bd0 0200  (...+..'....{...
0001a220: 0413 0802 7cd0 0200 04fe 15ae 0000 0102  ....|...........
0001a230: 1525 0a7d cd02 0004 1208 282a 0100 0a00  .%.}......(*....
0001a240: 282e 0100 0a00 027b cf02 0004 178d 7b00  (......{......{.
0001a250: 0001 2516 7228 2900 70a2 2819 0100 066f  ..%.r().p.(....o
0001a260: 2701 000a 1309 1209 2828 0100 0a2d 4502  '.......((...-E.
0001a270: 1d25 0a7d cd02 0004 0211 097d d002 0004  .%.}.......}....
0001a280: 020c 027c ce02 0004 1209 1202 28de 0000  ...|........(...
0001a290: 2b00 ddab 0200 0002 7bd0 0200 0413 0902  +.......{.......
0001a2a0: 7cd0 0200 04fe 15ae 0000 0102 1525 0a7d  |............%.}
0001a2b0: cd02 0004 1209 282a 0100 0a00 2817 0000  ......(*....(...
0001a2c0: 0a6f 9301 000a 130a 110a 2c6a 0002 7bcf  .o........,j..{.
0001a2d0: 0200 0428 1701 0006 6f27 0100 0a13 0b12  ...(....o'......
0001a2e0: 0b28 2801 000a 2d45 021e 250a 7dcd 0200  .((...-E..%.}...
0001a2f0: 0402 110b 7dd0 0200 0402 0c02 7cce 0200  ....}.......|...
0001a300: 0412 0b12 0228 de00 002b 00dd 3202 0000  .....(...+..2...
0001a310: 027b d002 0004 130b 027c d002 0004 fe15  .{.......|......
0001a320: ae00 0001 0215 250a 7dcd 0200 0412 0b28  ......%.}......(
0001a330: 2a01 000a 0000 2817 0000 0a6f 5001 000a  *.....(....oP...
0001a340: 130c 110c 2c63 2851 0100 0a6f 2701 000a  ....,c(Q...o'...
0001a350: 130d 120d 2828 0100 0a2d 4602 1f09 250a  ....((...-F...%.
0001a360: 7dcd 0200 0402 110d 7dd0 0200 0402 0c02  }.......}.......
0001a370: 7cce 0200 0412 0d12 0228 de00 002b 00dd  |........(...+..
0001a380: be01 0000 027b d002 0004 130d 027c d002  .....{.......|..
0001a390: 0004 fe15 ae00 0001 0215 250a 7dcd 0200  ..........%.}...
0001a3a0: 0412 0d28 2a01 000a 0002 7bcf 0200 0473  ...(*.....{....s
0001a3b0: 3d03 000a 7dab 0100 0402 7bcf 0200 0417  =...}.....{.....
0001a3c0: 8d7b 0000 0125 1672 8429 0070 a228 1901  .{...%.r.).p.(..
0001a3d0: 0006 6f27 0100 0a13 0e12 0e28 2801 000a  ..o'.......((...
0001a3e0: 2d46 021f 0a25 0a7d cd02 0004 0211 0e7d  -F...%.}.......}
0001a3f0: d002 0004 020c 027c ce02 0004 120e 1202  .......|........
0001a400: 28de 0000 2b00 dd37 0100 0002 7bd0 0200  (...+..7....{...
0001a410: 0413 0e02 7cd0 0200 04fe 15ae 0000 0102  ....|...........
0001a420: 1525 0a7d cd02 0004 120e 282a 0100 0a00  .%.}......(*....
0001a430: 027b cf02 0004 7bab 0100 046f 3e03 000a  .{....{....o>...
0001a440: 6f27 0100 0a13 0f12 0f28 2801 000a 2d46  o'.......((...-F
0001a450: 021f 0b25 0a7d cd02 0004 0211 0f7d d002  ...%.}.......}..
0001a460: 0004 020c 027c ce02 0004 120f 1202 28de  .....|........(.
0001a470: 0000 2b00 ddc9 0000 0002 7bd0 0200 0413  ..+.......{.....
0001a480: 0f02 7cd0 0200 04fe 15ae 0000 0102 1525  ..|............%
0001a490: 0a7d cd02 0004 120f 282a 0100 0a00 027b  .}......(*.....{
0001a4a0: cf02 0004 178d 7b00 0001 2516 72a6 2900  ......{...%.r.).
0001a4b0: 70a2 2819 0100 066f 2701 000a 1310 1210  p.(....o'.......
0001a4c0: 2828 0100 0a2d 4302 1f0c 250a 7dcd 0200  ((...-C...%.}...
0001a4d0: 0402 1110 7dd0 0200 0402 0c02 7cce 0200  ....}.......|...
0001a4e0: 0412 1012 0228 de00 002b 00de 5502 7bd0  .....(...+..U.{.
0001a4f0: 0200 0413 1002 7cd0 0200 04fe 15ae 0000  ......|.........
0001a500: 0102 1525 0a7d cd02 0004 1210 282a 0100  ...%.}......(*..
0001a510: 0a00 de1a 1311 021f fe7d cd02 0004 027c  .........}.....|
0001a520: ce02 0004 1111 2821 0100 0a00 de14 021f  ......(!........
0001a530: fe7d cd02 0004 027c ce02 0004 2822 0100  .}.....|....("..
0001a540: 0a00 2a00 411c 0000 0000 0000 0700 0000  ..*.A...........
0001a550: 1507 0000 1c07 0000 1a00 0000 1f00 0001  ................
0001a560: 1b30 0600 7202 0000 dd00 0011 027b d202  .0..r........{..
0001a570: 0004 0a06 2c02 2b05 3837 0100 0000 0273  ....,.+.87.....s
0001a580: 8e02 000a 7dd6 0200 0402 027b d402 0004  ....}......{....
0001a590: 2880 0200 0a7d d702 0004 0273 1603 000a  (....}.....s....
0001a5a0: 7dd8 0200 0400 0202 7bd7 0200 046f 8102  }.......{....o..
0001a5b0: 000a 7ddb 0200 042b 5402 027b db02 0004  ..}....+T..{....
0001a5c0: 6f82 0200 0a7d dc02 0004 0002 027b d602  o....}.......{..
0001a5d0: 0004 6f90 0200 0a02 7bdc 0200 0428 8302  ..o.....{....(..
0001a5e0: 000a 6fa6 0200 0a7d dd02 0004 027b d802  ..o....}.....{..
0001a5f0: 0004 027b dd02 0004 6f17 0300 0a00 0002  ...{....o.......
0001a600: 147d dd02 0004 0214 7ddc 0200 0402 7bdb  .}......}.....{.
0001a610: 0200 046f 4400 000a 2d9f de19 0616 2f14  ...oD...-...../.
0001a620: 027b db02 0004 2c0c 027b db02 0004 6f45  .{....,..{....oE
0001a630: 0000 0a00 dc02 147d db02 0004 0202 7bd6  .......}......{.
0001a640: 0200 046f 8c00 000a 72d6 2900 701f 246f  ...o....r.).p.$o
0001a650: 1803 000a 7dd9 0200 0402 7bd9 0200 0402  ....}.....{.....
0001a660: 7bd6 0200 0417 8d7b 0000 0125 1602 7bd8  {......{...%..{.
0001a670: 0200 04a2 6ff4 0200 0a74 1d00 0001 6f27  ....o....t....o'
0001a680: 0100 0a0c 1202 2828 0100 0a2d 4302 1625  ......((...-C..%
0001a690: 0a7d d202 0004 0208 7de0 0200 0402 0d02  .}......}.......
0001a6a0: 7cd3 0200 0412 0212 0328 e000 002b 00dd  |........(...+..
0001a6b0: 2901 0000 027b e002 0004 0c02 7ce0 0200  )....{......|...
0001a6c0: 04fe 15ae 0000 0102 1525 0a7d d202 0004  .........%.}....
0001a6d0: 1202 282a 0100 0a00 0273 3f03 000a 7dda  ..(*.....s?...}.
0001a6e0: 0200 0400 0202 7bd8 0200 046f 4003 000a  ......{....o@...
0001a6f0: 7dde 0200 042b 3102 027c de02 0004 2841  }....+1..|....(A
0001a700: 0300 0a7d df02 0004 0002 7bda 0200 0402  ...}......{.....
0001a710: 7bdf 0200 046f 4203 000a 6f43 0300 0a00  {....oB...oC....
0001a720: 0002 147d df02 0004 027c de02 0004 2844  ...}.....|....(D
0001a730: 0300 0a2d c2de 1706 162f 1202 7cde 0200  ...-...../..|...
0001a740: 04fe 166a 0000 1b6f 4500 000a 00dc 027c  ...j...oE......|
0001a750: de02 0004 fe15 6a00 001b 027b da02 0004  ......j....{....
0001a760: 287f 0200 0a0b de3d 1304 021f fe7d d202  (......=.....}..
0001a770: 0004 0214 7dd6 0200 0402 147d d702 0004  ....}......}....
0001a780: 0214 7dd8 0200 0402 147d d902 0004 0214  ..}......}......
0001a790: 7dda 0200 0402 7cd3 0200 0411 0428 8a01  }.....|......(..
0001a7a0: 000a 00de 3802 1ffe 7dd2 0200 0402 147d  ....8...}......}
0001a7b0: d602 0004 0214 7dd7 0200 0402 147d d802  ......}......}..
0001a7c0: 0004 0214 7dd9 0200 0402 147d da02 0004  ....}......}....
0001a7d0: 027c d302 0004 0728 8b01 000a 002a 0000  .|.....(.....*..
0001a7e0: 414c 0000 0200 0000 4b00 0000 6500 0000  AL......K...e...
0001a7f0: b000 0000 1900 0000 0000 0000 0200 0000  ................
0001a800: 8901 0000 4200 0000 cb01 0000 1700 0000  ....B...........
0001a810: 0000 0000 0000 0000 0700 0000 f501 0000  ................
0001a820: fc01 0000 3d00 0000 1f00 0001 1b30 0600  ....=........0..
0001a830: 6b02 0000 de00 0011 027b e102 0004 0a06  k........{......
0001a840: 2c02 2b05 3824 0100 0000 0273 8e02 000a  ,.+.8$.....s....
0001a850: 7de5 0200 0402 027b e302 0004 2880 0200  }......{....(...
0001a860: 0a7d e602 0004 0273 1603 000a 7de7 0200  .}.....s....}...
0001a870: 0400 0202 7be6 0200 046f 8102 000a 7dea  ....{....o....}.
0001a880: 0200 042b 4102 027b ea02 0004 6f82 0200  ...+A..{....o...
0001a890: 0a7d eb02 0004 0002 7be7 0200 0402 7be5  .}......{.....{.
0001a8a0: 0200 046f 9002 000a 027b eb02 0004 2883  ...o.....{....(.
0001a8b0: 0200 0a6f a602 000a 6f17 0300 0a00 0002  ...o....o.......
0001a8c0: 147d eb02 0004 027b ea02 0004 6f44 0000  .}.....{....oD..
0001a8d0: 0a2d b2de 1906 162f 1402 7bea 0200 042c  .-...../..{....,
0001a8e0: 0c02 7bea 0200 046f 4500 000a 00dc 0214  ..{....oE.......
0001a8f0: 7dea 0200 0402 027b e502 0004 6f8c 0000  }......{....o...
0001a900: 0a72 e629 0070 1f24 6f18 0300 0a7d e802  .r.).p.$o....}..
0001a910: 0004 027b e802 0004 027b e502 0004 178d  ...{.....{......
0001a920: 7b00 0001 2516 027b e702 0004 a26f f402  {...%..{.....o..
0001a930: 000a 741d 0000 016f 2701 000a 0c12 0228  ..t....o'......(
0001a940: 2801 000a 2d43 0216 250a 7de1 0200 0402  (...-C..%.}.....
0001a950: 087d ee02 0004 020d 027c e202 0004 1202  .}.......|......
0001a960: 1203 28e1 0000 2b00 dd35 0100 0002 7bee  ..(...+..5....{.
0001a970: 0200 040c 027c ee02 0004 fe15 ae00 0001  .....|..........
0001a980: 0215 250a 7de1 0200 0412 0228 2a01 000a  ..%.}......(*...
0001a990: 0002 738f 0200 0a7d e902 0004 0002 027b  ..s....}.......{
0001a9a0: e502 0004 6f45 0300 0a6f 4603 000a 6f47  ....oE...oF...oG
0001a9b0: 0300 0a7d ec02 0004 2b36 0202 7bec 0200  ...}....+6..{...
0001a9c0: 046f 4803 000a 7ded 0200 0400 027b e902  .oH...}......{..
0001a9d0: 0004 027b ed02 0004 6f49 0300 0a28 9502  ...{....oI...(..
0001a9e0: 000a 6f9e 0200 0a00 0002 147d ed02 0004  ..o........}....
0001a9f0: 027b ec02 0004 6f44 0000 0a2d bdde 1906  .{....oD...-....
0001aa00: 162f 1402 7bec 0200 042c 0c02 7bec 0200  ./..{....,..{...
0001aa10: 046f 4500 000a 00dc 0214 7dec 0200 0402  .oE.......}.....
0001aa20: 7be9 0200 046f 9f02 000a 0bde 3d13 0402  {....o......=...
0001aa30: 1ffe 7de1 0200 0402 147d e502 0004 0214  ..}......}......
0001aa40: 7de6 0200 0402 147d e702 0004 0214 7de8  }......}......}.
0001aa50: 0200 0402 147d e902 0004 027c e202 0004  .....}.....|....
0001aa60: 1104 288a 0100 0a00 de38 021f fe7d e102  ..(......8...}..
0001aa70: 0004 0214 7de5 0200 0402 147d e602 0004  ....}......}....
0001aa80: 0214 7de7 0200 0402 147d e802 0004 0214  ..}......}......
0001aa90: 7de9 0200 0402 7ce2 0200 0407 288b 0100  }.....|.....(...
0001aaa0: 0a00 2a00 414c 0000 0200 0000 4b00 0000  ..*.AL......K...
0001aab0: 5200 0000 9d00 0000 1900 0000 0000 0000  R...............
0001aac0: 0200 0000 8001 0000 4700 0000 c701 0000  ........G.......
0001aad0: 1900 0000 0000 0000 0000 0000 0700 0000  ................
0001aae0: ee01 0000 f501 0000 3d00 0000 1f00 0001  ........=.......
0001aaf0: 1b30 0300 1901 0000 df00 0011 027b ef02  .0...........{..
0001ab00: 0004 0a06 2c02 2b02 2b6a 0002 027b f202  ....,.+.+j...{..
0001ab10: 0004 7ba8 0100 0473 4a03 000a 7df3 0200  ..{....sJ...}...
0001ab20: 0402 7bf3 0200 0402 7bf1 0200 046f 4b03  ..{.....{....oK.
0001ab30: 000a 0002 7bf3 0200 046f 4c03 000a 6fbd  ....{....oL...o.
0001ab40: 0100 0a0c 1202 28be 0100 0a2d 4302 1625  ......(....-C..%
0001ab50: 0a7d ef02 0004 0208 7df6 0200 0402 0d02  .}......}.......
0001ab60: 7cf0 0200 0412 0212 0328 e200 002b 00dd  |........(...+..
0001ab70: a000 0000 027b f602 0004 0c02 7cf6 0200  .....{......|...
0001ab80: 04fe 1534 0000 1b02 1525 0a7d ef02 0004  ...4.....%.}....
0001ab90: 0212 0228 bf01 000a 7df5 0200 0402 027b  ...(....}......{
0001aba0: f502 0004 7df4 0200 0402 147d f502 0004  ....}......}....
0001abb0: 284b 0000 0a00 027b f302 0004 6f4d 0300  (K.....{....oM..
0001abc0: 0a28 7f02 000a 0bde 2813 0402 1ffe 7def  .(......(.....}.
0001abd0: 0200 0402 147d f302 0004 0214 7df4 0200  .....}......}...
0001abe0: 0402 7cf0 0200 0411 0428 8a01 000a 00de  ..|......(......
0001abf0: 2302 1ffe 7def 0200 0402 147d f302 0004  #...}......}....
0001ac00: 0214 7df4 0200 0402 7cf0 0200 0407 288b  ..}.....|.....(.
0001ac10: 0100 0a00 2a00 0000 0110 0000 0000 0700  ....*...........
0001ac20: c6cd 0028 1f00 0001 1b30 0500 b700 0000  ...(.....0......
0001ac30: e000 0011 027b f702 0004 0a06 2c02 2b02  .....{......,.+.
0001ac40: 2b56 0002 7bfa 0200 0418 8d7b 0000 0125  +V..{......{...%
0001ac50: 1672 fe29 0070 a225 1702 7bf9 0200 04a2  .r.).p.%..{.....
0001ac60: 2819 0100 066f 2701 000a 0b12 0128 2801  (....o'......((.
0001ac70: 000a 2d40 0216 250a 7df7 0200 0402 077d  ..-@..%.}......}
0001ac80: fb02 0004 020c 027c f802 0004 1201 1202  .......|........
0001ac90: 28e3 0000 2b00 de52 027b fb02 0004 0b02  (...+..R.{......
0001aca0: 7cfb 0200 04fe 15ae 0000 0102 1525 0a7d  |............%.}
0001acb0: f702 0004 1201 282a 0100 0a00 de18 0d02  ......(*........
0001acc0: 1ffe 7df7 0200 0402 7cf8 0200 0409 2852  ..}.....|.....(R
0001acd0: 0100 0a00 de14 021f fe7d f702 0004 027c  .........}.....|
0001ace0: f802 0004 2853 0100 0a00 2a00 0110 0000  ....(S....*.....
0001acf0: 0000 0700 838a 0018 1f00 0001 1b30 0600  .............0..
0001ad00: 5001 0000 e100 0011 027b fc02 0004 0a06  P........{......
0001ad10: 2c02 2b05 38db 0000 0000 027b 0103 0004  ,.+.8......{....
0001ad20: 7ba9 0100 0402 7bfe 0200 0428 4e03 000a  {.....{....(N...
0001ad30: 027c 0203 0004 6f4f 0300 0a0b 072c 4000  .|....oO.....,@.
0001ad40: 027b ff02 0004 0c08 2c16 0002 7b02 0300  .{......,...{...
0001ad50: 0402 7b00 0300 046f 5003 000a 0000 2b19  ..{....oP.....+.
0001ad60: 0002 7b02 0300 0402 7b00 0300 0473 1502  ..{.....{....s..
0001ad70: 0006 6f51 0300 0a00 0000 389a 0000 0000  ..oQ......8.....
0001ad80: 027b 0103 0004 198d 7b00 0001 2516 7214  .{......{...%.r.
0001ad90: 2a00 7002 7cfe 0200 0428 5203 000a 2852  *.p.|....(R...(R
0001ada0: 0200 0aa2 2517 027b ff02 0004 8c82 0000  ....%..{........
0001adb0: 01a2 2518 027b 0003 0004 a228 1b01 0006  ..%..{.....(....
0001adc0: 6f27 0100 0a0d 1203 2828 0100 0a2d 4102  o'......((...-A.
0001add0: 1625 0a7d fc02 0004 0209 7d03 0300 0402  .%.}......}.....
0001ade0: 1304 027c fd02 0004 1203 1204 28e4 0000  ...|........(...
0001adf0: 2b00 de63 027b 0303 0004 0d02 7c03 0300  +..c.{......|...
0001ae00: 04fe 15ae 0000 0102 1525 0a7d fc02 0004  .........%.}....
0001ae10: 1203 282a 0100 0a00 00de 2113 0502 1ffe  ..(*......!.....
0001ae20: 7dfc 0200 0402 147d 0203 0004 027c fd02  }......}.....|..
0001ae30: 0004 1105 2852 0100 0a00 de1b 021f fe7d  ....(R.........}
0001ae40: fc02 0004 0214 7d02 0300 0402 7cfd 0200  ......}.....|...
0001ae50: 0428 5301 000a 002a 411c 0000 0000 0000  .(S....*A.......
0001ae60: 0700 0000 0c01 0000 1301 0000 2100 0000  ............!...
0001ae70: 1f00 0001 1b30 0300 0601 0000 e200 0011  .....0..........
0001ae80: 027b 0403 0004 0a06 2c02 2b05 389c 0000  .{......,.+.8...
0001ae90: 0000 2817 0000 0a6f f901 000a 16fe 010c  ..(....o........
0001aea0: 082c 0800 160b ddc5 0000 0002 7b06 0300  .,..........{...
0001aeb0: 047b a801 0004 6f39 0000 0a1a 3322 027b  .{....o9....3".{
0001aec0: 0603 0004 7ba8 0100 046f 6101 000a 1932  ....{....oa....2
0001aed0: 0f28 1700 000a 6ffa 0100 0a16 fe01 2b01  .(....o.......+.
0001aee0: 170d 092c 0716 0bdd 8400 0000 289f 0000  ...,........(...
0001aef0: 0a16 6ffb 0100 0a6f 2701 000a 1304 1204  ..o....o'.......
0001af00: 2828 0100 0a2d 4302 1625 0a7d 0403 0004  ((...-C..%.}....
0001af10: 0211 047d 0703 0004 0213 0502 7c05 0300  ...}........|...
0001af20: 0412 0412 0528 e500 002b 00de 5802 7b07  .....(...+..X.{.
0001af30: 0300 0413 0402 7c07 0300 04fe 15ae 0000  ......|.........
0001af40: 0102 1525 0a7d 0403 0004 1204 282a 0100  ...%.}......(*..
0001af50: 0a00 170b de1a 1306 021f fe7d 0403 0004  ...........}....
0001af60: 027c 0503 0004 1106 28fd 0100 0a00 de15  .|......(.......
0001af70: 021f fe7d 0403 0004 027c 0503 0004 0728  ...}.....|.....(
0001af80: fe01 000a 002a 0000 0110 0000 0000 0700  .....*..........
0001af90: cfd6 001a 1f00 0001 1b30 0400 ba00 0000  .........0......
0001afa0: e300 0011 027b 0803 0004 0a06 2c02 2b02  .....{......,.+.
0001afb0: 2b59 0002 7b0b 0300 0472 4e2a 0070 027b  +Y..{....rN*.p.{
0001afc0: 0a03 0004 287f 0200 0a72 9e24 0070 286d  ....(....r.$.p(m
0001afd0: 0100 0a28 dc02 000a 6fbd 0100 0a0b 1201  ...(....o.......
0001afe0: 28be 0100 0a2d 4002 1625 0a7d 0803 0004  (....-@..%.}....
0001aff0: 0207 7d0c 0300 0402 0c02 7c09 0300 0412  ..}.......|.....
0001b000: 0112 0228 e600 002b 00de 5202 7b0c 0300  ...(...+..R.{...
0001b010: 040b 027c 0c03 0004 fe15 3400 001b 0215  ...|......4.....
0001b020: 250a 7d08 0300 0412 0128 bf01 000a 26de  %.}......(....&.
0001b030: 180d 021f fe7d 0803 0004 027c 0903 0004  .....}.....|....
0001b040: 0928 5201 000a 00de 1402 1ffe 7d08 0300  .(R.........}...
0001b050: 0402 7c09 0300 0428 5301 000a 002a 0000  ..|....(S....*..
0001b060: 0110 0000 0000 0700 868d 0018 1f00 0001  ................
0001b070: 1b30 0400 ba00 0000 e400 0011 027b 0d03  .0...........{..
0001b080: 0004 0a06 2c02 2b02 2b59 0002 7b10 0300  ....,.+.+Y..{...
0001b090: 0472 722a 0070 027b 0f03 0004 287f 0200  .rr*.p.{....(...
0001b0a0: 0a72 9e24 0070 286d 0100 0a28 dc02 000a  .r.$.p(m...(....
0001b0b0: 6fbd 0100 0a0b 1201 28be 0100 0a2d 4002  o.......(....-@.
0001b0c0: 1625 0a7d 0d03 0004 0207 7d11 0300 0402  .%.}......}.....
0001b0d0: 0c02 7c0e 0300 0412 0112 0228 e700 002b  ..|........(...+
0001b0e0: 00de 5202 7b11 0300 040b 027c 1103 0004  ..R.{......|....
0001b0f0: fe15 3400 001b 0215 250a 7d0d 0300 0412  ..4.....%.}.....
0001b100: 0128 bf01 000a 26de 180d 021f fe7d 0d03  .(....&......}..
0001b110: 0004 027c 0e03 0004 0928 5201 000a 00de  ...|.....(R.....
0001b120: 1402 1ffe 7d0d 0300 0402 7c0e 0300 0428  ....}.....|....(
0001b130: 5301 000a 002a 0000 0110 0000 0000 0700  S....*..........
0001b140: 868d 0018 1f00 0001 1b30 0400 ba00 0000  .........0......
0001b150: e500 0011 027b 1203 0004 0a06 2c02 2b02  .....{......,.+.
0001b160: 2b59 0002 7b15 0300 0472 922a 0070 027b  +Y..{....r.*.p.{
0001b170: 1403 0004 287f 0200 0a72 9e24 0070 286d  ....(....r.$.p(m
0001b180: 0100 0a28 dc02 000a 6fbd 0100 0a0b 1201  ...(....o.......
0001b190: 28be 0100 0a2d 4002 1625 0a7d 1203 0004  (....-@..%.}....
0001b1a0: 0207 7d16 0300 0402 0c02 7c13 0300 0412  ..}.......|.....
0001b1b0: 0112 0228 e800 002b 00de 5202 7b16 0300  ...(...+..R.{...
0001b1c0: 040b 027c 1603 0004 fe15 3400 001b 0215  ...|......4.....
0001b1d0: 250a 7d12 0300 0412 0128 bf01 000a 26de  %.}......(....&.
0001b1e0: 180d 021f fe7d 1203 0004 027c 1303 0004  .....}.....|....
0001b1f0: 0928 5201 000a 00de 1402 1ffe 7d12 0300  .(R.........}...
0001b200: 0402 7c13 0300 0428 5301 000a 002a 0000  ..|....(S....*..
0001b210: 0110 0000 0000 0700 868d 0018 1f00 0001  ................
0001b220: 4e02 72b4 2a00 7003 285a 0100 0a28 1903  N.r.*.p.(Z...(..
0001b230: 000a 002a 4253 4a42 0100 0100 0000 0000  ...*BSJB........
0001b240: 0c00 0000 7634 2e30 2e33 3033 3139 0000  ....v4.0.30319..
0001b250: 0000 0500 6c00 0000 cc72 0000 237e 0000  ....l....r..#~..
0001b260: 3873 0000 445c 0000 2353 7472 696e 6773  8s..D\..#Strings
0001b270: 0000 0000 7ccf 0000 bc2a 0000 2355 5300  ....|....*..#US.
0001b280: 38fa 0000 1000 0000 2347 5549 4400 0000  8.......#GUID...
0001b290: 48fa 0000 3841 0000 2342 6c6f 6200 0000  H...8A..#Blob...
0001b2a0: 0000 0000 0200 000a 571f a20b 091e 0000  ........W.......
0001b2b0: 00fa 0133 0016 c400 0100 0000 5201 0000  ...3........R...
0001b2c0: 8100 0000 1603 0000 1502 0000 f500 0000  ................
0001b2d0: 5b00 0000 5e03 0000 0400 0000 c201 0000  [...^...........
0001b2e0: e500 0000 0100 0000 0100 0000 0200 0000  ................
0001b2f0: b600 0000 6c00 0000 0100 0000 0a00 0000  ....l...........
0001b300: 7800 0000 0900 0000 e800 0000 0200 0000  x...............
0001b310: 0000 803d 0100 0000 0000 0600 ad38 403e  ...=.........8@>
0001b320: 0600 9136 1c4c 0600 c336 403e 0600 6352  ...6.L...6@>..cR
0001b330: 403e 0e00 0f30 d74e 0e00 0c3e d74e 0600  @>...0.N...>.N..
0001b340: ac36 e746 0e00 e12b d74e 0e00 843c d74e  .6.F...+.N...<.N
0001b350: 0e00 bb46 d74e 1200 ba33 e54e 0e00 fe56  ...F.N...3.N...V
0001b360: d74e 0e00 9442 d74e 1200 6e57 e54e 0600  .N...B.N..nW.N..
0001b370: ef36 564b 0600 0636 564b 0600 ab40 403e  .6VK...6VK...@@>
0001b380: 0e00 e345 d74e 1200 ca43 e54e 0e00 0740  ...E.N...C.N...@
0001b390: d74e 0e00 6258 d74e 0600 063b 403e 0600  .N..bX.N...;@>..
0001b3a0: 7f45 1c4c 0600 b14d 403e 0600 2137 1c4c  .E.L...M@>..!7.L
0001b3b0: 0600 8b34 403e 0600 3c37 564b 0600 9645  ...4@>..<7VK...E
0001b3c0: 1c4c 0600 543c e14d 1200 7452 6b51 0600  .L..T<.M..tRkQ..
0001b3d0: 2b42 403e 1200 5947 6b51 0600 083c 403e  +B@>..YGkQ...<@>
0001b3e0: 0600 212c 403e 0e00 932c d74e 1200 204d  ..!,@>...,.N.. M
0001b3f0: 004d 0e00 3755 d74e 1600 4243 f84d 1600  .M..7U.N..BC.M..
0001b400: 0758 f84d 1600 9840 f84d 0e00 2f41 d74e  .X.M...@.M../A.N
0001b410: 0e00 910a d74e 0e00 af41 d74e 0e00 dd3b  .....N...A.N...;
0001b420: d74e 0e00 ce53 d74e 0e00 4f4a d74e 0600  .N...S.N..OJ.N..
0001b430: de0a 471e 1200 1e1c df1c 1200 b044 ed50  ..G..........D.P
0001b440: 1200 c935 ed50 1200 621e ed50 1200 704c  ...5.P..b..P..pL
0001b450: ed50 1200 db44 040c d700 584c 0000 0e00  .P...D....XL....
0001b460: 5a2d d74e 0e00 2554 d74e 1200 0044 e54e  Z-.N..%T.N...D.N
0001b470: 0e00 8e30 d74e 0600 f80a 471e 0600 6c0a  ...0.N....G...l.
0001b480: 471e 1200 7155 3542 1200 6c53 040c 1200  G...qU5B..lS....
0001b490: 061e 040c 0600 050b 471e 1200 241c df1c  ........G...$...
0001b4a0: 0600 140a 471e 0600 6c0f 403e 0600 4531  ....G...l.@>..E1
0001b4b0: df43 0600 874a 914f 0600 5031 403e 1200  .C...J.O..P1@>..
0001b4c0: 7d46 e257 1200 744a e54e 1200 4149 fd0c  }F.W..tJ.N..AI..
0001b4d0: 1200 922b 6b51 1200 c13c 614e 0600 7a0a  ...+kQ...<aN..z.
0001b4e0: f73c 0600 9b0a f73c 1600 3724 f84d 1200  .<.....<..7$.M..
0001b4f0: dd35 e54e 2300 000b 0000 0e00 9d57 d74e  .5.N#........W.N
0001b500: 1200 163d e639 1200 2147 3542 0600 a80a  ...=.9..!G5B....
0001b510: 1c4c 0600 3c0a e14d 1200 4247 3542 1200  .L..<..M..BG5B..
0001b520: dc3c 004d 1200 213e 004d 1200 8c42 a24e  .<.M..!>.M...B.N
0001b530: 1200 9350 004d 0e00 4a41 d74e 0e00 c041  ...P.M..JA.N...A
0001b540: d74e 0e00 e944 284e 7701 9458 0000 0a00  .N...D(Nw..X....
0001b550: 413f a73d 1200 0c48 e54e 1200 ab48 e54e  A?.=...H.N...H.N
0001b560: 1200 5e48 e54e 1200 2a39 9351 1200 8f48  ..^H.N..*9.Q...H
0001b570: 9351 0e00 430a d74e 0e00 1952 d74e 0a00  .Q..C..N...R.N..
0001b580: 2e3f a73d 0e00 094a d74e 0a00 723f a73d  .?.=...J.N..r?.=
0001b590: 1200 4e3d 614e 0e00 7c57 d74e 0a00 5a3f  ..N=aN..|W.N..Z?
0001b5a0: a73d 0e00 b739 d74e 0e00 4934 284e 0a00  .=...9.N..I4(N..
0001b5b0: 1445 0b4e 0a00 6545 0b4e 0a00 6449 0b4e  .E.N..eE.N..dI.N
0001b5c0: 0a00 7a49 0b4e 0e00 ec2d 284e 0e00 be34  ..zI.N...-(N...4
0001b5d0: d74e 0600 e831 403e 0600 3f4f c640 0600  .N...1@>..?O.@..
0001b5e0: 2643 c640 0600 4b58 c640 0600 6633 c640  &C.@..KX.@..f3.@
0001b5f0: 0a00 f844 0b4e 0600 e653 403e 0e00 694b  ...D.N...S@>..iK
0001b600: 374b 0e00 2e34 284e 0e00 3d55 d74e 0e00  7K...4(N..=U.N..
0001b610: 8e30 171e 0e00 4359 d74e 0e00 3f2e 171e  .0....CY.N..?...
0001b620: 0600 d53e 403e 0600 da46 403e 0e00 1154  ...>@>...F@>...T
0001b630: a73d 0e00 2845 a73d 0e00 7949 a73d 0600  .=..(E.=..yI.=..
0001b640: 6349 9c3d 0e00 5045 a73d 0e00 1743 a73d  cI.=..PE.=...C.=
0001b650: 0a00 5145 0b4e 0600 1643 9c3d 0e00 500a  ..QE.N...C.=..P.
0001b660: a73d 0600 0345 403e 0e00 c246 284e 0e00  .=...E@>...F(N..
0001b670: 522f d74e 0e00 833f a73d 0e00 4648 d74e  R/.N...?.=..FH.N
0001b680: 0e00 5048 d74e 0600 b90b 403e 0e00 8640  ..PH.N....@>...@
0001b690: d74e 0e00 8550 d74e 0e00 0549 d74e 9700  .N...P.N...I.N..
0001b6a0: 2d49 0000 0e00 d548 d74e 0e00 f649 d74e  -I.....H.N...I.N
0001b6b0: 0e00 052e d74e 0600 730f 403e 0600 780f  .....N..s.@>..x.
0001b6c0: 403e 0e00 800f 284e 0600 8f0f 403e 0e00  @>....(N....@>..
0001b6d0: b934 284e 1200 c744 040c 0e00 ed48 d74e  .4(N...D.....H.N
0001b6e0: 0600 e131 403e 0e00 7540 d74e 0e00 0c0b  ...1@>..u@.N....
0001b6f0: d74e 0e00 242e d74e 0600 234f c640 0600  .N..$..N..#O.@..
0001b700: 4e43 c640 0e00 7a48 d74e 0a00 5b4f a73d  NC.@..zH.N..[O.=
0001b710: 0e00 0f4f d74e 0a00 5937 a73d 0600 fe33  ...O.N..Y7.=...3
0001b720: 1c4c 0600 8837 564b 0600 8147 1c4c 0600  .L...7VK...G.L..
0001b730: d00a 1c4c 1200 1c49 614e 1200 6847 004d  ...L...IaN..hG.M
0001b740: 1200 7b4b df1c 1200 fe3d 462c 1200 ac46  ..{K.....=F,...F
0001b750: 3542 1200 d545 cd1b 1200 8c3b 004d 1200  5B...E.....;.M..
0001b760: 983c fd0c 0600 4732 1c4c 1200 cb4c 004d  .<....G2.L...L.M
0001b770: 1600 f842 f84d 1600 9646 f84d 1200 3247  ...B.M...F.M..2G
0001b780: 040c 1200 bc53 040c 1200 f552 e54e 0600  .....S.....R.N..
0001b790: ed0a 403e d700 7d4c 0000 0600 ec0a 403e  ..@>..}L......@>
0001b7a0: 0600 c02d 7539 1200 8756 040c 1200 af57  ...-u9...V.....W
0001b7b0: e54e 0600 6f42 403e 1200 9155 040c 0e00  .N..oB@>...U....
0001b7c0: 183e d74e 0600 f609 403e 0600 dd3e 403e  .>.N....@>...>@>
0001b7d0: 0e00 2655 d74e 0e00 1340 d74e 1200 ae4a  ..&U.N...@.N...J
0001b7e0: 874c 1200 2830 e54e 1200 a90f e54e 1200  .L..(0.N.....N..
0001b7f0: d010 874c 1600 4653 f84d 1200 e735 040c  ...L..FS.M...5..
0001b800: 0600 053f 7539 0600 5c31 1c4c 4f03 7747  ...?u9..\1.LO.wG
0001b810: 0000 0600 a13b 564b 1200 6730 874c 1200  .....;VK..g0.L..
0001b820: 7e2f e54e 1200 952f e54e 1200 2a1d 6b51  ~/.N.../.N..*.kQ
0001b830: 1200 3246 b60f 1200 263d 614e 1200 141c  ..2F....&=aN....
0001b840: df1c 1200 900c 614e 1200 dd49 040c 1200  ......aN...I....
0001b850: 5f3d e54e 1200 9f46 b143 0600 c10a 403e  _=.N...F.C....@>
0001b860: 0600 d435 403e 0600 630a 403e 1200 c80c  ...5@>..c.@>....
0001b870: 0e46 1200 b240 e639 1200 b20c d70c 1200  .F...@.9........
0001b880: 632e e80f 1200 6d2e e80f 1200 2c0c fd0c  c.....m.....,...
0001b890: 1200 b63c e80f 1200 3a30 b21b 1200 f32e  ...<....:0......
0001b8a0: e54e 1200 5b30 e54e 1200 6f0c 874c 1200  .N..[0.N..o..L..
0001b8b0: d62e e54e 1200 aa2f 874c 1200 9830 004d  ...N.../.L...0.M
0001b8c0: 1200 8230 e54e 0e00 574f d74e 0e00 0d3b  ...0.N..WO.N...;
0001b8d0: d74e 1200 7b2e e54e 1200 7046 b143 1200  .N..{..N..pF.C..
0001b8e0: 123a 004d 1200 b555 df10 1200 4d30 e54e  .:.M...U....M0.N
0001b8f0: 1200 e62e e54e 1200 610c 874c 2200 581d  .....N..a..L".X.
0001b900: 3a51 0600 e64c c640 0600 e641 403e 0600  :Q...L.@...A@>..
0001b910: ce45 c640 1200 4e2f 874c 0e00 5c49 d74e  .E.@..N/.L..\I.N
0001b920: 0e00 2c36 d74e 0e00 ce43 d74e 0e00 e956  ..,6.N...C.N...V
0001b930: d74e 0e00 6f32 d74e 2a00 6633 c640 2a00  .N..o2.N*.f3.@*.
0001b940: 6c0f 403e 2a00 8b34 403e 2a00 083c 403e  l.@>*..4@>*..<@>
0001b950: 2a00 f80a 471e 0e00 5d46 d74e 2a00 6349  *...G...]F.N*.cI
0001b960: 9c3d 2a00 4b58 c640 2a00 1643 9c3d 2a00  .=*.KX.@*..C.=*.
0001b970: 0345 403e 0e00 d82d d74e 0e00 6657 d74e  .E@>...-.N..fW.N
0001b980: 0e00 db2d d74e 0e00 d033 d74e 0e00 0357  ...-.N...3.N...W
0001b990: d74e 2a00 0c32 403e 2a00 e131 403e 0e00  .N*..2@>*..1@>..
0001b9a0: c348 d74e 0e00 2f48 d74e 0e00 9657 d74e  .H.N../H.N...W.N
0001b9b0: 0600 980f 471e 1a00 f43e eb43 0600 fd09  ....G....>.C....
0001b9c0: e14d 1e00 981c 4152 0e00 954d d74e 0600  .M....AR...M.N..
0001b9d0: 6c38 403e 0600 ed42 c640 1a00 3256 5342  l8@>...B.@..2VSB
0001b9e0: 1a00 1a58 eb43 1200 861d 404e 1a00 c653  ...X.C....@N...S
0001b9f0: eb43 1200 1f41 fd0c 1200 7d0c fd0c 2600  .C...A....}...&.
0001ba00: a51c 8d1c 1e00 4e4d 734d 1e00 e947 4152  ......NMsM...GAR
0001ba10: 1e00 ab4d 734d 1e00 6050 794f 1e00 922c  ...MsM..`PyO...,
0001ba20: 4152 1e00 fa35 794f 0600 e62b 403e 1e00  AR...5yO...+@>..
0001ba30: 1d36 4152 1200 0e2d 6b51 1200 7435 b60f  .6AR...-kQ..t5..
0001ba40: 1200 9235 b60f 1200 b035 b60f 1200 802c  ...5.....5.....,
0001ba50: b60f 1200 ef1b df1c 0600 ce41 403e 0600  ...........A@>..
0001ba60: 2f43 c640 0600 ae34 c640 0600 2558 403e  /C.@...4.@..%X@>
0001ba70: 0600 220a 1c4c eb04 7747 0000 0600 7250  .."..L..wG....rP
0001ba80: 403e cb03 5b51 0000 0301 964a 0000 1200  @>..[Q.....J....
0001ba90: a80c b21b 0e00 ef3e d74e 0e00 ad3a d74e  .......>.N...:.N
0001baa0: 1200 393d e54e 1200 de47 e54e 0600 4a13  ..9=.N...G.N..J.
0001bab0: 403e 0600 3338 1c4c 0600 9938 1c4c 0600  @>..38.L...8.L..
0001bac0: db36 564b 1f05 614c 0000 0a00 e337 a73d  .6VK..aL.....7.=
0001bad0: 0a00 4950 a73d 0600 6f37 333a 0e00 6736  ..IP.=..o73:..g6
0001bae0: a73d 0600 8038 c640 0600 fc37 c640 0600  .=...8.@...7.@..
0001baf0: a037 c640 0600 bd37 c640 0600 5338 c640  .7.@...7.@..S8.@
0001bb00: 0600 0a37 c640 0000 0000 a91b 0000 0000  ...7.@..........
0001bb10: 0100 0100 0001 1000 7f36 ca4d 0500 0100  .........6.M....
0001bb20: 0100 0001 1000 1b38 1c4c 0500 0100 0200  .......8.L......
0001bb30: 0100 1000 1f2f 0000 1500 0200 0300 0301  ...../..........
0001bb40: 1000 5521 0000 ed01 1c00 4300 0301 1000  ..U!......C.....
0001bb50: 1820 0000 ed01 1f00 4600 0321 1000 0e1e  . ......F..!....
0001bb60: 0000 ed01 2600 4900 0301 1000 0803 0000  ....&.I.........
0001bb70: ed01 4d00 7100 0301 1000 cd22 0000 ed01  ..M.q......"....
0001bb80: 5100 7700 0301 1000 8c03 0000 ed01 5500  Q.w...........U.
0001bb90: 7a00 0301 1000 5b05 0000 ed01 5600 7c00  z.....[.....V.|.
0001bba0: 0301 1000 9d01 0000 ed01 5700 7e00 0301  ..........W.~...
0001bbb0: 1000 3f23 0000 ed01 5900 8200 0301 1000  ..?#....Y.......
0001bbc0: 8723 0000 ed01 6200 8500 0301 1000 a023  .#....b........#
0001bbd0: 0000 ed01 6700 8800 0301 1000 e907 0000  ....g...........
0001bbe0: ed01 6b00 8b00 0301 1000 1f0d 0000 ed01  ..k.............
0001bbf0: 6d00 8c00 0301 1000 e122 0000 ed01 7000  m........"....p.
0001bc00: 9000 0301 1000 1023 0000 ed01 7500 9300  .......#....u...
0001bc10: 0301 1000 0a11 0000 ed01 7a00 9600 0301  ..........z.....
0001bc20: 1000 6e23 0000 ed01 7e00 9800 0301 1000  ..n#....~.......
0001bc30: 6e13 0000 ed01 8300 9b00 0301 1000 cf23  n..............#
0001bc40: 0000 ed01 8600 9e00 0301 1000 3815 0000  ............8...
0001bc50: ed01 8b00 a100 0301 1000 9402 0000 ed01  ................
0001bc60: 8d00 a300 0301 1000 3403 0000 ed01 8f00  ........4.......
0001bc70: a500 0301 1000 bf0b 0000 ed01 9000 a800  ................
0001bc80: 0301 1000 a010 0000 ed01 9700 ab00 0301  ................
0001bc90: 1000 0215 0000 ed01 9e00 ae00 0301 1000  ................
0001bca0: b807 0000 ed01 a300 b100 0301 1000 6c10  ..............l.
0001bcb0: 0000 ed01 b200 b400 0301 1000 e912 0000  ................
0001bcc0: ed01 b700 b700 0301 1000 d916 0000 ed01  ................
0001bcd0: bd00 ba00 0301 1000 e400 0000 ed01 c000  ................
0001bce0: bd00 0301 1000 fd1a 0000 ed01 c400 c000  ................
0001bcf0: 0301 1000 ce19 0000 ed01 c900 c300 0301  ................
0001bd00: 1000 fb12 0000 ed01 ce00 c600 0301 1000  ................
0001bd10: 0d01 0000 ed01 d500 c900 0301 1000 3513  ..............5.
0001bd20: 0000 ed01 f800 cc00 0301 1000 a119 0000  ................
0001bd30: ed01 fd00 cf00 0301 1000 d10b 0000 ed01  ................
0001bd40: 0501 d200 0301 1000 d307 0000 ed01 0c01  ................
0001bd50: d500 0301 1000 b410 0000 ed01 1701 d800  ................
0001bd60: 0301 1000 8310 0000 ed01 1f01 db00 0301  ................
0001bd70: 1000 7618 0000 ed01 2501 de00 0301 1000  ..v.....%.......
0001bd80: 5013 0000 ed01 2d01 e100 0301 1000 9707  P.....-.........
0001bd90: 0000 ed01 3501 e400 0301 1000 5310 0000  ....5.......S...
0001bda0: ed01 3d01 e700 0301 1000 2401 0000 ed01  ..=.......$.....
0001bdb0: 4501 ea00 0301 1000 5b18 0000 ed01 4d01  E.......[.....M.
0001bdc0: ed00 0301 1000 eb0b 0000 ed01 5701 f000  ............W...
0001bdd0: 0301 1000 9e0b 0000 ed01 6401 f300 0301  ..........d.....
0001bde0: 1000 0717 0000 ed01 6c01 f600 0301 1000  ........l.......
0001bdf0: c900 0000 ed01 7401 f900 0301 1000 1c15  ......t.........
0001be00: 0000 ed01 7c01 fc00 0301 1000 1313 0000  ....|...........
0001be10: ed01 8401 ff00 0301 1000 ec16 0000 ed01  ................
0001be20: 9301 0201 0301 1000 2b18 0000 ed01 a001  ........+.......
0001be30: 0501 0001 1000 ff46 b849 ed01 a701 0801  .......F.I......
0001be40: 0100 1000 ca43 5b43 5100 a701 0a01 0100  .....C[CQ.......
0001be50: 1000 342f 5b43 1500 a701 1101 0100 1000  ..4/[C..........
0001be60: 6257 914e 4504 a801 1401 0301 1000 ae20  bW.NE.......... 
0001be70: 0000 ed01 ae01 5b01 0301 1000 9f22 0000  ......[......"..
0001be80: ed01 b301 5e01 0301 1000 e01f 0000 ed01  ....^...........
0001be90: b701 6101 0301 1000 3921 0000 ed01 bb01  ..a.....9!......
0001bea0: 6401 0301 1000 9120 0000 ed01 bf01 6701  d...... ......g.
0001beb0: 0301 1000 c620 0000 ed01 c301 6a01 0301  ..... ......j...
0001bec0: 1000 5720 0000 ed01 c701 6d01 0301 1000  ..W ......m.....
0001bed0: 0121 0000 ed01 cb01 7001 0301 1000 3a20  .!......p.....: 
0001bee0: 0000 ed01 cf01 7301 0301 1000 e620 0000  ......s...... ..
0001bef0: ed01 d301 7601 0301 1000 c41f 0000 ed01  ....v...........
0001bf00: d701 7901 0301 1000 7520 0000 ed01 db01  ..y.....u ......
0001bf10: 7c01 0301 1000 1c21 0000 ed01 df01 7f01  |......!........
0001bf20: 0301 1000 fe1f 0000 ed01 e301 8201 0321  ...............!
0001bf30: 1000 0e1e 0000 ed01 e701 8501 0301 1000  ................
0001bf40: b409 0000 ed01 e901 8801 0301 1000 6f21  ..............o!
0001bf50: 0000 ed01 ec01 8a01 0301 1000 cc09 0000  ................
0001bf60: ed01 f901 8d01 0301 1000 6f21 0000 ed01  ..........o!....
0001bf70: fd01 8f01 0301 1000 4a03 0000 ed01 0202  ........J.......
0001bf80: 9201 0301 1000 8421 0000 ed01 0502 9701  .......!........
0001bf90: 0301 1000 b722 0000 ed01 0a02 9a01 0301  ....."..........
0001bfa0: 1000 5823 0000 ed01 0f02 9d01 0301 1000  ..X#............
0001bfb0: 3b08 0000 ed01 1402 a001 0301 1000 fa22  ;.............."
0001bfc0: 0000 ed01 1802 a201 0301 1000 5c0d 0000  ............\...
0001bfd0: ed01 1d02 a501 0301 1000 2923 0000 ed01  ..........)#....
0001bfe0: 1f02 a701 0301 1000 4711 0000 ed01 2302  ........G.....#.
0001bff0: aa01 0301 1000 ab13 0000 ed01 2602 ad01  ............&...
0001c000: 0301 1000 b923 0000 ed01 2802 af01 0301  .....#....(.....
0001c010: 1000 8e04 0000 ed01 2c02 b201 0301 1000  ........,.......
0001c020: d621 0000 ed01 2e02 b401 0301 1000 2a05  .!............*.
0001c030: 0000 ed01 3202 b701 0301 1000 7e02 0000  ....2.......~...
0001c040: ed01 3302 b901 0301 1000 7b22 0000 ed01  ..3.......{"....
0001c050: 3502 bb01 0301 1000 dd02 0000 ed01 3902  5.............9.
0001c060: be01 0301 1000 3322 0000 ed01 3b02 c001  ......3"....;...
0001c070: 0301 1000 1e03 0000 ed01 3f02 c301 0301  ..........?.....
0001c080: 1000 9a21 0000 ed01 4102 c501 0301 1000  ...!....A.......
0001c090: c904 0000 ed01 4502 c801 0301 1000 5522  ......E.......U"
0001c0a0: 0000 ed01 4702 ca01 0301 1000 5b05 0000  ....G.......[...
0001c0b0: ed01 4b02 cd01 0301 1000 1122 0000 ed01  ..K........"....
0001c0c0: 4d02 cf01 0301 1000 a203 0000 ed01 5102  M.............Q.
0001c0d0: d201 0301 1000 f021 0000 ed01 5302 d401  .......!....S...
0001c0e0: 0301 1000 9d01 0000 ed01 5702 d701 0301  ..........W.....
0001c0f0: 1000 b421 0000 ed01 5902 d901 0301 1000  ...!....Y.......
0001c100: 7307 0000 ed01 5d02 dc01 0301 1000 e409  s.....].........
0001c110: 0000 ed01 6302 df01 0301 1000 0818 0000  ....c...........
0001c120: ed01 7002 e201 0301 1000 4618 0000 ed01  ..p.......F.....
0001c130: 7d02 e501 0301 1000 db14 0000 ed01 8802  }...............
0001c140: e801 0301 1000 6714 0000 ed01 a902 eb01  ......g.........
0001c150: 0301 1000 aa00 0000 ed01 ad02 ee01 0301  ................
0001c160: 1000 ab1a 0000 ed01 b102 f101 0301 1000  ................
0001c170: c71a 0000 ed01 bb02 f401 0301 1000 6612  ..............f.
0001c180: 0000 ed01 cd02 f701 0301 1000 ba19 0000  ................
0001c190: ed01 d202 fa01 0301 1000 f500 0000 ed01  ................
0001c1a0: e102 fd01 0301 1000 e11a 0000 ed01 ef02  ................
0001c1b0: 0002 0301 1000 8a19 0000 ed01 f702 0302  ................
0001c1c0: 0301 1000 5600 0000 ed01 fc02 0602 0301  ....V...........
0001c1d0: 1000 bc16 0000 ed01 0403 0902 0301 1000  ................
0001c1e0: 5c1a 0000 ed01 0803 0c02 0301 1000 b217  \...............
0001c1f0: 0000 ed01 0d03 0f02 0301 1000 3419 0000  ............4...
0001c200: ed01 1203 1202 0000 1000 0f42 914e 7d00  ...........B.N}.
0001c210: 1703 1502 2600 e93f 1c00 0100 3d5c 5100  ....&..?....=\Q.
0001c220: 0100 424d 5100 0100 3852 5100 0100 9330  ..BMQ...8RQ....0
0001c230: 5500 0100 da2b 8c00 0100 ce3f 9000 0100  U....+.....?....
0001c240: 281c 9400 0100 5a54 9000 0100 ca2b 8c00  (.....ZT.....+..
0001c250: 0100 c833 9800 0300 8c33 9800 0100 d71c  ...3.....3......
0001c260: 9c00 0100 6343 9000 0100 ed38 9000 0100  ....cC.....8....
0001c270: 0d47 8c00 0100 5753 8c00 0100 2e53 9000  .G....WS.....S..
0001c280: 0100 3a53 9000 0100 c61c 9000 0100 da50  ..:S...........P
0001c290: 9c00 0100 f453 a000 0100 4040 a000 0100  .....S....@@....
0001c2a0: ff53 a000 0100 2e40 a000 0100 4424 a400  .S.....@....D$..
0001c2b0: 1100 eb2b a800 0600 5636 1c00 0600 ad45  ...+....V6.....E
0001c2c0: b014 0600 c04d a800 0600 5636 1c00 0600  .....M....V6....
0001c2d0: ad45 b014 0600 c04d a800 0100 1c09 1c00  .E.....M........
0001c2e0: 0100 5e0f c714 0100 ad09 ca14 0100 650f  ..^...........e.
0001c2f0: cf14 3600 161b 2415 1600 7515 2815 1600  ..6...$...u.(...
0001c300: 5d01 3315 1600 6002 3315 1600 2604 3715  ].3...`.3...&.7.
0001c310: 1600 9208 4215 1600 6008 4f15 1600 4f04  ....B...`.O...O.
0001c320: 3315 1600 a404 3315 1600 7a01 3315 1600  3.....3...z.3...
0001c330: 1d07 3715 1600 bb08 2815 1600 810d 2815  ..7.....(.....(.
0001c340: 1600 5d11 2815 1600 c113 2815 1600 9315  ..].(.....(.....
0001c350: 2815 1600 4817 2815 1600 bc18 2815 1600  (...H.(.....(...
0001c360: 0402 5a15 1600 ff07 6b15 1600 350d 7615  ..Z.....k...5.v.
0001c370: 1600 2011 6b15 1600 8413 8e15 1600 4e15  .. .k.........N.
0001c380: 9f15 1600 2117 6b15 1600 9518 aa15 1600  ....!.k.........
0001c390: e819 bb15 1600 1a1b c615 1600 0100 bb15  ................
0001c3a0: 1600 4207 aa15 1600 2a0b bb15 1600 0510  ..B.....*.......
0001c3b0: c615 1600 9512 bb15 1600 9e14 aa15 1600  ................
0001c3c0: 7916 bb15 1600 d217 c615 1600 4e19 bb15  y...........N...
0001c3d0: 1600 771a aa15 1600 7600 bb15 0600 c04d  ..w.....v......M
0001c3e0: a800 0600 5d35 c714 0600 2512 3315 0600  ....]5....%.3...
0001c3f0: 2614 3315 0600 5636 1c00 0600 ad45 3517  &.3...V6.....E5.
0001c400: 0600 c04d 3917 0100 ad09 ca14 0600 2e2f  ...M9........../
0001c410: a800 0600 5d57 5c17 0600 c04d a800 0600  ....]W\....M....
0001c420: c71d c714 0600 5636 1c00 0600 ad45 3517  ......V6.....E5.
0001c430: 0600 c04d 4618 0100 1c09 1c00 0100 5e0f  ...MF.........^.
0001c440: c714 0100 f211 5c17 0100 8014 c714 0100  ......\.........
0001c450: ad09 cf14 0100 650f ca14 0600 5636 1c00  ......e.....V6..
0001c460: 0600 ad45 3517 0600 c04d 4618 0100 a609  ...E5....MF.....
0001c470: c714 0100 ad09 cf14 0600 5636 1c00 0600  ..........V6....
0001c480: ad45 3517 0600 c04d 4618 0100 ad09 ca14  .E5....MF.......
0001c490: 0600 7333 5c17 0600 1a0b 4618 0600 4e47  ..s3\.....F...NG
0001c4a0: 1019 0600 572a c714 0600 d80f 1519 0600  ....W*..........
0001c4b0: 5636 1c00 0600 ad45 3517 0600 c04d c919  V6.....E5....M..
0001c4c0: 0100 a609 c714 0100 ad09 cf14 0600 5636  ..............V6
0001c4d0: 1c00 0600 ad45 3517 0600 c04d c919 0100  .....E5....M....
0001c4e0: a609 c714 0100 ad09 cf14 0600 7c52 1c00  ............|R..
0001c4f0: 0600 2b52 091a 0600 1b55 c714 0600 8512  ..+R.....U......
0001c500: c919 0600 5636 1c00 0600 ad45 3517 0600  ....V6.....E5...
0001c510: c04d 5e1a 0100 a609 c714 0100 ad09 cf14  .M^.............
0001c520: 0600 5f52 8e1a 0600 bd3a 5c17 0600 8e14  .._R.....:\.....
0001c530: 5e1a 0600 5636 1c00 0600 ad45 b014 0600  ^...V6.....E....
0001c540: ba45 e51a 0600 684d 1014 0600 c04d e81a  .E....hM.....M..
0001c550: 0600 133c 1c00 0600 6916 e81a 0600 c04d  ...<....i......M
0001c560: a800 0600 7339 5c17 0600 2e2f a800 0600  ....s9\..../....
0001c570: 5636 1c00 0600 ad45 b014 0600 c04d a800  V6.....E.....M..
0001c580: 0100 3109 a800 0100 5e0f c714 0100 ad09  ..1.....^.......
0001c590: cf14 0100 650f ca14 0600 5636 1c00 0600  ....e.....V6....
0001c5a0: ad45 3517 0600 c04d a800 0100 e008 a800  .E5....M........
0001c5b0: 0100 5e0f c714 0100 1c12 261b 0100 ad09  ..^.......&.....
0001c5c0: cf14 0600 5636 1c00 0600 ad45 3517 0600  ....V6.....E5...
0001c5d0: c04d a800 0100 5109 4b1b 0100 ad09 ca14  .M....Q.K.......
0001c5e0: 0600 5636 1c00 0600 ad45 621b 0600 4e47  ..V6.....Eb...NG
0001c5f0: 1019 0600 c04d a800 0100 e008 a800 0100  .....M..........
0001c600: aa0e 5c17 0100 7712 c714 0100 8014 c714  ..\...w.........
0001c610: 0100 e115 1c00 0100 c417 c714 0100 4719  ..............G.
0001c620: c714 0100 1f1a 1c00 0100 a21b c714 0100  ................
0001c630: ad09 ca14 0100 650f cf14 0600 5636 1c00  ......e.....V6..
0001c640: 0600 ad45 b014 0600 c04d a800 0100 4809  ...E.....M....H.
0001c650: 261b 0100 ad09 ca14 0600 5636 1c00 0600  &.........V6....
0001c660: ad45 b014 0600 c04d a800 0100 5109 3917  .E.....M....Q.9.
0001c670: 0100 210e a800 0100 ad09 ca14 0600 5636  ..!...........V6
0001c680: 1c00 0600 ad45 3517 0600 c04d a800 0600  .....E5....M....
0001c690: 5636 1c00 0600 ad45 b014 0600 c04d a800  V6.....E.....M..
0001c6a0: 0100 ad09 ca14 0600 5636 1c00 0600 ad45  ........V6.....E
0001c6b0: 3517 0600 c04d a800 0100 e008 a800 0100  5....M..........
0001c6c0: ad09 ca14 0600 5636 1c00 0600 ad45 3517  ......V6.....E5.
0001c6d0: 0600 c04d a800 0100 e008 a800 0100 ad09  ...M............
0001c6e0: ca14 0600 5636 1c00 0600 ad45 3517 0600  ....V6.....E5...
0001c6f0: c04d a800 0100 e008 a800 0100 a60d 861c  .M..............
0001c700: 0100 8d11 8b1c 0100 ad09 ca14 0600 5636  ..............V6
0001c710: 1c00 0600 ad45 3517 0600 c71d c714 0600  .....E5.........
0001c720: c04d a800 0100 5109 4618 0100 210e a800  .M....Q.F...!...
0001c730: 0100 a211 c714 0100 8014 c714 0100 2b16  ..............+.
0001c740: 1519 0100 c417 b21c 0100 0419 c919 0100  ................
0001c750: 0f1a 5c17 0100 831b 261b 0100 3500 261b  ..\.....&...5.&.
0001c760: 0100 7f07 5c17 0100 6a0b 261b 0100 2e10  ....\...j.&.....
0001c770: b71c 0100 ca12 261b 0100 ef14 c714 0100  ......&.........
0001c780: b216 261b 0100 2318 bc1c 0100 8219 5e1a  ..&...#.......^.
0001c790: 0100 a01a 1c00 0100 c100 c714 0100 8707  ................
0001c7a0: e81a 0100 740b c11c 0100 4310 c61c 0100  ....t.....C.....
0001c7b0: dc12 ce1c 0100 f714 5c17 0100 d116 5c17  ........\.....\.
0001c7c0: 0100 ad09 cf14 0100 650f d31c 0100 7e12  ........e.....~.
0001c7d0: ca14 0100 8714 dd1c 0100 6216 e51c 0600  ..........b.....
0001c7e0: 5636 1c00 0600 ad45 b21e 0600 c04d a800  V6.....E.....M..
0001c7f0: 0100 5109 ba1e 0100 ad09 ca14 0600 5636  ..Q...........V6
0001c800: 1c00 0600 ad45 b014 0600 c745 e51a 0600  .....E.....E....
0001c810: 7339 1014 0600 c04d a800 0100 e008 a800  s9.....M........
0001c820: 0100 8a0e d61e 0100 ad09 ca14 0600 5636  ..............V6
0001c830: 1c00 0600 ad45 b014 0600 c745 e51a 0600  .....E.....E....
0001c840: 7339 1014 0600 c04d a800 0100 4809 261b  s9.....M....H.&.
0001c850: 0100 ad09 ca14 0600 5636 1c00 0600 ad45  ........V6.....E
0001c860: b014 0600 c745 e51a 0600 7339 1014 0600  .....E....s9....
0001c870: c04d a800 0100 e008 a800 0100 ba0e c714  .M..............
0001c880: 0100 ae11 101f 0100 0c14 151f 0100 cb15  ................
0001c890: d61e 0100 ad09 ca14 0600 5636 1c00 0600  ..........V6....
0001c8a0: ad45 b014 0600 c745 e51a 0600 7339 1014  .E.....E....s9..
0001c8b0: 0600 c04d a800 0100 e008 a800 0100 090e  ...M............
0001c8c0: 451f 0100 ad09 ca14 0600 5636 1c00 0600  E.........V6....
0001c8d0: ad45 b014 0600 c745 e51a 0600 7339 1014  .E.....E....s9..
0001c8e0: 0600 c04d a800 0100 ad09 ca14 0600 5636  ...M..........V6
0001c8f0: 1c00 0600 ad45 b014 0600 c745 e51a 0600  .....E.....E....
0001c900: 7339 1014 0600 c04d a800 0100 e008 a800  s9.....M........
0001c910: 0100 8a0e d61e 0100 ad09 ca14 0600 5636  ..............V6
0001c920: 1c00 0600 ad45 b014 0600 c745 e51a 0600  .....E.....E....
0001c930: 7339 1014 0600 c04d a800 0100 e008 a800  s9.....M........
0001c940: 0100 e00d 991f 0100 ad09 ca14 0600 5636  ..............V6
0001c950: 1c00 0600 ad45 b014 0600 c745 e51a 0600  .....E.....E....
0001c960: 7339 1014 0600 c04d a800 0100 e008 a800  s9.....M........
0001c970: 0100 460e b41f 0100 ad09 ca14 0600 5636  ..F...........V6
0001c980: 1c00 0600 ad45 b014 0600 c745 e51a 0600  .....E.....E....
0001c990: 7339 1014 0600 c04d a800 0100 e008 a800  s9.....M........
0001c9a0: 0100 950e ce1f 0100 ad09 ca14 0600 5636  ..............V6
0001c9b0: 1c00 0600 ad45 b014 0600 c745 e51a 0600  .....E.....E....
0001c9c0: 7339 1014 0600 c04d a800 0100 e008 a800  s9.....M........
0001c9d0: 0100 730e ec1f 0100 ad09 ca14 0600 5636  ..s...........V6
0001c9e0: 1c00 0600 ad45 b014 0600 c745 e51a 0600  .....E.....E....
0001c9f0: 7339 1014 0600 c04d a800 0100 e008 a800  s9.....M........
0001ca00: 0100 5e0f 1c00 0100 7712 c714 0100 ad09  ..^.....w.......
0001ca10: ca14 0100 650f cf14 0600 5636 1c00 0600  ....e.....V6....
0001ca20: ad45 b014 0600 c745 e51a 0600 7339 1014  .E.....E....s9..
0001ca30: 0600 c04d a800 0100 e008 a800 0100 100f  ...M............
0001ca40: 3b20 0100 8211 1c00 0100 8014 c714 0100  ; ..............
0001ca50: b815 1c00 0100 c417 c714 0100 ad09 cf14  ................
0001ca60: 0100 650f ca14 0600 5636 1c00 0600 ad45  ..e.....V6.....E
0001ca70: b014 0600 c745 e51a 0600 7339 1014 0600  .....E....s9....
0001ca80: c04d a800 0100 e008 a800 0100 360e d61e  .M..........6...
0001ca90: 0100 ad09 ca14 0600 5636 1c00 0600 ad45  ........V6.....E
0001caa0: b014 0600 c745 e51a 0600 7339 1014 0600  .....E....s9....
0001cab0: c04d a800 0100 e008 a800 0100 c50e 9620  .M............. 
0001cac0: 0100 ad09 ca14 0600 5636 1c00 0600 ad45  ........V6.....E
0001cad0: b014 0600 c745 e51a 0600 7339 1014 0600  .....E....s9....
0001cae0: c04d a800 0100 e008 a800 0100 fd0e b020  .M............. 
0001caf0: 0100 ad09 ca14 0600 5636 1c00 0600 ad45  ........V6.....E
0001cb00: b014 0600 c745 e51a 0600 7339 1014 0600  .....E....s9....
0001cb10: c04d a800 0100 e008 a800 0100 5f0e ca20  .M.........._.. 
0001cb20: 0100 ad09 ca14 0600 5636 1c00 0600 ad45  ........V6.....E
0001cb30: b014 0600 c745 e51a 0600 7339 1014 0600  .....E....s9....
0001cb40: c04d a800 0100 e008 a800 0100 c10d e520  .M............. 
0001cb50: 0100 c911 c714 0100 8014 c714 0100 d615  ................
0001cb60: e520 0100 c417 e520 0100 e118 e520 0100  . ..... ..... ..
0001cb70: 701a e520 0100 ad09 cf14 0100 650f e920  p.. ........e.. 
0001cb80: 0600 5636 1c00 0600 ad45 b014 0600 c745  ..V6.....E.....E
0001cb90: e51a 0600 7339 1014 0600 c04d a800 0100  ....s9.....M....
0001cba0: e008 a800 0100 f60d 4921 0100 be11 d61e  ........I!......
0001cbb0: 0100 8014 c714 0100 5b16 d61e 0100 ad09  ........[.......
0001cbc0: ca14 0100 650f cf14 0100 7e12 4e21 0600  ....e.....~.N!..
0001cbd0: 5636 1c00 0600 ad45 b014 0600 c745 e51a  V6.....E.....E..
0001cbe0: 0600 7339 1014 0600 c04d a800 0100 e008  ..s9.....M......
0001cbf0: a800 0100 ad09 ca14 0100 6657 1723 0100  ..........fW.#..
0001cc00: d144 9404 2100 7443 7e23 2100 bf56 4d06  .D..!.tC~#!..VM.
0001cc10: 0100 a73c 9023 0100 e431 9523 0100 8c46  ...<.#...1.#...F
0001cc20: 9a23 0600 5636 1c00 0600 ad45 b014 0600  .#..V6.....E....
0001cc30: c04d 1723 0100 f508 151f 0100 ad09 ca14  .M.#............
0001cc40: 0600 5636 1c00 0600 ad45 b014 0600 c04d  ..V6.....E.....M
0001cc50: 1723 0100 ad09 ca14 0600 5636 1c00 0600  .#........V6....
0001cc60: ad45 b014 0600 c04d 1723 0100 ad09 ca14  .E.....M.#......
0001cc70: 0600 5636 1c00 0600 ad45 b014 0600 c04d  ..V6.....E.....M
0001cc80: 1723 0100 ad09 ca14 0600 5636 1c00 0600  .#........V6....
0001cc90: ad45 b014 0600 c04d 1723 0100 ad09 ca14  .E.....M.#......
0001cca0: 0600 5636 1c00 0600 ad45 b014 0600 c04d  ..V6.....E.....M
0001ccb0: 1723 0100 ad09 ca14 0600 5636 1c00 0600  .#........V6....
0001ccc0: ad45 b014 0600 c04d 1723 0100 ad09 ca14  .E.....M.#......
0001ccd0: 0600 5636 1c00 0600 ad45 b014 0600 c04d  ..V6.....E.....M
0001cce0: 1723 0100 ad09 ca14 0600 5636 1c00 0600  .#........V6....
0001ccf0: ad45 b014 0600 c04d 1723 0100 ad09 ca14  .E.....M.#......
0001cd00: 0600 5636 1c00 0600 ad45 b014 0600 c04d  ..V6.....E.....M
0001cd10: 1723 0100 ad09 ca14 0600 5636 1c00 0600  .#........V6....
0001cd20: ad45 b014 0600 c04d 1723 0100 ad09 ca14  .E.....M.#......
0001cd30: 0600 5636 1c00 0600 ad45 b014 0600 c04d  ..V6.....E.....M
0001cd40: 1723 0100 ad09 ca14 0600 5636 1c00 0600  .#........V6....
0001cd50: ad45 b014 0600 c04d 1723 0100 ad09 ca14  .E.....M.#......
0001cd60: 0600 5636 1c00 0600 ad45 b014 0600 c04d  ..V6.....E.....M
0001cd70: 1723 0100 ad09 ca14 3600 161b 1c31 1600  .#......6....1..
0001cd80: 411b 3715 0600 781e 4326 0600 c04d 1723  A.7...x.C&...M.#
0001cd90: 0600 7833 5c17 0600 5636 1c00 0600 ad45  ..x3\...V6.....E
0001cda0: b014 0600 c04d 3331 0100 a609 e51a 0100  .....M31........
0001cdb0: 5e0f 1c00 0100 0f12 5c17 0100 8014 9531  ^.......\......1
0001cdc0: 0100 c315 9931 0100 6d17 261b 0100 ec18  .....1..m.&.....
0001cdd0: 9e31 0100 ad09 a331 0100 650f dd1c 0100  .1.....1..e.....
0001cde0: 7e12 ca14 0600 332c 7c26 0600 7833 5c17  ~.....3,|&..x3\.
0001cdf0: 0600 c04d 1723 0600 bb4d e125 0600 5636  ...M.#...M.%..V6
0001ce00: 1c00 0600 ad45 d825 0600 c04d 5132 0100  .....E.%...MQ2..
0001ce10: a609 9531 0100 ad09 a331 0600 d144 9404  ...1.....1...D..
0001ce20: 0600 572a c714 0600 c04d 1723 0600 5636  ..W*.....M.#..V6
0001ce30: 1c00 0600 ad45 b21e 0600 c04d 0834 0100  .....E.....M.4..
0001ce40: a609 c714 0100 ad09 cf14 0600 5636 1c00  ............V6..
0001ce50: 0600 ad45 b21e 0600 c04d 0834 0100 a609  ...E.....M.4....
0001ce60: c714 0100 ad09 cf14 0600 5636 1c00 0600  ..........V6....
0001ce70: ad45 3517 0600 c04d 0834 0100 a609 c714  .E5....M.4......
0001ce80: 0100 ad09 cf14 0600 7c52 1c00 0600 2b52  ........|R....+R
0001ce90: 091a 0600 1b55 c714 0600 1a0b 0834 0600  .....U.......4..
0001cea0: 5636 1c00 0600 ad45 3517 0600 c04d bd34  V6.....E5....M.4
0001ceb0: 0100 a609 c714 0100 ad09 cf14 0600 5d57  ..............]W
0001cec0: 5c17 0600 d80f 0834 0600 5636 1c00 0600  \......4..V6....
0001ced0: ad45 b014 0600 c04d 3735 0100 ad09 ca14  .E.....M75......
0001cee0: 0600 5f52 8e1a 0600 bd3a 5c17 0600 8512  .._R.....:\.....
0001cef0: bd34 0600 2f52 1c00 0600 8e14 6435 0600  .4../R......d5..
0001cf00: 5636 1c00 0600 ad45 b014 0600 c04d c335  V6.....E.....M.5
0001cf10: 0100 ad09 ca14 0600 c04d 1723 0600 7339  .........M.#..s9
0001cf20: e435 0600 5636 1c00 0600 ad45 b014 0600  .5..V6.....E....
0001cf30: c04d 4736 0100 ad09 dd1c 0600 6241 6736  .MG6........bAg6
0001cf40: 0600 c04d 1723 0600 0a57 9e31 0600 5636  ...M.#...W.1..V6
0001cf50: 1c00 0600 ad45 b014 0600 c04d 0737 0100  .....E.....M.7..
0001cf60: ad09 dd1c 0600 c04d 1723 0600 0a57 9e31  .......M.#...W.1
0001cf70: 0600 5636 1c00 0600 ad45 b014 0600 c04d  ..V6.....E.....M
0001cf80: 8d37 0100 ad09 dd1c 0600 c04d 1723 0600  .7.........M.#..
0001cf90: 0a57 9e31 0600 5636 1c00 0600 ad45 b014  .W.1..V6.....E..
0001cfa0: 0600 c04d 0b38 0100 ad09 dd1c 0600 c04d  ...M.8.........M
0001cfb0: 1723 0600 0a57 9e31 0600 5636 1c00 0600  .#...W.1..V6....
0001cfc0: ad45 b014 0600 c04d 9538 0100 ad09 dd1c  .E.....M.8......
0001cfd0: 0600 c04d 1723 0600 0a57 9e31 0600 5636  ...M.#...W.1..V6
0001cfe0: 1c00 0600 ad45 b014 0600 c04d 1b39 0100  .....E.....M.9..
0001cff0: ad09 dd1c 0600 c04d 1723 0600 9253 3b39  .......M.#...S;9
0001d000: 0600 5636 1c00 0600 ad45 b014 0600 c04d  ..V6.....E.....M
0001d010: a439 0100 ad09 ca14 0600 c04d 1723 0600  .9.........M.#..
0001d020: 0a57 9e31 0600 5636 1c00 0600 ad45 b014  .W.1..V6.....E..
0001d030: 0600 c04d 243a 0100 ad09 dd1c 0600 5636  ...M$:........V6
0001d040: 1c00 0600 ad45 3517 0600 ad32 5c17 0600  .....E5....2\...
0001d050: bb4d e125 0600 c04d 1723 0100 ad09 dd1c  .M.%...M.#......
0001d060: 0600 5636 1c00 0600 ad45 d825 0600 ad32  ..V6.....E.%...2
0001d070: 5c17 0600 bb4d e125 0600 c04d 1723 0100  \....M.%...M.#..
0001d080: 2609 5c17 0100 dd0e 9e31 0100 7712 5c17  &.\......1..w.\.
0001d090: 0100 e613 673a 0100 eb15 6c3a 0100 c417  ....g:....l:....
0001d0a0: 673a 0100 ad09 dd1c 0100 650f 763a 0600  g:........e.v:..
0001d0b0: 5636 1c00 0600 ad45 621b 0600 4e47 1019  V6.....Eb...NG..
0001d0c0: 0600 c04d 1723 0100 0009 5c17 0100 d00d  ...M.#....\.....
0001d0d0: c714 0100 7712 c714 0100 8014 c714 0100  ....w...........
0001d0e0: 5b16 c714 0100 c417 c714 0100 4719 c714  [...........G...
0001d0f0: 0100 ad09 cf14 0100 650f ca14 0600 5636  ........e.....V6
0001d100: 1c00 0600 ad45 b21e 0600 2158 5c17 0600  .....E....!X\...
0001d110: c04d 1723 0100 1009 4f3b 0100 180f 543b  .M.#....O;....T;
0001d120: 0100 fc11 593b 0100 ff13 7c26 0100 5b16  ....Y;....|&..[.
0001d130: 633b 0100 7d17 673a 0100 ad09 ca14 0600  c;..}.g:........
0001d140: 5636 1c00 0600 ad45 b21e 0600 9034 5c17  V6.....E.....4\.
0001d150: 0600 2352 5c17 0600 c71d c714 0600 c04d  ..#R\..........M
0001d160: 1723 0100 5109 0834 0100 aa0e 5c17 0100  .#..Q..4....\...
0001d170: e111 1019 0100 ef13 5c17 0100 0216 963b  ........\......;
0001d180: 0100 c417 5c17 0100 4719 b21c 0100 701a  ....\...G.....p.
0001d190: 5c17 0100 a21b c714 0100 6e00 bc1c 0100  \.........n.....
0001d1a0: 6b07 bd34 0100 5f0b c714 0100 3b10 c714  k..4.._.....;...
0001d1b0: 0100 d412 6435 0100 c714 c11c 0100 a216  ....d5..........
0001d1c0: c61c 0100 fb17 ce1c 0100 7719 5c17 0100  ..........w.\...
0001d1d0: bf1a 5c17 0100 9f00 5c17 0100 8f07 c714  ..\.....\.......
0001d1e0: 0100 ad09 ca14 0100 650f d31c 0100 7e12  ........e.....~.
0001d1f0: dd1c 0100 8714 9a3b 0100 6216 cf14 0100  .......;..b.....
0001d200: cb17 e51c 0600 5636 1c00 0600 ad45 3517  ......V6.....E5.
0001d210: 0600 c04d 1723 0100 ad09 ca14 0600 5636  ...M.#........V6
0001d220: 1c00 0600 ad45 b21e 0600 c04d 1723 0100  .....E.....M.#..
0001d230: ad09 ca14 0600 5636 1c00 0600 ad45 b21e  ......V6.....E..
0001d240: 0600 6932 5c17 0600 8955 5c17 0600 c255  ..i2\....U\....U
0001d250: 5c17 0600 913c 5c17 0600 c04d 1723 0100  \....<\....M.#..
0001d260: a609 c714 0100 ad09 ca14 0100 650f cf14  ............e...
0001d270: 0600 5636 1c00 0600 ad45 621b 0600 c04d  ..V6.....Eb....M
0001d280: 1723 0100 5109 8e3d 0100 e70e 933d 0100  .#..Q..=.....=..
0001d290: d411 5c17 0100 1c14 1c00 0100 2016 983d  ..\......... ..=
0001d2a0: 0100 7517 1c00 0100 4719 e51a 0100 701a  ..u.....G.....p.
0001d2b0: 1c00 0100 611b a23d 0100 3500 261b 0100  ....a..=..5.&...
0001d2c0: 7f07 a73d 0100 530b a23d 0100 3b10 b13d  ...=..S..=..;..=
0001d2d0: 0100 be12 a23d 0100 ad09 ca14 0600 5636  .....=........V6
0001d2e0: 1c00 0600 ad45 b014 0600 c04d 1723 0100  .....E.....M.#..
0001d2f0: ad09 ca14 0100 650f cf14 0600 5636 1c00  ......e.....V6..
0001d300: 0600 ad45 621b 0600 2158 5c17 0600 c04d  ...Eb...!X\....M
0001d310: 1723 0100 1009 4f3b 0100 180f 543b 0100  .#....O;....T;..
0001d320: fc11 593b 0100 ff13 7c26 0100 f515 5f3e  ..Y;....|&...._>
0001d330: 0100 c417 633b 0100 f818 673a 0100 291a  ....c;....g:..).
0001d340: 6e3e 0100 a21b 733e 0100 2a00 6e3e 0100  n>....s>..*.n>..
0001d350: ad09 ca14 0600 5636 1c00 0600 ad45 621b  ......V6.....Eb.
0001d360: 0600 2158 5c17 0600 c04d 1723 0100 1009  ..!X\....M.#....
0001d370: 4f3b 0100 180f 543b 0100 fc11 593b 0100  O;....T;....Y;..
0001d380: ff13 7c26 0100 1316 543b 0100 c417 633b  ..|&....T;....c;
0001d390: 0100 f818 673a 0100 701a b53e 0100 781b  ....g:..p..>..x.
0001d3a0: bf3e 0100 ad09 ca14 0600 5636 1c00 0600  .>........V6....
0001d3b0: ad45 621b 0600 7744 1c00 0600 c04d 1723  .Eb...wD.....M.#
0001d3c0: 0100 1009 fd3e 0100 b90d 5c17 0100 7712  .....>....\...w.
0001d3d0: 5c17 0100 ad09 dd1c 0600 5636 1c00 0600  \.........V6....
0001d3e0: ad45 3517 0600 5d57 5c17 0600 c04d 1723  .E5...]W\....M.#
0001d3f0: 0100 ad09 ca14 0600 5636 1c00 0600 ad45  ........V6.....E
0001d400: 3517 0600 e82b 453f 0600 121e c714 0600  5....+E?........
0001d410: 2439 673a 0600 c04d 1723 0100 3e09 6c3a  $9g:...M.#..>.l:
0001d420: 0100 ad09 ca14 0600 5636 1c00 0600 ad45  ........V6.....E
0001d430: b21e 0600 c04d 1723 0100 ad09 ca14 0600  .....M.#........
0001d440: 5636 1c00 0600 ad45 3517 0600 bb4d e125  V6.....E5....M.%
0001d450: 0600 c04d 1723 0100 ad09 dd1c 0600 5636  ...M.#........V6
0001d460: 1c00 0600 ad45 3517 0600 bb4d e125 0600  .....E5....M.%..
0001d470: c04d 1723 0100 ad09 dd1c 0600 5636 1c00  .M.#........V6..
0001d480: 0600 ad45 3517 0600 bb4d e125 0600 c04d  ...E5....M.%...M
0001d490: 1723 0100 ad09 dd1c 5020 0000 0000 8618  .#......P ......
0001d4a0: a14a 1300 0100 5920 0000 0000 8618 a14a  .J....Y .......J
0001d4b0: 1f00 0100 6c20 0000 0000 8618 a14a 1300  ....l .......J..
0001d4c0: 0100 1a21 0000 0000 9608 6c2d db00 0100  ...!......l-....
0001d4d0: 2121 0000 0000 9108 792d e000 0100 2c21  !!......y-....,!
0001d4e0: 0000 0000 8300 8027 ff00 0200 7421 0000  .......'....t!..
0001d4f0: 0000 8300 5327 ff00 0400 bc21 0000 0000  ....S'.....!....
0001d500: 8300 cc26 ff00 0600 0422 0000 0000 8300  ...&....."......
0001d510: 8a26 ff00 0800 4c22 0000 0000 8100 6a39  .&....L"......j9
0001d520: 1300 0a00 8822 0000 0000 8100 de3f 3102  .....".......?1.
0001d530: 0a00 cc22 0000 0000 8100 0627 ff00 0a00  ...".......'....
0001d540: 7c23 0000 0000 8300 9427 ff00 0c00 c423  |#.......'.....#
0001d550: 0000 0000 8300 e026 ff00 0e00 0c24 0000  .......&.....$..
0001d560: 0000 8100 6739 1300 1000 4c24 0000 0000  ....g9....L$....
0001d570: 8100 cf1d 1300 1000 8824 0000 0000 c401  .........$......
0001d580: ce29 0403 1000 b824 0000 0000 8100 c954  .).....$.......T
0001d590: 1300 1000 f424 0000 0000 8100 693b 1300  .....$......i;..
0001d5a0: 1000 3025 0000 0000 8100 a50f 3102 1000  ..0%........1...
0001d5b0: 7425 0000 0000 8100 0d25 ff00 1000 6026  t%.......%....`&
0001d5c0: 0000 0000 8600 2b4b 3102 1200 a426 0000  ......+K1....&..
0001d5d0: 0000 8100 6d3a ff00 1200 f028 0000 0000  ....m:.....(....
0001d5e0: 8100 943a ff00 1400 f328 0000 0000 8100  ...:.....(......
0001d5f0: 4f25 8705 1600 0829 0000 0000 8100 a025  O%.....).......%
0001d600: ff00 1700 4129 0000 0000 8100 322a 1300  ....A)......2*..
0001d610: 1900 5829 0000 0000 8600 a827 ff00 1900  ..X).......'....
0001d620: a029 0000 0000 8600 bb27 ff00 1b00 e829  .).......'.....)
0001d630: 0000 0000 8100 3827 ff00 1d00 302a 0000  ......8'....0*..
0001d640: 0000 8100 1e27 ff00 1f00 842a 0000 0000  .....'.....*....
0001d650: 8100 0153 1300 2100 1c32 0000 0000 9600  ...S..!..2......
0001d660: b633 8305 2100 4432 0000 0000 9600 a433  .3..!.D2.......3
0001d670: 8305 2100 6c32 0000 0000 9600 2957 b406  ..!.l2......)W..
0001d680: 2100 9c32 0000 0000 8600 9f41 c506 2200  !..2.......A..".
0001d690: e832 0000 0000 8300 7341 1d07 2300 3433  .2......sA..#.43
0001d6a0: 0000 0000 8300 3225 5d07 2400 6833 0000  ......2%].$.h3..
0001d6b0: 0000 8100 a257 3102 2600 ac33 0000 0000  .....W1.&..3....
0001d6c0: 8600 cc42 a807 2600 f033 0000 0000 8600  ...B..&..3......
0001d6d0: 482a ea07 2600 cc34 0000 0000 8300 f226  H*..&..4.......&
0001d6e0: ff00 2700 1435 0000 0000 8300 5526 ff00  ..'..5......U&..
0001d6f0: 2900 5c35 0000 0000 8100 8552 3102 2b00  ).\5.......R1.+.
0001d700: a035 0000 0000 8100 c955 3102 2b00 e435  .5.......U1.+..5
0001d710: 0000 0000 8300 9c26 ff00 2b00 2c36 0000  .......&..+.,6..
0001d720: 0000 8300 4626 ff00 2d00 7436 0000 0000  ....F&..-.t6....
0001d730: 8300 3426 ff00 2f00 bc36 0000 0000 8300  ..4&../..6......
0001d740: 7526 ff00 3100 0437 0000 0000 8300 b526  u&..1..7.......&
0001d750: ff00 3300 4c37 0000 0000 8300 d127 ff00  ..3.L7.......'..
0001d760: 3500 9437 0000 0000 8300 6d27 ff00 3700  5..7......m'..7.
0001d770: dc37 0000 0000 8300 8228 ff00 3900 2438  .7.......(..9.$8
0001d780: 0000 0000 8600 c850 1300 3b00 9c3c 0000  .......P..;..<..
0001d790: 0000 8300 b550 1300 3b00 003d 0000 0000  .....P..;..=....
0001d7a0: 8300 a350 1300 3b00 643d 0000 0000 8100  ...P..;.d=......
0001d7b0: 4555 1300 3b00 24c7 0000 0000 8100 d633  EU..;.$........3
0001d7c0: 1300 3b00 b9c8 0000 0000 8100 7d03 1300  ..;.........}...
0001d7d0: 3b00 cdc8 0000 0000 8100 5108 1300 3b00  ;.........Q...;.
0001d7e0: e1c8 0000 0000 8100 720d 1300 3b00 f8c8  ........r...;...
0001d7f0: 0000 0000 8100 1305 1300 3b00 31c9 0000  ..........;.1...
0001d800: 0000 8100 4005 1300 3b00 3cc9 0000 0000  ....@...;.<.....
0001d810: 8100 e501 1300 3b00 31c9 0000 0000 8100  ......;.1.......
0001d820: e603 1300 3b00 75c9 0000 0000 8100 df04  ....;.u.........
0001d830: 1300 3b00 7ec9 0000 0000 8618 a14a 1300  ..;.~........J..
0001d840: 3b00 88c9 0000 0000 e101 0e57 1300 3b00  ;..........W..;.
0001d850: ecc9 0000 0000 e101 1134 c014 3b00 7ec9  .........4..;.~.
0001d860: 0000 0000 8618 a14a 1300 3c00 f0c9 0000  .......J..<.....
0001d870: 0000 e101 0e57 1300 3c00 ecc9 0000 0000  .....W..<.......
0001d880: e101 1134 c014 3c00 fccb 0000 0000 9118  ...4..<.........
0001d890: a74a 8305 3d00 7ec9 0000 0000 8618 a14a  .J..=.~........J
0001d8a0: 1300 3d00 08cc 0000 0000 8300 7f15 d715  ..=.............
0001d8b0: 3d00 14cc 0000 0000 8300 6701 1300 3e00  =.........g...>.
0001d8c0: 1ccc 0000 0000 8300 6a02 1300 3e00 2fcc  ........j...>./.
0001d8d0: 0000 0000 8300 3004 de15 3e00 3acc 0000  ......0...>.:...
0001d8e0: 0000 8300 9c08 e515 3f00 42cc 0000 0000  ........?.B.....
0001d8f0: 8300 6a08 ee15 4000 60cc 0000 0000 8300  ..j...@.`.......
0001d900: 5904 1300 4100 9ccc 0000 0000 8300 ae04  Y...A...........
0001d910: 1300 4100 d8cc 0000 0000 8300 8401 1300  ..A.............
0001d920: 4100 e0cc 0000 0000 8300 2807 de15 4100  A.........(...A.
0001d930: f9cc 0000 0000 8300 c508 d715 4200 01cd  ............B...
0001d940: 0000 0000 8300 8b0d d715 4300 01cd 0000  ..........C.....
0001d950: 0000 8300 6711 d715 4400 0dcd 0000 0000  ....g...D.......
0001d960: 8300 cb13 d715 4500 0dcd 0000 0000 8300  ......E.........
0001d970: 9d15 d715 4600 19cd 0000 0000 8300 5217  ....F.........R.
0001d980: d715 4700 19cd 0000 0000 8300 c618 d715  ..G.............
0001d990: 4800 28cd 0000 0000 8300 0e02 0a16 4900  H.(...........I.
0001d9a0: 54cd 0000 0000 8300 0908 1716 4a00 58cd  T...........J.X.
0001d9b0: 0000 0000 8300 3f0d 4c16 4b00 54cd 0000  ......?.L.K.T...
0001d9c0: 0000 8300 2a11 1716 4c00 84cd 0000 0000  ....*...L.......
0001d9d0: 8300 8e13 7516 4d00 b0cd 0000 0000 8300  ....u.M.........
0001d9e0: 5815 8916 4e00 54cd 0000 0000 8300 2b17  X...N.T.......+.
0001d9f0: 1716 5000 d4cd 0000 0000 8300 9f18 a616  ..P.............
0001da00: 5100 54cd 0000 0000 8300 f219 b316 5200  Q.T...........R.
0001da10: 00ce 0000 0000 8300 241b c716 5300 54cd  ........$...S.T.
0001da20: 0000 0000 8300 0c00 b316 5400 2cce 0000  ..........T.,...
0001da30: 0000 8300 4d07 a616 5500 54cd 0000 0000  ....M...U.T.....
0001da40: 8300 350b b316 5600 58ce 0000 0000 8300  ..5...V.X.......
0001da50: 1010 c716 5700 54cd 0000 0000 8300 a012  ....W.T.........
0001da60: b316 5800 84ce 0000 0000 8300 a914 a616  ..X.............
0001da70: 5900 54cd 0000 0000 8300 8416 b316 5a00  Y.T...........Z.
0001da80: b0ce 0000 0000 8300 dd17 c716 5b00 54cd  ............[.T.
0001da90: 0000 0000 8300 5919 b316 5c00 dcce 0000  ......Y...\.....
0001daa0: 0000 8300 821a a616 5d00 54cd 0000 0000  ........].T.....
0001dab0: 8300 8100 b316 5e00 7ec9 0000 0000 8618  ......^.~.......
0001dac0: a14a 1300 5f00 08cf 0000 0000 8300 bf06  .J.._...........
0001dad0: 1300 5f00 90d0 0000 0000 8300 3f12 1300  .._.........?...
0001dae0: 5f00 a4d0 0000 0000 8300 4014 1300 5f00  _.........@..._.
0001daf0: b8d0 0000 0000 8300 6b09 1300 5f00 c8d0  ........k..._...
0001db00: 0000 0000 8300 370f 3102 5f00 7ec9 0000  ......7.1._.~...
0001db10: 0000 8618 a14a 1300 5f00 0cd1 0000 0000  .....J.._.......
0001db20: e101 0e57 1300 5f00 ecc9 0000 0000 e101  ...W.._.........
0001db30: 1134 c014 5f00 7ec9 0000 0000 8618 a14a  .4.._.~........J
0001db40: 1300 6000 ccd2 0000 0000 8300 d006 1300  ..`.............
0001db50: 6000 7ec9 0000 0000 8618 a14a 1300 6000  `.~........J..`.
0001db60: dcd2 0000 0000 8300 fd06 1300 6000 7ec9  ............`.~.
0001db70: 0000 0000 8618 a14a 1300 6000 20d3 0000  .......J..`. ...
0001db80: 0000 8300 9c17 3102 6000 64d3 0000 0000  ......1.`.d.....
0001db90: 8300 1e19 3102 6000 a8d3 0000 0000 8300  ....1.`.........
0001dba0: 5114 3102 6000 7ec9 0000 0000 8618 a14a  Q.1.`.~........J
0001dbb0: 1300 6000 ecd3 0000 0000 e101 0e57 1300  ..`..........W..
0001dbc0: 6000 ecc9 0000 0000 e101 1134 c014 6000  `..........4..`.
0001dbd0: 7ec9 0000 0000 8618 a14a 1300 6100 08da  ~........J..a...
0001dbe0: 0000 0000 e101 0e57 1300 6100 ecc9 0000  .......W..a.....
0001dbf0: 0000 e101 1134 c014 6100 7ec9 0000 0000  .....4..a.~.....
0001dc00: 8618 a14a 1300 6200 24db 0000 0000 e101  ...J..b.$.......
0001dc10: 0e57 1300 6200 ecc9 0000 0000 e101 1134  .W..b..........4
0001dc20: c014 6200 7ec9 0000 0000 8618 a14a 1300  ..b.~........J..
0001dc30: 6300 7ec9 0000 0000 8618 a14a 1300 6300  c.~........J..c.
0001dc40: 1cdc 0000 0000 8300 7c09 1300 6300 7cde  ........|...c.|.
0001dc50: 0000 0000 8300 480f 3102 6300 c0de 0000  ......H.1.c.....
0001dc60: 0000 8300 5012 3102 6300 7ec9 0000 0000  ....P.1.c.~.....
0001dc70: 8618 a14a 1300 6300 04df 0000 0000 e101  ...J..c.........
0001dc80: 0e57 1300 6300 ecc9 0000 0000 e101 1134  .W..c..........4
0001dc90: c014 6300 7ec9 0000 0000 8618 a14a 1300  ..c.~........J..
0001dca0: 6400 d8df 0000 0000 e101 0e57 1300 6400  d..........W..d.
0001dcb0: ecc9 0000 0000 e101 1134 c014 6400 7ec9  .........4..d.~.
0001dcc0: 0000 0000 8618 a14a 1300 6500 ace0 0000  .......J..e.....
0001dcd0: 0000 8300 4516 3102 6500 7ec9 0000 0000  ....E.1.e.~.....
0001dce0: 8618 a14a 1300 6500 f0e0 0000 0000 e101  ...J..e.........
0001dcf0: 0e57 1300 6500 ecc9 0000 0000 e101 1134  .W..e..........4
0001dd00: c014 6500 7ec9 0000 0000 8618 a14a 1300  ..e.~........J..
0001dd10: 6600 d8e1 0000 0000 8300 461a ff00 6600  f.........F...f.
0001dd20: 20e2 0000 0000 8300 8c1b 1f00 6800 7ec9   ...........h.~.
0001dd30: 0000 0000 8618 a14a 1300 6900 54e2 0000  .......J..i.T...
0001dd40: 0000 e101 0e57 1300 6900 ecc9 0000 0000  .....W..i.......
0001dd50: e101 1134 c014 6900 7ec9 0000 0000 8618  ...4..i.~.......
0001dd60: a14a 1300 6a00 cce2 0000 0000 8300 3f00  .J..j.........?.
0001dd70: 1300 6a00 7ec9 0000 0000 8618 a14a 1300  ..j.~........J..
0001dd80: 6a00 64e3 0000 0000 8300 fc05 1300 6a00  j.d...........j.
0001dd90: 7ec9 0000 0000 8618 a14a 1300 6a00 7de3  ~........J..j.}.
0001dda0: 0000 0000 8300 e906 1300 6a00 7de3 0000  ..........j.}...
0001ddb0: 0000 8300 9209 1300 6a00 7ec9 0000 0000  ........j.~.....
0001ddc0: 8618 a14a 1300 6a00 8ce3 0000 0000 e101  ...J..j.........
0001ddd0: 0e57 1300 6a00 ecc9 0000 0000 e101 1134  .W..j..........4
0001dde0: c014 6a00 7ec9 0000 0000 8618 a14a 1300  ..j.~........J..
0001ddf0: 6b00 a0e5 0000 0000 e101 0e57 1300 6b00  k..........W..k.
0001de00: ecc9 0000 0000 e101 1134 c014 6b00 7ec9  .........4..k.~.
0001de10: 0000 0000 8618 a14a 1300 6c00 50e7 0000  .......J..l.P...
0001de20: 0000 e101 0e57 1300 6c00 ecc9 0000 0000  .....W..l.......
0001de30: e101 1134 c014 6c00 7ec9 0000 0000 8618  ...4..l.~.......
0001de40: a14a 1300 6d00 48e8 0000 0000 e101 0e57  .J..m.H........W
0001de50: 1300 6d00 ecc9 0000 0000 e101 1134 c014  ..m..........4..
0001de60: 6d00 7ec9 0000 0000 8618 a14a 1300 6e00  m.~........J..n.
0001de70: 7cf0 0000 0000 e101 0e57 1300 6e00 ecc9  |........W..n...
0001de80: 0000 0000 e101 1134 c014 6e00 7ec9 0000  .......4..n.~...
0001de90: 0000 8618 a14a 1300 6f00 3cf2 0000 0000  .....J..o.<.....
0001dea0: e101 0e57 1300 6f00 ecc9 0000 0000 e101  ...W..o.........
0001deb0: 1134 c014 6f00 7ec9 0000 0000 8618 a14a  .4..o.~........J
0001dec0: 1300 7000 f0f4 0000 0000 e101 0e57 1300  ..p..........W..
0001ded0: 7000 ecc9 0000 0000 e101 1134 c014 7000  p..........4..p.
0001dee0: 7ec9 0000 0000 8618 a14a 1300 7100 80f5  ~........J..q...
0001def0: 0000 0000 e101 0e57 1300 7100 ecc9 0000  .......W..q.....
0001df00: 0000 e101 1134 c014 7100 7ec9 0000 0000  .....4..q.~.....
0001df10: 8618 a14a 1300 7200 6cf6 0000 0000 e101  ...J..r.l.......
0001df20: 0e57 1300 7200 ecc9 0000 0000 e101 1134  .W..r..........4
0001df30: c014 7200 7ec9 0000 0000 8618 a14a 1300  ..r.~........J..
0001df40: 7300 08f8 0000 0000 e101 0e57 1300 7300  s..........W..s.
0001df50: ecc9 0000 0000 e101 1134 c014 7300 7ec9  .........4..s.~.
0001df60: 0000 0000 8618 a14a 1300 7400 a4f9 0000  .......J..t.....
0001df70: 0000 e101 0e57 1300 7400 ecc9 0000 0000  .....W..t.......
0001df80: e101 1134 c014 7400 7ec9 0000 0000 8618  ...4..t.~.......
0001df90: a14a 1300 7500 5cfb 0000 0000 e101 0e57  .J..u.\........W
0001dfa0: 1300 7500 ecc9 0000 0000 e101 1134 c014  ..u..........4..
0001dfb0: 7500 7ec9 0000 0000 8618 a14a 1300 7600  u.~........J..v.
0001dfc0: 1014 0100 0000 e101 0e57 1300 7600 ecc9  .........W..v...
0001dfd0: 0000 0000 e101 1134 c014 7600 7ec9 0000  .......4..v.~...
0001dfe0: 0000 8618 a14a 1300 7700 8c15 0100 0000  .....J..w.......
0001dff0: e101 0e57 1300 7700 ecc9 0000 0000 e101  ...W..w.........
0001e000: 1134 c014 7700 7ec9 0000 0000 8618 a14a  .4..w.~........J
0001e010: 1300 7800 cc17 0100 0000 e101 0e57 1300  ..x..........W..
0001e020: 7800 ecc9 0000 0000 e101 1134 c014 7800  x..........4..x.
0001e030: 7ec9 0000 0000 8618 a14a 1300 7900 8c19  ~........J..y...
0001e040: 0100 0000 e101 0e57 1300 7900 ecc9 0000  .......W..y.....
0001e050: 0000 e101 1134 c014 7900 7ec9 0000 0000  .....4..y.~.....
0001e060: 8618 a14a 1300 7a00 d01d 0100 0000 e101  ...J..z.........
0001e070: 0e57 1300 7a00 ecc9 0000 0000 e101 1134  .W..z..........4
0001e080: c014 7a00 7ec9 0000 0000 8618 a14a 1300  ..z.~........J..
0001e090: 7b00 341f 0100 0000 e101 0e57 1300 7b00  {.4........W..{.
0001e0a0: ecc9 0000 0000 e101 1134 c014 7b00 7ec9  .........4..{.~.
0001e0b0: 0000 0000 8618 a14a 1300 7c00 cc20 0100  .......J..|.. ..
0001e0c0: 0000 e101 0e57 1300 7c00 ecc9 0000 0000  .....W..|.......
0001e0d0: e101 1134 c014 7c00 7ec9 0000 0000 8618  ...4..|.~.......
0001e0e0: a14a 1300 7d00 1822 0100 0000 e101 0e57  .J..}..".......W
0001e0f0: 1300 7d00 ecc9 0000 0000 e101 1134 c014  ..}..........4..
0001e100: 7d00 7ec9 0000 0000 8618 a14a 1300 7e00  }.~........J..~.
0001e110: 5423 0100 0000 e101 0e57 1300 7e00 ecc9  T#.......W..~...
0001e120: 0000 0000 e101 1134 c014 7e00 7ec9 0000  .......4..~.~...
0001e130: 0000 8618 a14a 1300 7f00 6824 0100 0000  .....J....h$....
0001e140: e101 0e57 1300 7f00 ecc9 0000 0000 e101  ...W............
0001e150: 1134 c014 7f00 7ec9 0000 0000 8618 a14a  .4....~........J
0001e160: 1300 8000 2826 0100 0000 e101 0e57 1300  ....(&.......W..
0001e170: 8000 ecc9 0000 0000 e101 1134 c014 8000  ...........4....
0001e180: 7ec9 0000 0000 8618 a14a 1300 8100 8c27  ~........J.....'
0001e190: 0100 0000 e101 0e57 1300 8100 ecc9 0000  .......W........
0001e1a0: 0000 e101 1134 c014 8100 7ec9 0000 0000  .....4....~.....
0001e1b0: 8618 a14a 1300 8200 f42a 0100 0000 e101  ...J.....*......
0001e1c0: 0e57 1300 8200 ecc9 0000 0000 e101 1134  .W.............4
0001e1d0: c014 8200 7ec9 0000 0000 8618 a14a 1300  ....~........J..
0001e1e0: 8300 a42d 0100 0000 e101 0e57 1300 8300  ...-.......W....
0001e1f0: ecc9 0000 0000 e101 1134 c014 8300 7ec9  .........4....~.
0001e200: 0000 0000 8618 a14a 1300 8400 b82e 0100  .......J........
0001e210: 0000 e101 0e57 1300 8400 ecc9 0000 0000  .....W..........
0001e220: e101 1134 c014 8400 7ec9 0000 0000 8618  ...4....~.......
0001e230: a14a 1300 8500 cc2f 0100 0000 e101 0e57  .J...../.......W
0001e240: 1300 8500 ecc9 0000 0000 e101 1134 c014  .............4..
0001e250: 8500 7ec9 0000 0000 8618 a14a 1300 8600  ..~........J....
0001e260: e030 0100 0000 e101 0e57 1300 8600 ecc9  .0.......W......
0001e270: 0000 0000 e101 1134 c014 8600 7ec9 0000  .......4....~...
0001e280: 0000 8618 a14a 1300 8700 1c32 0100 0000  .....J.....2....
0001e290: e101 0e57 1300 8700 ecc9 0000 0000 e101  ...W............
0001e2a0: 1134 c014 8700 7ec9 0000 0000 8618 a14a  .4....~........J
0001e2b0: 1300 8800 7c35 0100 0000 e101 0e57 1300  ....|5.......W..
0001e2c0: 8800 ecc9 0000 0000 e101 1134 c014 8800  ...........4....
0001e2d0: 7ec9 0000 0000 8618 a14a 1300 8900 ac38  ~........J.....8
0001e2e0: 0100 0000 e101 0e57 1300 8900 ecc9 0000  .......W........
0001e2f0: 0000 e101 1134 c014 8900 c039 0100 0000  .....4.....9....
0001e300: 8600 ad54 1300 8a00 7ec9 0000 0000 8618  ...T....~.......
0001e310: a14a 1300 8a00 cc39 0100 0000 9600 0c39  .J.....9.......9
0001e320: f921 8a00 343a 0100 0000 8618 a14a 1300  .!..4:.......J..
0001e330: 8d00 f028 0000 0000 c400 db55 1300 8d00  ...(.......U....
0001e340: f028 0000 0000 c400 7f43 1300 8d00 f028  .(.......C.....(
0001e350: 0000 0000 c400 ed33 1300 8d00 e03a 0100  .......3.....:..
0001e360: 0000 8100 4555 1300 8d00 4541 0100 0000  ....EU....EA....
0001e370: 8100 d633 1300 8d00 5c41 0100 0000 8618  ...3....\A......
0001e380: a14a 1300 8d00 2842 0100 0000 8100 4555  .J....(B......EU
0001e390: 1300 8d00 eb45 0100 0000 8100 d633 1300  .....E.......3..
0001e3a0: 8d00 1046 0100 0000 8618 a14a 1300 8d00  ...F.......J....
0001e3b0: 4446 0100 0000 8100 f029 ce23 8d00 7446  DF.......).#..tF
0001e3c0: 0100 0000 8100 6a39 1300 8f00 b046 0100  ......j9.....F..
0001e3d0: 0000 8100 793b 3102 8f00 f446 0100 0000  ....y;1....F....
0001e3e0: 8100 8825 8705 8f00 2847 0100 0000 8300  ...%....(G......
0001e3f0: 3f3b 6e24 9000 7447 0100 0000 8300 9b42  ?;n$..tG.......B
0001e400: 6e24 9100 c047 0100 0000 8300 554a 6e24  n$...G......UJn$
0001e410: 9200 0c48 0100 0000 8600 f654 3825 9300  ...H.......T8%..
0001e420: 6848 0100 0000 8300 7b3d 8825 9600 bc48  hH......{=.%...H
0001e430: 0100 0000 8300 821e ef25 9800 1049 0100  .........%...I..
0001e440: 0000 8100 df1e 5126 9a00 4c49 0100 0000  ......Q&..LI....
0001e450: 8600 df1e 9326 9c00 b049 0100 0000 8600  .....&...I......
0001e460: 8f1f a726 9e00 0c4a 0100 0000 8100 cc42  ...&...J.......B
0001e470: a807 a100 504a 0100 0000 8100 7341 1d07  ....PJ......sA..
0001e480: a100 9c4a 0100 0000 8100 4d57 6d1f a200  ...J......MWm...
0001e490: e84a 0100 0000 8100 1e56 7318 a300 4c4b  .J.......Vs...LK
0001e4a0: 0100 0000 8600 9c1f a807 a700 904b 0100  .............K..
0001e4b0: 0000 8600 b12e 1300 a700 b24b 0100 0000  ...........K....
0001e4c0: 8600 922e 1300 a700 d44b 0100 0000 8600  .........K......
0001e4d0: de2f 1300 a700 f84b 0100 0000 8600 862e  ./.....K........
0001e4e0: 1300 a700 b84c 0100 0000 8600 d22e 1300  .....L..........
0001e4f0: a700 da4c 0100 0000 8600 772e 1300 a700  ...L......w.....
0001e500: fc4c 0100 0000 8600 c32e 1300 a700 114d  .L.............M
0001e510: 0100 0000 8600 cd2f 1300 a700 264d 0100  ......./....&M..
0001e520: 0000 8600 612f 1300 a700 3b4d 0100 0000  ....a/....;M....
0001e530: 8600 bd2f 1300 a700 504d 0100 0000 8600  .../....PM......
0001e540: a32e 1300 a700 724d 0100 0000 8600 ee2f  ......rM......./
0001e550: 1300 a700 874d 0100 0000 8600 3d2f 1300  .....M......=/..
0001e560: a700 ac4d 0100 0000 8600 cc56 d411 a700  ...M.......V....
0001e570: c84d 0100 0000 8600 e74a ce18 a700 904e  .M.......J.....N
0001e580: 0100 0000 8600 da4a 1300 a800 144f 0100  .......J.....O..
0001e590: 0000 8100 d824 bf28 a800 484f 0100 0000  .....$.(..HO....
0001e5a0: 8600 7c1f d328 aa00 8c4f 0100 0000 8600  ..|..(...O......
0001e5b0: 171f 2429 aa00 d84f 0100 0000 8600 d756  ..$)...O.......V
0001e5c0: d411 ab00 c050 0100 0000 8600 d74b d411  .....P.......K..
0001e5d0: ab00 e450 0100 0000 8600 a44c df29 ab00  ...P.......L.)..
0001e5e0: 1051 0100 0000 8600 3a32 f629 ac00 5451  .Q......:2.)..TQ
0001e5f0: 0100 0000 8600 b51d 1f00 ae00 8051 0100  .............Q..
0001e600: 0000 8600 b91e a81b af00 cc51 0100 0000  ...........Q....
0001e610: 8600 ac1e 2429 b000 1852 0100 0000 8600  ....$)...R......
0001e620: eb1e 9e2a b100 6452 0100 0000 8600 b13e  ...*..dR.......>
0001e630: 0403 b200 0c53 0100 0000 8100 b329 ff00  .....S.......)..
0001e640: b200 5c53 0100 0000 8100 c728 622b b400  ..\S.......(b+..
0001e650: 2854 0100 0000 8100 6024 792b b600 9c54  (T......`$y+...T
0001e660: 0100 0000 8600 a53e 0403 b800 3055 0100  .......>....0U..
0001e670: 0000 8600 c93e 0403 b800 d055 0100 0000  .....>.....U....
0001e680: 8100 1129 ae2b b800 7c56 0100 0000 8100  ...).+..|V......
0001e690: 1b26 be2b ba00 cc56 0100 0000 8100 ae24  .&.+...V.......$
0001e6a0: be2b bb00 3457 0100 0000 8600 be3e 0403  .+..4W.......>..
0001e6b0: bc00 b857 0100 0000 8100 b301 1300 bc00  ...W............
0001e6c0: f457 0100 0000 8100 2b02 1300 bc00 3058  .W......+.....0X
0001e6d0: 0100 0000 8100 aa02 1300 bc00 6c58 0100  ............lX..
0001e6e0: 0000 8100 f302 1300 bc00 a858 0100 0000  ...........X....
0001e6f0: 8100 2608 1300 bc00 e458 0100 0000 8100  ..&......X......
0001e700: 6003 1300 bc00 2059 0100 0000 8100 b703  `..... Y........
0001e710: 1300 bc00 5c59 0100 0000 8100 0e04 1300  ....\Y..........
0001e720: bc00 9859 0100 0000 8100 7404 1300 bc00  ...Y......t.....
0001e730: d459 0100 0000 8100 fa04 1300 bc00 105a  .Y.............Z
0001e740: 0100 0000 8100 4401 1300 bc00 4c5a 0100  ......D.....LZ..
0001e750: 0000 8100 ce01 1300 bc00 885a 0100 0000  ...........Z....
0001e760: 8100 4502 1300 bc00 c45a 0100 0000 8100  ..E......Z......
0001e770: c302 1300 bc00 005b 0100 0000 8100 cf03  .......[........
0001e780: e72f bc00 7ec9 0000 0000 8618 a14a 1300  ./..~........J..
0001e790: bd00 5c5b 0100 0000 e101 0e57 1300 bd00  ..\[.......W....
0001e7a0: ecc9 0000 0000 e101 1134 c014 bd00 7ec9  .........4....~.
0001e7b0: 0000 0000 8618 a14a 1300 be00 b05c 0100  .......J.....\..
0001e7c0: 0000 e101 0e57 1300 be00 ecc9 0000 0000  .....W..........
0001e7d0: e101 1134 c014 be00 7ec9 0000 0000 8618  ...4....~.......
0001e7e0: a14a 1300 bf00 785d 0100 0000 e101 0e57  .J....x].......W
0001e7f0: 1300 bf00 ecc9 0000 0000 e101 1134 c014  .............4..
0001e800: bf00 7ec9 0000 0000 8618 a14a 1300 c000  ..~........J....
0001e810: 405e 0100 0000 e101 0e57 1300 c000 ecc9  @^.......W......
0001e820: 0000 0000 e101 1134 c014 c000 7ec9 0000  .......4....~...
0001e830: 0000 8618 a14a 1300 c100 085f 0100 0000  .....J....._....
0001e840: e101 0e57 1300 c100 ecc9 0000 0000 e101  ...W............
0001e850: 1134 c014 c100 7ec9 0000 0000 8618 a14a  .4....~........J
0001e860: 1300 c200 d05f 0100 0000 e101 0e57 1300  ....._.......W..
0001e870: c200 ecc9 0000 0000 e101 1134 c014 c200  ...........4....
0001e880: 7ec9 0000 0000 8618 a14a 1300 c300 9860  ~........J.....`
0001e890: 0100 0000 e101 0e57 1300 c300 ecc9 0000  .......W........
0001e8a0: 0000 e101 1134 c014 c300 7ec9 0000 0000  .....4....~.....
0001e8b0: 8618 a14a 1300 c400 6061 0100 0000 e101  ...J....`a......
0001e8c0: 0e57 1300 c400 ecc9 0000 0000 e101 1134  .W.............4
0001e8d0: c014 c400 7ec9 0000 0000 8618 a14a 1300  ....~........J..
0001e8e0: c500 2862 0100 0000 e101 0e57 1300 c500  ..(b.......W....
0001e8f0: ecc9 0000 0000 e101 1134 c014 c500 7ec9  .........4....~.
0001e900: 0000 0000 8618 a14a 1300 c600 f062 0100  .......J.....b..
0001e910: 0000 e101 0e57 1300 c600 ecc9 0000 0000  .....W..........
0001e920: e101 1134 c014 c600 7ec9 0000 0000 8618  ...4....~.......
0001e930: a14a 1300 c700 b863 0100 0000 e101 0e57  .J.....c.......W
0001e940: 1300 c700 ecc9 0000 0000 e101 1134 c014  .............4..
0001e950: c700 7ec9 0000 0000 8618 a14a 1300 c800  ..~........J....
0001e960: 8064 0100 0000 e101 0e57 1300 c800 ecc9  .d.......W......
0001e970: 0000 0000 e101 1134 c014 c800 7ec9 0000  .......4....~...
0001e980: 0000 8618 a14a 1300 c900 4865 0100 0000  .....J....He....
0001e990: e101 0e57 1300 c900 ecc9 0000 0000 e101  ...W............
0001e9a0: 1134 c014 c900 7ec9 0000 0000 8618 a14a  .4....~........J
0001e9b0: 1300 ca00 1066 0100 0000 e101 0e57 1300  .....f.......W..
0001e9c0: ca00 ecc9 0000 0000 e101 1134 c014 ca00  ...........4....
0001e9d0: d866 0100 0000 9118 a74a 8305 cb00 7ec9  .f.......J....~.
0001e9e0: 0000 0000 8618 a14a 1300 cb00 e0cc 0000  .......J........
0001e9f0: 0000 8300 4b1b de15 cb00 7ec9 0000 0000  ....K.....~.....
0001ea00: 8618 a14a 1300 cc00 e466 0100 0000 8300  ...J.....f......
0001ea10: 7105 1300 cc00 7ec9 0000 0000 8618 a14a  q.....~........J
0001ea20: 1300 cc00 2067 0100 0000 e101 0e57 1300  .... g.......W..
0001ea30: cc00 ecc9 0000 0000 e101 1134 c014 cc00  ...........4....
0001ea40: 7ec9 0000 0000 8618 a14a 1300 cd00 586c  ~........J....Xl
0001ea50: 0100 0000 8300 7105 1307 cd00 7ec9 0000  ......q.....~...
0001ea60: 0000 8618 a14a 1300 cd00 9c6c 0100 0000  .....J.....l....
0001ea70: e101 0e57 1300 cd00 ecc9 0000 0000 e101  ...W............
0001ea80: 1134 c014 cd00 7ec9 0000 0000 8618 a14a  .4....~........J
0001ea90: 1300 ce00 bc6d 0100 0000 8300 9c05 a807  .....m..........
0001eaa0: ce00 006e 0100 0000 8300 5809 a807 ce00  ...n......X.....
0001eab0: 446e 0100 0000 8300 240f 5d07 ce00 786e  Dn......$.]...xn
0001eac0: 0100 0000 8300 3216 3102 d000 7ec9 0000  ......2.1...~...
0001ead0: 0000 8618 a14a 1300 d000 bc6e 0100 0000  .....J.....n....
0001eae0: e101 0e57 1300 d000 ecc9 0000 0000 e101  ...W............
0001eaf0: 1134 c014 d000 7ec9 0000 0000 8618 a14a  .4....~........J
0001eb00: 1300 d100 9c6f 0100 0000 e101 0e57 1300  .....o.......W..
0001eb10: d100 ecc9 0000 0000 e101 1134 c014 d100  ...........4....
0001eb20: 7ec9 0000 0000 8618 a14a 1300 d200 7c70  ~........J....|p
0001eb30: 0100 0000 e101 0e57 1300 d200 ecc9 0000  .......W........
0001eb40: 0000 e101 1134 c014 d200 7ec9 0000 0000  .....4....~.....
0001eb50: 8618 a14a 1300 d300 9871 0100 0000 8300  ...J.....q......
0001eb60: 2c12 3102 d300 7ec9 0000 0000 8618 a14a  ,.1...~........J
0001eb70: 1300 d300 dc71 0100 0000 e101 0e57 1300  .....q.......W..
0001eb80: d300 ecc9 0000 0000 e101 1134 c014 d300  ...........4....
0001eb90: 7ec9 0000 0000 8618 a14a 1300 d400 d072  ~........J.....r
0001eba0: 0100 0000 8300 2d14 1300 d400 7ec9 0000  ......-.....~...
0001ebb0: 0000 8618 a14a 1300 d400 0c73 0100 0000  .....J.....s....
0001ebc0: e101 0e57 1300 d400 ecc9 0000 0000 e101  ...W............
0001ebd0: 1134 c014 d400 7ec9 0000 0000 8618 a14a  .4....~........J
0001ebe0: 1300 d500 dc73 0100 0000 8300 8917 ff00  .....s..........
0001ebf0: d500 0874 0100 0000 8300 0b19 1f00 d700  ...t............
0001ec00: 7ec9 0000 0000 8618 a14a 1300 d800 3c74  ~........J....<t
0001ec10: 0100 0000 8300 331a 1300 d800 7ec9 0000  ......3.....~...
0001ec20: 0000 8618 a14a 1300 d800 7874 0100 0000  .....J....xt....
0001ec30: e101 0e57 1300 d800 ecc9 0000 0000 e101  ...W............
0001ec40: 1134 c014 d800 7ec9 0000 0000 8618 a14a  .4....~........J
0001ec50: 1300 d900 9c75 0100 0000 8300 e505 1300  .....u..........
0001ec60: d900 7ec9 0000 0000 8618 a14a 1300 d900  ..~........J....
0001ec70: d875 0100 0000 e101 0e57 1300 d900 ecc9  .u.......W......
0001ec80: 0000 0000 e101 1134 c014 d900 7ec9 0000  .......4....~...
0001ec90: 0000 8618 a14a 1300 da00 b876 0100 0000  .....J.....v....
0001eca0: 8300 8305 e72f da00 7ec9 0000 0000 8618  ...../..~.......
0001ecb0: a14a 1300 db00 1877 0100 0000 8300 9e06  .J.....w........
0001ecc0: 1300 db00 7ec9 0000 0000 8618 a14a 1300  ....~........J..
0001ecd0: db00 5477 0100 0000 e101 0e57 1300 db00  ..Tw.......W....
0001ece0: ecc9 0000 0000 e101 1134 c014 db00 7ec9  .........4....~.
0001ecf0: 0000 0000 8618 a14a 1300 dc00 2c78 0100  .......J....,x..
0001ed00: 0000 8300 5c06 1300 dc00 7ec9 0000 0000  ....\.....~.....
0001ed10: 8618 a14a 1300 dc00 6878 0100 0000 e101  ...J....hx......
0001ed20: 0e57 1300 dc00 ecc9 0000 0000 e101 1134  .W.............4
0001ed30: c014 dc00 7ec9 0000 0000 8618 a14a 1300  ....~........J..
0001ed40: dd00 4079 0100 0000 8300 af05 1300 dd00  ..@y............
0001ed50: 7ec9 0000 0000 8618 a14a 1300 dd00 7c79  ~........J....|y
0001ed60: 0100 0000 e101 0e57 1300 dd00 ecc9 0000  .......W........
0001ed70: 0000 e101 1134 c014 dd00 7ec9 0000 0000  .....4....~.....
0001ed80: 8618 a14a 1300 de00 547a 0100 0000 8300  ...J....Tz......
0001ed90: 7b06 1300 de00 7ec9 0000 0000 8618 a14a  {.....~........J
0001eda0: 1300 de00 907a 0100 0000 e101 0e57 1300  .....z.......W..
0001edb0: de00 ecc9 0000 0000 e101 1134 c014 de00  ...........4....
0001edc0: 7ec9 0000 0000 8618 a14a 1300 df00 687b  ~........J....h{
0001edd0: 0100 0000 8300 3d06 1300 df00 7ec9 0000  ......=.....~...
0001ede0: 0000 8618 a14a 1300 df00 a47b 0100 0000  .....J.....{....
0001edf0: e101 0e57 1300 df00 ecc9 0000 0000 e101  ...W............
0001ee00: 1134 c014 df00 7ec9 0000 0000 8618 a14a  .4....~........J
0001ee10: 1300 e000 7c7c 0100 0000 8300 1f06 1300  ....||..........
0001ee20: e000 7ec9 0000 0000 8618 a14a 1300 e000  ..~........J....
0001ee30: b87c 0100 0000 e101 0e57 1300 e000 ecc9  .|.......W......
0001ee40: 0000 0000 e101 1134 c014 e000 7ec9 0000  .......4....~...
0001ee50: 0000 8618 a14a 1300 e100 9c7d 0100 0000  .....J.....}....
0001ee60: 8300 c605 1300 e100 7ec9 0000 0000 8618  ........~.......
0001ee70: a14a 1300 e100 d87d 0100 0000 e101 0e57  .J.....}.......W
0001ee80: 1300 e100 ecc9 0000 0000 e101 1134 c014  .............4..
0001ee90: e100 7ec9 0000 0000 8618 a14a 1300 e200  ..~........J....
0001eea0: b07e 0100 0000 e101 0e57 1300 e200 ecc9  .~.......W......
0001eeb0: 0000 0000 e101 1134 c014 e200 7ec9 0000  .......4....~...
0001eec0: 0000 8618 a14a 1300 e300 8c7f 0100 0000  .....J..........
0001eed0: e101 0e57 1300 e300 ecc9 0000 0000 e101  ...W............
0001eee0: 1134 c014 e300 7ec9 0000 0000 8618 a14a  .4....~........J
0001eef0: 1300 e400 d481 0100 0000 e101 0e57 1300  .............W..
0001ef00: e400 ecc9 0000 0000 e101 1134 c014 e400  ...........4....
0001ef10: 7ec9 0000 0000 8618 a14a 1300 e500 6c8b  ~........J....l.
0001ef20: 0100 0000 e101 0e57 1300 e500 ecc9 0000  .......W........
0001ef30: 0000 e101 1134 c014 e500 7ec9 0000 0000  .....4....~.....
0001ef40: 8618 a14a 1300 e600 748d 0100 0000 e101  ...J....t.......
0001ef50: 0e57 1300 e600 ecc9 0000 0000 e101 1134  .W.............4
0001ef60: c014 e600 7ec9 0000 0000 8618 a14a 1300  ....~........J..
0001ef70: e700 90b0 0100 0000 e101 0e57 1300 e700  ...........W....
0001ef80: ecc9 0000 0000 e101 1134 c014 e700 7ec9  .........4....~.
0001ef90: 0000 0000 8618 a14a 1300 e800 70b1 0100  .......J....p...
0001efa0: 0000 e101 0e57 1300 e800 ecc9 0000 0000  .....W..........
0001efb0: e101 1134 c014 e800 7ec9 0000 0000 8618  ...4....~.......
0001efc0: a14a 1300 e900 78b2 0100 0000 e101 0e57  .J....x........W
0001efd0: 1300 e900 ecc9 0000 0000 e101 1134 c014  .............4..
0001efe0: e900 7ec9 0000 0000 8618 a14a 1300 ea00  ..~........J....
0001eff0: e0b4 0100 0000 e101 0e57 1300 ea00 ecc9  .........W......
0001f000: 0000 0000 e101 1134 c014 ea00 7ec9 0000  .......4....~...
0001f010: 0000 8618 a14a 1300 eb00 ecbb 0100 0000  .....J..........
0001f020: e101 0e57 1300 eb00 ecc9 0000 0000 e101  ...W............
0001f030: 1134 c014 eb00 7ec9 0000 0000 8618 a14a  .4....~........J
0001f040: 1300 ec00 60c3 0100 0000 e101 0e57 1300  ....`........W..
0001f050: ec00 ecc9 0000 0000 e101 1134 c014 ec00  ...........4....
0001f060: 7ec9 0000 0000 8618 a14a 1300 ed00 2cc6  ~........J....,.
0001f070: 0100 0000 e101 0e57 1300 ed00 ecc9 0000  .......W........
0001f080: 0000 e101 1134 c014 ed00 7ec9 0000 0000  .....4....~.....
0001f090: 8618 a14a 1300 ee00 f0c8 0100 0000 e101  ...J............
0001f0a0: 0e57 1300 ee00 ecc9 0000 0000 e101 1134  .W.............4
0001f0b0: c014 ee00 7ec9 0000 0000 8618 a14a 1300  ....~........J..
0001f0c0: ef00 28ca 0100 0000 e101 0e57 1300 ef00  ..(........W....
0001f0d0: ecc9 0000 0000 e101 1134 c014 ef00 7ec9  .........4....~.
0001f0e0: 0000 0000 8618 a14a 1300 f000 fcca 0100  .......J........
0001f0f0: 0000 e101 0e57 1300 f000 ecc9 0000 0000  .....W..........
0001f100: e101 1134 c014 f000 7ec9 0000 0000 8618  ...4....~.......
0001f110: a14a 1300 f100 74cc 0100 0000 e101 0e57  .J....t........W
0001f120: 1300 f100 ecc9 0000 0000 e101 1134 c014  .............4..
0001f130: f100 7ec9 0000 0000 8618 a14a 1300 f200  ..~........J....
0001f140: 98cd 0100 0000 e101 0e57 1300 f200 ecc9  .........W......
0001f150: 0000 0000 e101 1134 c014 f200 7ec9 0000  .......4....~...
0001f160: 0000 8618 a14a 1300 f300 70ce 0100 0000  .....J....p.....
0001f170: e101 0e57 1300 f300 ecc9 0000 0000 e101  ...W............
0001f180: 1134 c014 f300 7ec9 0000 0000 8618 a14a  .4....~........J
0001f190: 1300 f400 48cf 0100 0000 e101 0e57 1300  ....H........W..
0001f1a0: f400 ecc9 0000 0000 e101 1134 c014 f400  ...........4....
0001f1b0: 20d0 0100 0000 8618 a14a c029 f500 0000   ........J.)....
0001f1c0: 0100 2439 0000 0100 c745 0000 0200 7339  ..$9.....E....s9
0001f1d0: 0000 0100 c745 0000 0200 7339 0000 0100  .....E....s9....
0001f1e0: c745 0000 0200 7339 0000 0100 c745 0000  .E....s9.....E..
0001f1f0: 0200 7339 0000 0100 c745 0000 0200 7339  ..s9.....E....s9
0001f200: 0000 0100 c745 0000 0200 7339 0000 0100  .....E....s9....
0001f210: c745 0000 0200 7339 0000 0100 c745 0000  .E....s9.....E..
0001f220: 0200 7339 0000 0100 c745 0000 0200 7339  ..s9.....E....s9
0001f230: 0000 0100 c745 0000 0200 7339 0000 0100  .....E....s9....
0001f240: 9253 0000 0100 c745 0000 0200 7339 0000  .S.....E....s9..
0001f250: 0100 c745 0000 0200 7339 0000 0100 c745  ...E....s9.....E
0001f260: 0000 0200 7339 0000 0100 c745 0000 0200  ....s9.....E....
0001f270: 7339 0000 0100 c745 0000 0200 7339 0000  s9.....E....s9..
0001f280: 0100 5d57 1010 0100 c71d 0000 0100 4e47  ..]W..........NG
0001f290: 0000 0100 c745 0000 0200 7339 1010 0100  .....E....s9....
0001f2a0: 593c 0000 0100 c745 0000 0200 7339 0000  Y<.....E....s9..
0001f2b0: 0100 c745 0000 0200 7339 0000 0100 c745  ...E....s9.....E
0001f2c0: 0000 0200 7339 0000 0100 c745 0000 0200  ....s9.....E....
0001f2d0: 7339 0000 0100 c745 0000 0200 7339 0000  s9.....E....s9..
0001f2e0: 0100 c745 0000 0200 7339 0000 0100 c745  ...E....s9.....E
0001f2f0: 0000 0200 7339 0000 0100 c745 0000 0200  ....s9.....E....
0001f300: 7339 0000 0100 c745 0000 0200 7339 0000  s9.....E....s9..
0001f310: 0100 c745 0000 0200 7339 0000 0100 2134  ...E....s9....!4
0001f320: 0000 0100 2134 0000 0100 e057 0000 0100  ....!4.....W....
0001f330: e057 0000 0100 e057 0000 0100 e057 0000  .W.....W.....W..
0001f340: 0100 e057 0000 0100 e057 0000 0100 e057  ...W.....W.....W
0001f350: 0000 0100 e057 0000 0100 e057 0000 0100  .....W.....W....
0001f360: e057 0000 0100 e057 0000 0100 e057 0100  .W.....W.....W..
0001f370: 0100 1807 0100 0100 1807 0100 0100 1807  ................
0001f380: 0100 0100 1807 0100 0100 1807 0100 0100  ................
0001f390: 1807 0100 0200 150b 0100 0100 1807 0100  ................
0001f3a0: 0100 1807 0100 0100 1807 0100 0100 1807  ................
0001f3b0: 0100 0100 1807 0100 0100 1807 0100 0100  ................
0001f3c0: 1807 0100 0100 1807 0100 0100 1807 0100  ................
0001f3d0: 0100 1807 0100 0100 1807 0100 0100 1807  ................
0001f3e0: 0100 0100 1807 0100 0100 1807 0100 0100  ................
0001f3f0: 1807 0000 0100 2134 0000 0100 2134 0000  ......!4....!4..
0001f400: 0100 2134 0000 0100 2134 0000 0100 2134  ..!4....!4....!4
0001f410: 0000 0100 2134 0000 0100 2134 0000 0100  ....!4....!4....
0001f420: ba45 0000 0200 684d 0000 0100 133c 0000  .E....hM.....<..
0001f430: 0100 2134 0000 0100 2134 0000 0100 2134  ..!4....!4....!4
0001f440: 0000 0100 2134 0000 0100 2134 0000 0100  ....!4....!4....
0001f450: 2134 0000 0100 2134 0000 0100 2134 0000  !4....!4....!4..
0001f460: 0100 2134 0000 0100 2134 0000 0100 2134  ..!4....!4....!4
0001f470: 0000 0100 2134 0000 0100 2134 0000 0100  ....!4....!4....
0001f480: 2134 0000 0100 2134 0000 0100 2134 0000  !4....!4....!4..
0001f490: 0100 2134 0000 0100 2134 0000 0100 2134  ..!4....!4....!4
0001f4a0: 0000 0100 2134 0000 0100 2134 0000 0100  ....!4....!4....
0001f4b0: 2134 0000 0100 2134 0000 0100 2134 0000  !4....!4....!4..
0001f4c0: 0100 2134 0000 0100 2134 0000 0100 2134  ..!4....!4....!4
0001f4d0: 0000 0100 2134 0000 0100 2134 0000 0100  ....!4....!4....
0001f4e0: 2134 0000 0100 2134 0000 0100 2134 0000  !4....!4....!4..
0001f4f0: 0100 2134 0000 0100 153c 0000 0200 3933  ..!4.....<....93
0001f500: 0000 0300 803c 0000 0100 c745 0000 0200  .....<.....E....
0001f510: 7339 0000 0100 9253 0000 0100 bb4d 0000  s9.....S.....M..
0001f520: 0100 bb4d 0000 0100 bb4d 0000 0100 e82b  ...M.....M.....+
0001f530: 0000 0200 121e 0000 0300 2439 0000 0100  ..........$9....
0001f540: ad32 0000 0200 bb4d 0000 0100 ad32 0000  .2.....M.....2..
0001f550: 0200 bb4d 0000 0100 781e 0000 0200 7833  ...M....x.....x3
0001f560: 0000 0100 7833 0000 0200 bb4d 0000 0100  ....x3.....M....
0001f570: 9034 0000 0200 2352 1010 0300 c71d 0000  .4....#R........
0001f580: 0100 4e47 0000 0100 5d57 0000 0100 6932  ..NG....]W....i2
0001f590: 0000 0200 8955 0000 0300 c255 1010 0400  .....U.....U....
0001f5a0: 913c 0000 0100 6342 0000 0100 c745 0000  .<....cB.....E..
0001f5b0: 0200 7339 0000 0100 2158 0000 0100 1b2c  ..s9....!X.....,
0001f5c0: 0000 0100 1b2c 0000 0200 ce57 0000 0100  .....,.....W....
0001f5d0: c557 0000 0100 2158 0000 0100 2158 0000  .W....!X....!X..
0001f5e0: 0100 7744 0000 0100 c745 0000 0200 7339  ..wD.....E....s9
0001f5f0: 0000 0100 c745 0000 0200 7339 0000 0100  .....E....s9....
0001f600: c745 0000 0200 7339 0000 0100 8e46 0000  .E....s9.....F..
0001f610: 0200 9a2c 0000 0100 8e46 0000 0100 8e46  ...,.....F.....F
0001f620: 0000 0100 ec52 0000 0100 2134 0000 0100  .....R....!4....
0001f630: 2134 0000 0100 2134 0000 0100 2134 0000  !4....!4....!4..
0001f640: 0100 2134 0000 0100 2134 0000 0100 2134  ..!4....!4....!4
0001f650: 0000 0100 2134 0000 0100 2134 0000 0100  ....!4....!4....
0001f660: 2134 0000 0100 2134 0000 0100 2134 0000  !4....!4....!4..
0001f670: 0100 2134 0000 0100 2134 0000 0100 e057  ..!4....!4.....W
0001f680: 0000 0100 2134 0000 0100 2134 0000 0100  ....!4....!4....
0001f690: c745 0000 0200 5d57 0000 0100 2134 0000  .E....]W....!4..
0001f6a0: 0100 2134 0000 0100 2134 0000 0100 2134  ..!4....!4....!4
0001f6b0: 0000 0100 2134 0000 0100 ba45 0000 0200  ....!4.....E....
0001f6c0: 684d 0000 0100 2f52 0000 0100 2134 0000  hM..../R....!4..
0001f6d0: 0100 2134 0000 0100 ec52 0000 0100 2134  ..!4.....R....!4
0001f6e0: 0000 0100 2134 0000 0100 2134 0000 0100  ....!4....!4....
0001f6f0: 2134 0000 0100 2134 0000 0100 2134 0000  !4....!4....!4..
0001f700: 0100 2134 0000 0100 2134 0000 0100 2134  ..!4....!4....!4
0001f710: 0000 0100 2134 0000 0100 2134 0000 0100  ....!4....!4....
0001f720: 2134 0000 0100 2134 0000 0100 2134 0000  !4....!4....!4..
0001f730: 0100 2134 0000 0100 2134 0000 0100 2134  ..!4....!4....!4
0001f740: 0000 0100 2134 0000 0100 2134 0000 0100  ....!4....!4....
0001f750: 2134 0000 0100 2134 0000 0100 2134 0000  !4....!4....!4..
0001f760: 0100 2134 0000 0100 2134 0000 0100 2134  ..!4....!4....!4
0001f770: 0000 0100 2134 0000 0100 2439 0500 b102  ....!4....$9....
0001f780: 0600 b102 0900 b102 0d00 b102 0e00 b102  ................
0001f790: 0f00 b102 1200 b102 1300 b102 1500 b102  ................
0001f7a0: 1700 b102 1b00 b102 1c00 b102 1d00 b102  ................
0001f7b0: 1e00 b102 1f00 b102 2000 b102 2100 b102  ........ ...!...
0001f7c0: 2200 b102 2300 b102 2400 b102 2500 b102  "...#...$...%...
0001f7d0: 2600 b102 2700 b102 2800 b102 2900 b102  &...'...(...)...
0001f7e0: 2a00 b102 2b00 b102 2c00 b102 2d00 b102  *...+...,...-...
0001f7f0: 2e00 b102 2f00 b102 3000 b102 3100 b102  ..../...0...1...
0001f800: 3200 b102 3300 b102 3400 b102 3500 b102  2...3...4...5...
0001f810: 3600 b102 3700 b102 3800 b102 3900 b102  6...7...8...9...
0001f820: 3a00 b102 3f00 b102 4000 b102 4100 b102  :...?...@...A...
0001f830: 4200 b102 4300 b102 4400 b102 4500 b102  B...C...D...E...
0001f840: 4600 b102 4700 b102 4800 b102 4900 b102  F...G...H...I...
0001f850: 4a00 b102 4b00 b102 4c00 b102 4f00 b102  J...K...L...O...
0001f860: 5100 b102 5300 b102 5400 b102 5500 b102  Q...S...T...U...
0001f870: 5700 b102 5900 b102 5c00 b102 5e00 b102  W...Y...\...^...
0001f880: 6100 b102 6300 b102 6500 b102 6700 b102  a...c...e...g...
0001f890: 6900 b102 6b00 b102 6d00 b102 6e00 b102  i...k...m...n...
0001f8a0: 6f00 b102 7000 b102 7100 b102 7200 b102  o...p...q...r...
0001f8b0: 7300 b102 7400 b102 7500 b102 7600 b102  s...t...u...v...
0001f8c0: 7700 b102 7800 b102 7900 b102 7a00 b102  w...x...y...z...
0001f8d0: 7b00 b102 7c00 b102 7d00 b102 7e00 b102  {...|...}...~...
0001f8e0: 7f00 b102 8000 b102 0900 a14a 1300 1100  ...........J....
0001f8f0: a14a 1300 1900 a14a 2400 3900 a14a 5900  .J.....J$.9..JY.
0001f900: 7900 a14a ac00 2900 a14a 1300 8900 a14a  y..J..)..J.....J
0001f910: bb00 3100 a14a c100 9900 6c2d cc00 a100  ..1..J....l-....
0001f920: 3c4c d100 a900 ec3d d600 b900 6d35 ec00  <L.....=....m5..
0001f930: b900 dd55 f100 c900 a14a 0601 d900 a14a  ...U.....J.....J
0001f940: 1300 e100 6d35 2702 e100 dd55 f100 e100  ....m5'....U....
0001f950: 503c 3102 0101 3b54 6d02 0901 a14a 7202  P<1...;Tm....Jr.
0001f960: 1901 043c 7a02 0901 a14a 8102 2101 6555  ...<z....J..!.eU
0001f970: fe02 2101 5229 0403 2901 ad31 0803 1901  ..!.R)..)..1....
0001f980: 1924 0d03 0101 bc2b 4903 3901 3a43 f603  .$.....+I.9.:C..
0001f990: 3101 6540 fc03 4100 2050 0204 0c00 ab55  1.e@..A. P.....U
0001f9a0: 1104 5901 a14a 1300 6101 4b44 1504 5901  ..Y..J..a.KD..Y.
0001f9b0: d33b 1b04 0c00 4724 2204 4100 243f 2804  .;....G$".A.$?(.
0001f9c0: 4100 be57 2804 4100 e63e 2804 0c00 a553  A..W(.A..>(....S
0001f9d0: 1f00 8901 d435 7a04 9901 112e 7f04 0101  .....5z.........
0001f9e0: 4e1d 4903 2101 322e 0403 a100 6555 8404  N.I.!.2.....eU..
0001f9f0: 7101 1558 8904 a900 f53d 8e04 9900 d144  q..X.....=.....D
0001fa00: 9404 a901 532e 9904 b901 0d54 a004 c901  ....S......T....
0001fa10: 3744 1300 d101 c64e af04 1400 064f c104  7D.....N.....O..
0001fa20: 1400 6039 c104 e901 3929 1300 9900 5c32  ..`9....9)....\2
0001fa30: cd04 d101 5232 8102 a901 8053 d104 a901  ....R2.....S....
0001fa40: fb1d d704 f901 c94a dd04 1c00 a14a f104  .......J.....J..
0001fa50: 2400 a14a bb00 2102 9534 0605 2c00 a14a  $..J..!..4..,..J
0001fa60: bb00 2102 ed53 3205 3400 934a 5f05 3c00  ..!..S2.4..J_.<.
0001fa70: 6555 7205 8101 8743 1300 2902 0e57 0403  eUr....C..)..W..
0001fa80: 3102 ca34 1300 3902 6c2d 7705 3902 eb55  1..4..9.l-w.9..U
0001fa90: 1300 9900 634a 7d05 4102 5339 0403 4902  ....cJ}.A.S9..I.
0001faa0: 313b 4903 9901 c852 8305 2901 9f31 0403  1;I....R..)..1..
0001fab0: 0101 b02c 4706 5102 252d 1300 a901 7656  ...,G.Q.%-....vV
0001fac0: 8705 4102 8743 1300 5902 ea40 4d06 4400  ..A..C..Y..@M.D.
0001fad0: 4544 1300 7102 3124 4903 2901 0228 0803  ED..q.1$I.)..(..
0001fae0: 7101 4b24 8904 2901 334a 6f06 7902 e83a  q.K$..).3Jo.y..:
0001faf0: 7606 4900 2057 8102 4900 474a 6f06 2101  v.I. W..I.GJo.!.
0001fb00: c12c 0403 4100 173f 7b06 4c00 a14a bb00  .,..A..?{.L..J..
0001fb10: 2102 5e58 9006 9102 2331 aa06 9902 1e24  !.^X....#1.....$
0001fb20: 0d03 5400 6d35 0407 5400 dd55 f100 5400  ..T.m5..T..U..T.
0001fb30: 503c 1307 5c00 6d35 0407 5c00 dd55 f100  P<..\.m5..\..U..
0001fb40: 5c00 503c 1307 d101 1e56 e207 b902 a14a  \.P<.....V.....J
0001fb50: 1300 6400 4544 1300 b902 5340 ef0a 6c00  ..d.ED....S@..l.
0001fb60: a14a bb00 2102 e256 0a0b c102 a14a 1c0b  .J..!..V.....J..
0001fb70: 7400 4724 2204 2101 062a 0403 7c00 2b56  t.G$".!..*..|.+V
0001fb80: 340b 2102 e754 3b0b 7400 6039 c104 7400  4.!..T;.t.`9..t.
0001fb90: ab55 1104 4100 3650 500b 8400 ab55 1104  .U..A.6PP....U..
0001fba0: 8400 4544 1300 e102 a14a 1300 6101 6b43  ..ED.....J..a.kC
0001fbb0: 1504 e102 4f54 1b04 8400 4724 2204 7400  ....OT....G$".t.
0001fbc0: ec3d 5f0b c102 7934 650b b902 8042 6b0b  .=_...y4e....Bk.
0001fbd0: 6400 4724 2204 1400 4724 2204 8c00 934a  d.G$"...G$"....J
0001fbe0: 5f05 9400 6555 7205 e902 f427 4903 f102  _...eUr....'I...
0001fbf0: a14a 1300 d100 fa31 5911 b103 2343 6111  .J.....1Y...#Ca.
0001fc00: d100 4758 6911 c103 4f33 6f11 f102 6233  ..GXi...O3o...b3
0001fc10: 7511 f102 c23b 8102 f102 792d 7c11 e902  u....;....y-|...
0001fc20: 1e4a 8111 d103 3b45 8811 d903 8834 9311  .J....;E.....4..
0001fc30: 9c00 c030 a111 f902 a14a 1300 e103 0343  ...0.....J.....C
0001fc40: a811 0103 a14a 1300 0903 a14a 1300 1103  .....J.....J....
0001fc50: a14a 1300 1903 a14a 1300 2103 a14a 1300  .J.....J..!..J..
0001fc60: a900 a14a 1300 a400 a14a 1300 3903 a14a  ...J.....J..9..J
0001fc70: 1300 7902 a14a 1300 4103 a14a 1300 4900  ..y..J..A..J..I.
0001fc80: a14a 1300 4903 a14a 1300 5100 a14a 1300  .J..I..J..Q..J..
0001fc90: 4100 a14a 1300 5900 a14a 1300 5103 6c2d  A..J..Y..J..Q.l-
0001fca0: bb11 6100 a14a 1300 5903 a14a 1300 6103  ..a..J..Y..J..a.
0001fcb0: a14a 1300 6903 a14a 1300 6900 a14a 1300  .J..i..J..i..J..
0001fcc0: 7100 a14a 1300 7103 3934 c111 7103 a14a  q..J..q.94..q..J
0001fcd0: 1300 7103 4634 ca11 e903 4233 8e04 f103  ..q.F4....B3....
0001fce0: ef23 d411 f103 fb23 8102 2901 4a4c d811  .#.....#..).JL..
0001fcf0: a900 4724 8e04 f903 e459 de11 6901 0339  ..G$.....Y..i..9
0001fd00: e311 f903 e858 de11 1904 a14a bb00 d101  .....X.....J....
0001fd10: 5f3a eb11 f902 3358 8102 7903 a14a 1300  _:....3X..y..J..
0001fd20: 2901 645a de11 8103 a14a f211 7903 4724  ).dZ.....J..y.G$
0001fd30: fc11 8903 a14a 1300 8903 4724 5900 9103  .....J....G$Y...
0001fd40: a14a 0312 4904 a14a 0d12 5104 a14a 1312  .J..I..J..Q..J..
0001fd50: ac00 e038 2312 9903 2b58 d411 7104 e92d  ...8#...+X..q..-
0001fd60: 2b12 d101 833a eb11 7904 355a de11 7904  +....:..y.5Z..y.
0001fd70: 4b5a de11 2901 fd24 eb11 3103 a14a 3312  KZ..)..$..1..J3.
0001fd80: a400 b02b 2204 a400 461d 2204 d101 b359  ...+"...F."....Y
0001fd90: de11 8902 035a de11 3103 a14a 3b12 3903  .....Z..1..J;.9.
0001fda0: a432 8102 6901 045c de11 8104 e038 4112  .2..i..\.....8A.
0001fdb0: e102 6f5b de11 8904 a14a 1300 9104 f23a  ..o[.....J.....:
0001fdc0: d600 4100 eb5a de11 6901 fa38 4812 4100  ..A..Z..i..8H.A.
0001fdd0: 1b5c de11 5903 215a de11 8902 025b de11  .\..Y.!Z.....[..
0001fde0: a904 dd55 4f12 4900 7959 de11 8902 1a5b  ...UO.I.yY.....[
0001fdf0: de11 a904 b647 4f12 4900 9c5b de11 b104  .....GO.I..[....
0001fe00: a14a 1300 2901 5459 de11 b904 a14a 1300  .J..).TY.....J..
0001fe10: 7902 2057 8102 4900 f75b de11 4900 905a  y. W..I..[..I..Z
0001fe20: de11 4900 b95a de11 c104 a14a 1300 4103  ..I..Z.....J..A.
0001fe30: fc58 de11 4103 7728 eb11 8902 cc51 5412  .X..A.w(.....QT.
0001fe40: b400 4724 2204 7101 5955 8904 4903 fc2d  ..G$".q.YU..I..-
0001fe50: 6812 4903 b93b 8102 bc00 a14a bb00 cc00  h.I..;.....J....
0001fe60: a14a bb00 c400 a14a 9912 d400 a14a ab12  .J.....J.....J..
0001fe70: 4903 a639 d612 dc00 e038 2312 6901 c439  I..9.....8#.i..9
0001fe80: e612 5100 cf39 f012 e400 a14a bb00 ec00  ..Q..9.....J....
0001fe90: a14a ab12 5100 1959 de11 f400 a14a bb00  .J..Q..Y.....J..
0001fea0: fc00 a14a bb00 0401 a14a ab12 5100 275c  ...J.....J..Q.'\
0001feb0: de11 5100 bd25 eb11 5100 905a de11 4900  ..Q..%..Q..Z..I.
0001fec0: a25a de11 0905 a14a 1300 4100 8a59 de11  .Z.....J..A..Y..
0001fed0: 4100 a059 de11 6100 215a de11 5901 c359  A..Y..a.!Z..Y..Y
0001fee0: de11 4100 d15a de11 4100 125a de11 a904  ..A..Z..A..Z....
0001fef0: 052c 4f12 0c01 a14a bb00 1c01 a14a bb00  .,O....J.....J..
0001ff00: 1401 a14a 9912 2401 a14a ab12 2c01 173f  ...J..$..J..,..?
0001ff10: 8013 3401 a14a bb00 3c01 a14a ab12 5903  ..4..J..<..J..Y.
0001ff20: 7d55 a413 4900 2d59 de11 4100 d159 de11  }U..I.-Y..A..Y..
0001ff30: 6103 3358 8102 3105 6659 ab13 6903 fe47  a.3X..1.fY..i..G
0001ff40: b413 4903 b52d 7c11 6903 f34c bb13 4401  ..I..-|.i..L..D.
0001ff50: 4724 2204 6900 7c5a de11 7101 193c 8904  G$".i.|Z..q..<..
0001ff60: 6900 6926 eb11 6900 4e5b de11 6900 f75b  i.i&..i.N[..i..[
0001ff70: de11 6900 2057 8102 6900 905a de11 7101  ..i. W..i..Z..q.
0001ff80: 6136 8904 2900 bc5b de11 4905 ba3d cf13  a6..)..[..I..=..
0001ff90: 5105 5733 de13 c100 d558 1014 5905 a14a  Q.W3.....X..Y..J
0001ffa0: 8102 d903 a14a 1300 b900 0242 ba14 b900  .....J.....B....
0001ffb0: 1155 1300 6105 0e57 1300 6905 a14a 1300  .U..a..W..i..J..
0001ffc0: 6105 1134 c014 a901 ab1d 3102 e900 8d47  a..4......1....G
0001ffd0: e814 7105 ad2a 0403 b900 962a ee14 7105  ..q..*.....*..q.
0001ffe0: 0755 1300 4c01 8d47 0815 5401 ad2a 0403  .U..L..G..T..*..
0001fff0: 5401 0755 7205 8105 d91d 8305 c902 7934  T..Ur.........y4
00020000: 650b 8905 2f35 8305 0902 3531 0403 c102  e.../5....51....
00020010: 9f31 0403 5c01 a14a 9912 a901 8831 0403  .1..\..J.....1..
00020020: 6401 a14a 9912 a901 1a51 4116 6c01 a14a  d..J.....QA.l..J
00020030: 9912 a901 8b1d 1104 a901 9b1d 1f00 7401  ..............t.
00020040: a14a 9912 5103 c73d d411 5103 dc30 0403  .J..Q..=..Q..0..
00020050: 5103 cf1c d411 5103 0c31 0403 5103 8f32  Q.....Q..1..Q..2
00020060: d411 5103 ef30 0403 5103 0724 d411 e900  ..Q..0..Q..$....
00020070: 0158 e116 e900 6254 1300 9905 b04c 8305  .X....bT.....L..
00020080: f901 1a1d 1300 5902 0b1d 8305 8905 4935  ......Y.......I5
00020090: 4903 2101 bc3f d411 a105 a949 e716 c102  I.!..?.....I....
000200a0: ad31 0803 b902 4e39 1300 8905 3b35 8305  .1....N9....;5..
000200b0: a905 2951 8305 e100 962a ee14 b105 983b  ..)Q.....*.....;
000200c0: 5717 2101 eb34 0403 b905 d834 5717 e100  W.!..4.....4W...
000200d0: 0242 ba14 e100 1155 1300 5900 2057 8102  .B.....U..Y. W..
000200e0: a901 da2a 6d18 d101 1e56 7318 2101 5334  ...*m....Vs.!.S4
000200f0: 8b18 0101 623c 9118 d105 cd3a cd04 b100  ....b<.....:....
00020100: bf53 9718 b100 ae53 9d18 d905 0a1f a318  .S.....S........
00020110: e105 ac42 8305 2101 b654 0403 2101 092c  ...B..!..T..!..,
00020120: d411 b100 a958 e716 a901 9644 1104 2102  .....X.....D..!.
00020130: af55 ad18 a901 b553 c918 2101 1332 d411  .U.....S..!..2..
00020140: b100 064f ce18 f105 834e d318 7c01 ec3d  ...O.....N..|..=
00020150: 5f0b 2101 b052 0803 2101 880b 0803 b100  _.!..R..!.......
00020160: cd58 2319 b102 f13f 0403 5900 1757 d411  .X#....?..Y..W..
00020170: b100 ae53 2819 2101 dc32 d411 2101 b632  ...S(.!..2..!..2
00020180: d411 a901 f753 db19 a901 6a39 701a 1106  .....S....j9p...
00020190: 8a3c 1300 a901 b738 ec1a 2101 7532 d411  .<.....8..!.u2..
000201a0: 9904 df3a d411 2101 2342 8102 c100 a14a  ...:..!.#B.....J
000201b0: 1300 e900 a842 171b 5102 a943 1300 2101  .....B..Q..C..!.
000201c0: ee2a 0403 2101 a44f 1104 2101 e04f 1104  .*..!..O..!..O..
000201d0: 2101 012b 0803 2106 b756 0803 2101 0050  !..+..!..V..!..P
000201e0: 1f00 a105 a03f 5717 b102 fe32 d411 2101  .....?W....2..!.
000201f0: 4d3a 0403 2101 1f3c 0403 2101 0a33 d411  M:..!..<..!..3..
00020200: 5400 962a ee14 b102 3f3c a81b b100 b558  T..*....?<.....X
00020210: e716 b100 bf53 bd1b b100 064f c41b 5400  .....S.....O..T.
00020220: 0242 ba14 5400 1155 2204 2101 bd2a 0403  .B..T..U".!..*..
00020230: 2101 4b3b 0403 3106 a14a bb00 a901 7325  !.K;..1..J....s%
00020240: f11b a901 6125 f11b 5100 d625 eb11 3906  ....a%..Q..%..9.
00020250: 0228 0803 2101 653b 0403 8401 a14a bb00  .(..!.e;.....J..
00020260: e900 a842 091c 5902 5c1d 1d1c 5902 f940  ...B..Y.\...Y..@
00020270: 1d1c 4906 e14b 301c e900 0158 371c 5106  ..I..K0....X7.Q.
00020280: 1f40 601c 6106 a14a 1300 5906 001f 661c  .@`.a..J..Y...f.
00020290: 6906 a14a 1300 9900 b61c 4903 7106 a14a  i..J......I.q..J
000202a0: 1300 5906 001f a01c 7906 a14a 1300 5900  ..Y.....y..J..Y.
000202b0: d454 1300 5900 7431 0803 2101 664f d411  .T..Y.t1..!.fO..
000202c0: 9900 943f cd04 2101 ad3f d411 a901 ab3b  ...?..!..?.....;
000202d0: 7f1d a906 e355 1300 2101 bd47 1f00 5102  .....U..!..G..Q.
000202e0: 8b1e 851d 8c01 8d47 0815 9401 ad2a 0403  .......G.....*..
000202f0: 9401 0755 7205 b106 a14a b01d 2101 4d1c  ...Ur....J..!.M.
00020300: d411 9900 0030 bf1d b906 a14a 1300 2101  .....0.....J..!.
00020310: 6f1c d411 c106 a14a 1300 0101 a12c c51d  o......J.....,..
00020320: c906 612a 0403 c906 2f4d 1300 c906 9256  ..a*..../M.....V
00020330: 1300 2101 5b3e 0403 2101 e83b 0403 d106  ..!.[>..!..;....
00020340: 9c3e 0403 5102 763e 3102 e105 8c43 c714  .>..Q.v>1....C..
00020350: 9c01 8d47 0815 a401 ad2a 0403 a401 0755  ...G.....*.....U
00020360: 7205 2101 3428 0403 2101 8d4b 0403 d906  r.!.4(..!..K....
00020370: 2732 f11d d906 0d41 f71d ac01 ab55 1104  '2.....A.....U..
00020380: 5900 711d cd04 7102 c71e 171b a901 2053  Y.q...q....... S
00020390: 0b1e 8906 3836 1300 2101 8639 0403 e906  ....86..!..9....
000203a0: 6c2d 111e e906 a14a 1300 e906 792d 171e  l-.....J....y-..
000203b0: f106 7558 8305 e900 6754 1e1e 9906 8d47  ..uX....gT.....G
000203c0: 251e a106 ad2a 0403 a106 0755 1300 2101  %....*.....U..!.
000203d0: 1028 0403 f906 301c 341e 2101 8b49 d411  .(....0.4.!..I..
000203e0: 2101 3e56 d411 0107 8741 491e 2101 143b  !.>V.....AI.!..;
000203f0: 0403 2101 1b33 8102 b401 a14a 1300 bc01  ..!..3.....J....
00020400: a14a bb00 b401 1e25 5d1e 2101 8344 1104  .J.....%].!..D..
00020410: 5103 4954 1300 2101 c24f 1f00 2101 da2c  Q.IT..!..O..!..,
00020420: 0403 5102 3f2d 1300 2101 f54a 0403 2101  ..Q.?-..!..J..!.
00020430: 5428 0403 5900 3e57 8102 1106 a14a 1300  T(..Y.>W.....J..
00020440: 5900 e627 c11c 1107 6039 681e 1107 f633  Y..'....`9h....3
00020450: 681e c401 a14a bb00 cc01 a14a 821e 1106  h....J.....J....
00020460: fb3e 8d1e 4902 6a56 931e f901 f445 a51e  .>..I.jV.....E..
00020470: 2107 4e39 1300 2101 ec1d 0403 2107 243a  !.N9..!.....!.$:
00020480: 8305 f901 0146 ab1e 2101 142b 0403 2101  .....F..!..+..!.
00020490: 9852 0403 2101 352b 0803 7102 c71e 091c  .R..!.5+..q.....
000204a0: 2101 d457 0403 2101 562b 0403 2101 6e2b  !..W..!.V+..!.n+
000204b0: 0803 a901 dd55 8102 2101 200c 0403 2101  .....U..!. ...!.
000204c0: da42 0403 5103 4224 c506 5c00 962a ee14  .B..Q.B$..\..*..
000204d0: 5c00 0242 ba14 5c00 1155 2204 2907 a14a  \..B..\..U".)..J
000204e0: 1300 3107 a14a 1300 2101 360c 361f 2101  ..1..J..!.6.6.!.
000204f0: 862d d411 2101 4b0c 361f 2101 9d2d d411  .-..!.K.6.!..-..
00020500: 5107 c730 4903 3907 a14a 1300 3907 d23c  Q..0I.9..J..9..<
00020510: 3102 4107 a14a 1300 4107 d23c 3102 5907  1.A..J..A..<1.Y.
00020520: a14a 1300 3902 0356 8102 6107 a14a 1300  .J..9..V..a..J..
00020530: a901 0254 6d1f 2107 043a 7c1f 6907 a14a  ...Tm.!..:|.i..J
00020540: 1300 7107 a14a 1300 7907 a14a 1300 8107  ..q..J..y..J....
00020550: a14a 1300 8907 a14a 1300 9107 a14a 1300  .J.....J.....J..
00020560: 2101 8757 1104 9907 c542 5b20 a907 a14a  !..W.....B[ ...J
00020570: 1300 b107 712f bf1d b907 a14a 1300 c107  ....q/.....J....
00020580: a14a 1300 c907 a14a 1300 2101 e351 d411  .J.....J..!..Q..
00020590: e900 5a58 1f21 d401 8d47 0815 dc01 ad2a  ..ZX.!...G.....*
000205a0: 0403 dc01 0755 7205 4102 dd55 c506 d107  .....Ur.A..U....
000205b0: a14a 1300 5906 281f 8d21 e401 8d47 0815  .J..Y.(..!...G..
000205c0: ec01 ad2a 0403 ec01 0755 7205 d907 a14a  ...*.....Ur....J
000205d0: 1300 e107 c454 8305 d100 635b d421 3905  .....T....c[.!9.
000205e0: a958 de21 d100 2c33 d411 f107 a14a 5900  .X.!..,3.....JY.
000205f0: d100 5444 eb21 a100 a14a 1300 a900 9c53  ..TD.!...J.....S
00020600: 0e22 fc01 934a 5f05 0402 6555 7205 7904  ."...J_...eUr.y.
00020610: a14a 2522 a100 122f 2522 9900 1b30 2c22  .J%".../%"...0,"
00020620: a100 052f 3222 f102 6233 8222 d103 3b45  .../2"..b3."..;E
00020630: 8922 7101 a14a 3312 0908 a14a 1300 e103  ."q..J3....J....
00020640: 0343 9522 1108 a14a 1300 1908 a14a 1300  .C."...J.....J..
00020650: 2108 a14a 1300 2908 a14a 9f22 a100 4a4c  !..J..)..J."..JL
00020660: d811 0908 db58 a622 0908 d638 7c11 2908  .....X."...8|.).
00020670: c051 ad22 0c02 4724 2204 5908 345b de11  .Q."..G$".Y.4[..
00020680: 1908 a432 8102 1108 a432 8102 7903 4724  ...2.....2..y.G$
00020690: c122 9103 a14a c922 5104 a14a d322 8104  ."...J."Q..J."..
000206a0: e038 da22 1108 c051 ad22 1908 db4c e122  .8."...Q."...L."
000206b0: 1402 4724 2204 2108 4724 f522 a900 4724  ..G$".!.G$."..G$
000206c0: fc22 1901 473e cd04 8108 a14a 1300 b100  ."..G>.....J....
000206d0: ae53 2723 8108 e43d 8102 8908 b52d 2d23  .S'#...=.....--#
000206e0: 9908 a14a 1300 f001 a14a 1300 a108 b359  ...J.....J.....Y
000206f0: de11 3103 a14a 4823 9908 4e5b de11 2901  ..1..JH#..N[..).
00020700: e15b de11 b104 f23a d600 b908 a14a 1300  .[.....:.....J..
00020710: c108 f23a 4d23 4900 7e5b de11 c908 bc5b  ...:M#I.~[.....[
00020720: de11 2c01 173f 5523 2901 cc5b de11 1c02  ..,..?U#)..[....
00020730: a14a 1300 2402 a14a 1300 8908 a14a 1300  .J..$..J.....J..
00020740: 2c02 a14a bb00 8908 e229 c223 f908 a14a  ,..J.....).#...J
00020750: 1300 3402 a14a 1300 3c02 6d35 0407 3402  ..4..J..<.m5..4.
00020760: ad45 d825 3402 c04d 1723 3402 ad32 5c17  .E.%4..M.#4..2\.
00020770: 3402 bb4d e125 3402 5636 1c00 3c02 dd55  4..M.%4.V6..<..U
00020780: f100 3c02 503c 1307 4402 a14a 1300 4402  ..<.P<..D..J..D.
00020790: 781e 4326 4402 c04d 1723 4402 7833 5c17  x.C&D..M.#D.x3\.
000207a0: 4402 7105 1300 7102 1924 0d03 4c02 a14a  D.q...q..$..L..J
000207b0: 1300 4c02 7833 5c17 4c02 c04d 1723 4c02  ..L.x3\.L..M.#L.
000207c0: bb4d e125 d100 292c 7526 4c02 332c 7c26  .M.%..),u&L.3,|&
000207d0: 4c02 7105 1307 5402 a14a bb00 0909 dd53  L.q...T..J.....S
000207e0: 4a28 1109 d234 6528 1109 934a 6c28 5c02  J(...4e(...Jl(\.
000207f0: 6555 7205 d908 8254 8028 4400 ec3d 5f0b  eUr....T.(D..=_.
00020800: 0902 c358 8728 4400 4724 2204 6402 a14a  ...X.(D.G$".d..J
00020810: bb00 0902 e924 9628 0902 c724 9628 9101  .....$.(...$.(..
00020820: a14a bb00 a901 c438 3102 4400 934a 5f05  .J.....81.D..J_.
00020830: 6c02 6555 7205 5107 a14a 1300 1109 a14a  l.eUr.Q..J.....J
00020840: 1300 5107 8c3d 7d29 7402 934a 5f05 7c02  ..Q..=})t..J_.|.
00020850: 6555 7205 2109 a14a 1300 1909 9b32 d411  eUr.!..J.....2..
00020860: d908 7654 9a29 2109 f53d a129 1909 232a  ..vT.)!..=.)..#*
00020870: 0403 d908 7654 a929 1909 d73d 1104 d908  ....vT.)...=....
00020880: 7654 b029 1909 b44b b729 1109 a14a 7c11  vT.)...K.)...J|.
00020890: 1909 a04b b729 1109 4724 c029 d903 df3a  ...K.)..G$.)...:
000208a0: d411 b905 cc4b c729 b905 9847 d729 8402  .....K.)...G.)..
000208b0: ec3d 5f0b 3109 5458 8102 3109 f54a 0403  .=_.1.TX..1..J..
000208c0: 2101 104b 0803 7402 ec3d 5f0b 5107 b51d  !..K..t..=_.Q...
000208d0: 052a 3909 6555 ee2a 8c02 a14a bb00 e908  .*9.eU.*...J....
000208e0: 4f24 fd2a e908 f247 092b 9402 a14a bb00  O$.*...G.+...J..
000208f0: 4909 9a28 182b 4909 8229 eb11 4909 4d1f  I..(.+I..)..I.M.
00020900: 242b 5109 932c 482b 6109 9b32 d411 6109  $+Q..,H+a..2..a.
00020910: e823 4d2b d908 7654 532b 6109 0c3c 1104  .#M+..vTS+a..<..
00020920: 6109 f035 5c2b 4109 4936 732b 4909 9929  a..5\+A.I6s+I..)
00020930: eb11 4909 af28 182b e908 7124 fd2a 4909  ..I..(.+..q$.*I.
00020940: 311f 3102 0101 fc2c 872b 8109 4546 8d2b  1.1....,.+..EF.+
00020950: 8909 a14a bb00 d106 8524 932b 9109 a14a  ...J.....$.+...J
00020960: bb00 d106 f225 9a2b 9909 a14a bb00 d106  .....%.+...J....
00020970: e028 a12b d106 044c 3102 a109 9b32 d411  .(.+...L1....2..
00020980: a109 e823 d411 a109 862b 0403 a109 2e29  ...#.....+.....)
00020990: 0403 d106 9824 932b d106 0526 9a2b d106  .....$.+...&.+..
000209a0: f728 a12b d106 ed4b 3102 5902 e052 d62f  .(.+...K1.Y..R./
000209b0: 9c02 a14a 1300 9c02 ad45 b014 9c02 c04d  ...J.....E.....M
000209c0: 3331 9c02 5636 1c00 9c02 5e0f 1c00 a402  31..V6....^.....
000209d0: 781e 4326 ac02 c030 7205 b402 8d47 0815  x.C&...0r....G..
000209e0: bc02 ad2a 0403 9c02 ad09 a331 bc02 0755  ...*.......1...U
000209f0: 7205 9c02 8014 9531 9c02 0f12 5c17 a402  r......1....\...
00020a00: c04d 1723 a402 7833 5c17 8908 ac1f 2429  .M.#..x3\.....$)
00020a10: 9c02 650f dd1c 9c02 a609 e51a 9c02 c315  ..e.............
00020a20: 9931 f900 a730 d411 9c02 7e12 ca14 9c02  .1...0....~.....
00020a30: 6d17 261b f900 8834 9311 b909 9b32 d411  m.&....4.....2..
00020a40: f900 712c d411 9c02 ec18 9e31 cc02 a14a  ..q,.......1...J
00020a50: 1300 d402 6d35 0407 cc02 ad45 d825 cc02  ....m5.....E.%..
00020a60: c04d 5132 cc02 5636 1c00 d402 dd55 f100  .MQ2..V6.....U..
00020a70: d402 503c 1307 dc02 332c 7c26 0109 a958  ..P<....3,|&...X
00020a80: d232 dc02 7833 5c17 b109 a14a 8102 dc02  .2..x3\....J....
00020a90: c04d 1723 dc02 bb4d e125 c109 c030 dc32  .M.#...M.%...0.2
00020aa0: cc02 ad09 a331 d402 962a ee14 cc02 a609  .....1...*......
00020ab0: 9531 d402 0242 ba14 d402 1155 2204 c909  .1...B.....U"...
00020ac0: d558 5135 b100 bf53 d435 e402 934a 5f05  .XQ5...S.5...J_.
00020ad0: ec02 6555 7205 5902 f41b 9936 b100 ae53  ..eUr.Y....6...S
00020ae0: 533a f402 5636 1c00 f402 c04d 1723 f402  S:..V6.....M.#..
00020af0: ad32 5c17 f402 bb4d e125 f402 ad09 dd1c  .2\....M.%......
00020b00: f402 ad45 d825 f402 7712 5c17 f402 2609  ...E.%..w.\...&.
00020b10: 5c17 2109 d234 b63a f402 dd0e 9e31 2109  \.!..4.:.....1!.
00020b20: 3b58 ce18 2109 ec3d bd3a f402 e613 673a  ;X..!..=.:....g:
00020b30: fc02 a14a 1300 f402 eb15 6c3a 1c02 f53d  ...J......l:...=
00020b40: 9912 fc02 503c 1307 0403 8d47 0815 0c03  ....P<.....G....
00020b50: ad2a 0403 f402 650f 763a 0c03 0755 7205  .*....e.v:...Ur.
00020b60: f402 c417 673a 1403 a14a 1300 1403 4724  ....g:...J....G$
00020b70: 2204 d100 292c 833b f900 a14a 8102 2101  "...),.;...J..!.
00020b80: 6634 a03c 2101 7e1c 8102 2101 ed32 8102  f4.<!.~...!..2..
00020b90: 2101 5e1c 8102 2101 c932 8102 b100 a754  !.^...!..2.....T
00020ba0: a73c 2101 9a49 8102 2101 4b56 8102 1c03  .<!..I..!.KV....
00020bb0: a14a bb00 e900 a842 d63c 4c01 6754 f13c  .J.....B.<L.gT.<
00020bc0: 2403 8d47 033d 2c03 ad2a 0403 2c03 0755  $..G.=,..*..,..U
00020bd0: 7205 2101 ff51 0803 2101 bb31 0803 4102  r.!..Q..!..1..A.
00020be0: 6555 7d05 3403 a14a 1300 e402 ab55 1104  eU}.4..J.....U..
00020bf0: 4400 ab55 1104 3c03 a14a 1f00 5902 a14a  D..U..<..J..Y..J
00020c00: 1300 3c03 4724 2204 5902 041c fb3d 3c03  ..<.G$".Y....=<.
00020c10: ab55 1104 3c03 934a 023e 4403 6555 7205  .U..<..J.>D.eUr.
00020c20: e402 4724 2204 4403 0e57 0403 5902 672c  ..G$".D..W..Y.g,
00020c30: 1300 2101 b330 1f00 2101 6a29 0803 2101  ..!..0..!.j)..!.
00020c40: 0d35 0803 2101 0b44 0803 a901 a14a 1300  .5..!..D.....J..
00020c50: b905 a14a 1300 b905 6a1f 3102 4c03 a14a  ...J....j.1.L..J
00020c60: 1300 1403 934a 023e 5403 6555 7205 1909  .....J.>T.eUr...
00020c70: d840 aa3e 4c03 4724 2204 5403 0e57 0403  .@.>L.G$".T..W..
00020c80: 5107 5856 da3e 090a fc4e e03e 5c03 934a  Q.XV.>...N.>\..J
00020c90: 5f05 6403 6555 7205 010a 1757 d411 110a  _.d.eUr....W....
00020ca0: a14a 123f 110a 6144 1f00 110a 7d33 d328  .J.?..aD....}3.(
00020cb0: 110a 001d 253f d908 7654 563f 1c02 6039  ....%?..vTV?..`9
00020cc0: 5d3f fc02 1155 2204 fc02 0242 ba14 210a  ]?...U"....B..!.
00020cd0: df3a d411 290a a14a 1f00 310a a14a 1300  .:..)..J..1..J..
00020ce0: 390a a14a 0040 490a a14a 1040 590a a14a  9..J.@I..J.@Y..J
00020cf0: 8102 610a a14a 6840 690a a14a 8102 710a  ..a..Jh@i..J..q.
00020d00: a14a 8102 790a a14a 8102 810a a14a 8102  .J..y..J.....J..
00020d10: 890a a14a 8102 910a a14a 8102 0200 8900  ...J.....J......
00020d20: cb06 0200 9900 ef07 0200 8102 cb06 1200  ................
00020d30: 9902 c627 2700 1200 2e41 2e00 9b1a d83f  ...''....A.....?
00020d40: 2e00 a31a e13f 2e00 ab1a 0740 2e00 b31a  .....?.....@....
00020d50: 1740 2e00 bb1a 2040 2e00 c31a 7040 2e00  .@.... @....p@..
00020d60: c31a 9b40 2e00 cb1a d540 2e00 d31a e240  ...@.....@.....@
00020d70: 2e00 db1a ed40 2e00 e31a fa40 2e00 eb1a  .....@.....@....
00020d80: d540 2e00 f31a d540 4300 1300 1700 4300  .@.....@C.....C.
00020d90: 0a00 1700 6300 1300 1700 6300 0a00 1700  ....c.....c.....
00020da0: 6300 1b00 2a00 8000 1300 1700 8300 fb08  c...*...........
00020db0: 9114 a000 1300 1700 a100 2300 5f00 a300  ..........#._...
00020dc0: 1300 1700 c000 7300 0c01 c000 7b00 1700  ......s.....{...
00020dd0: c100 2300 5f00 c300 1300 1700 e000 7300  ..#._.........s.
00020de0: 4701 e000 7b00 1700 e100 2300 5f00 e300  G...{.....#._...
00020df0: 1300 1700 0001 7300 8801 0001 7b00 1700  ......s.....{...
00020e00: 0101 2300 5f00 0301 1300 1700 2001 7300  ..#._....... .s.
00020e10: c301 2001 7b00 1700 2101 2300 5f00 4001  .. .{...!.#._.@.
00020e20: 7300 fc01 4001 7b00 1700 4101 2300 5f00  s...@.{...A.#._.
00020e30: 4301 1300 1700 6001 7300 3602 6001 7b00  C.....`.s.6.`.{.
00020e40: 1700 6101 2300 5f00 6301 1300 1700 8101  ..a.#._.c.......
00020e50: 2300 5f00 8301 1300 1700 a001 7300 9202  #._.........s...
00020e60: a001 7b00 1700 a101 2300 5f00 c001 7300  ..{.....#._...s.
00020e70: cd02 c001 7b00 1700 c101 2300 5f00 e101  ....{.....#._...
00020e80: 2300 5f00 0002 7300 1f03 0002 7b00 1700  #._...s.....{...
00020e90: 0102 2300 5f00 0302 1300 1700 2102 2300  ..#._.......!.#.
00020ea0: 5f00 2302 1300 1700 4002 7300 5703 4002  _.#.....@.s.W.@.
00020eb0: 7b00 1700 4102 2300 5f00 6002 7300 8703  {...A.#._.`.s...
00020ec0: 6002 7b00 1700 6102 2300 5f00 8002 7300  `.{...a.#._...s.
00020ed0: be03 8002 7b00 1700 8102 2300 5f00 8302  ....{.....#._...
00020ee0: 1300 1700 a102 2300 5f00 c002 7300 3c04  ......#._...s.<.
00020ef0: c002 7b00 1700 c102 2300 5f00 c302 1300  ..{.....#._.....
00020f00: 1700 e102 2300 5f00 0103 2300 5f00 0303  ....#._...#._...
00020f10: 1300 1700 2103 2300 5f00 2303 1300 1700  ....!.#._.#.....
00020f20: 4103 2300 5f00 4303 1300 1700 6103 1300  A.#._.C.....a...
00020f30: 1700 6103 2b00 b200 6303 1300 1700 8003  ..a.+...c.......
00020f40: 7300 9a05 8003 7b00 1700 8303 1300 1700  s.....{.........
00020f50: a003 7300 d405 a003 7b00 1700 a303 1300  ..s.....{.......
00020f60: 1700 c003 7300 1106 c003 7b00 1700 c303  ....s.....{.....
00020f70: 1300 1700 e303 1300 1700 0304 1300 1700  ................
00020f80: 2304 1300 1700 4304 1300 1700 6304 1300  #.....C.....c...
00020f90: 1700 8004 7300 cd06 8004 7b00 1700 8304  ....s.....{.....
00020fa0: 1300 1700 a004 7300 2907 a004 7b00 1700  ......s.)...{...
00020fb0: a304 1300 1700 c304 1300 1700 e004 7300  ..............s.
00020fc0: 6d07 e004 7b00 1700 e304 1300 1700 0005  m...{...........
00020fd0: 7300 b107 0005 7b00 1700 0305 1300 1700  s.....{.........
00020fe0: 2305 1300 1700 4005 7300 fd07 4005 7b00  #.....@.s...@.{.
00020ff0: 1700 4305 1300 1700 6005 7300 3808 6005  ..C.....`.s.8.`.
00021000: 7b00 1700 6305 1300 1700 8005 7300 7308  {...c.......s.s.
00021010: 8005 7b00 1700 8305 1300 1700 a005 7300  ..{...........s.
00021020: ad08 a005 7b00 1700 a305 1300 1700 c005  ....{...........
00021030: 7300 e608 c005 7b00 1700 c305 1300 1700  s.....{.........
00021040: e005 7300 2609 e005 7b00 1700 e305 1300  ..s.&...{.......
00021050: 1700 0006 7300 5c09 0006 7b00 1700 0306  ....s.\...{.....
00021060: 1300 1700 2006 7300 9509 2006 7b00 1700  .... .s... .{...
00021070: 2306 1300 1700 4006 7300 d109 4006 7b00  #.....@.s...@.{.
00021080: 1700 4306 1300 1700 6006 7300 0f0a 6006  ..C.....`.s...`.
00021090: 7b00 1700 6306 1300 1700 8006 7300 4b0a  {...c.......s.K.
000210a0: 8006 7b00 1700 8306 1300 1700 a006 7300  ..{...........s.
000210b0: 850a a006 7b00 1700 a306 1300 1700 c306  ....{...........
000210c0: 1300 1700 e306 1300 1700 0307 1300 1700  ................
000210d0: 2007 2300 5f00 2307 1300 1700 4307 1300   .#._.#.....C...
000210e0: 1700 6007 1300 1700 8007 1300 1700 8307  ..`.............
000210f0: fb08 0923 a007 1300 1700 a307 fb08 6b23  ...#..........k#
00021100: c007 7300 1e14 c007 7b00 1700 c007 1300  ..s.....{.......
00021110: 1700 e007 1300 1700 e307 1300 1700 0008  ................
00021120: 7300 5614 0008 7b00 1700 0008 1300 1700  s.V...{.........
00021130: 0308 1300 1700 2008 1300 1700 2308 1300  ...... .....#...
00021140: 1700 4008 1300 1700 4308 1300 1700 6308  ..@.....C.....c.
00021150: 1300 1700 8308 1300 1700 a008 2309 1700  ............#...
00021160: a308 1300 1700 c308 1300 1700 e308 1300  ................
00021170: 1700 0009 2309 1700 0309 1300 1700 2309  ....#.........#.
00021180: 1300 1700 4309 1300 1700 6309 1300 1700  ....C.....c.....
00021190: 8309 1300 1700 a309 1300 1700 c309 1300  ................
000211a0: 1700 030a 1300 1700 430a 1300 1700 c30a  ........C.......
000211b0: 1300 1700 030b 1300 1700 430b 1300 1700  ..........C.....
000211c0: 630b 1300 1700 a30b 1300 1700 e30b 1300  c...............
000211d0: 1700 030c 1300 1700 430c 1300 1700 830c  ........C.......
000211e0: 1300 1700 c30c 1300 1700 030d 1300 1700  ................
000211f0: 430d 1300 1700 830d 1300 1700 c30d 1300  C...............
00021200: 1700 e30d 1300 1700 030e 1300 1700 230e  ..............#.
00021210: 1300 1700 430e 1300 1700 630e 1300 1700  ....C.....c.....
00021220: 830e 1300 1700 a30e 1300 1700 c00e 7300  ..............s.
00021230: f716 c00e 7b00 1700 c30e 1300 1700 e30e  ....{...........
00021240: 1300 1700 030f 1300 1700 200f 2309 1700  .......... .#...
00021250: 230f 1300 1700 430f 1300 1700 630f 1300  #.....C.....c...
00021260: 1700 830f 1300 1700 a30f 1300 1700 c30f  ................
00021270: 1300 1700 e00f 7300 6917 e00f 7b00 1700  ......s.i...{...
00021280: e30f 1300 1700 0010 7300 b617 0010 7b00  ........s.....{.
00021290: 1700 0310 1300 1700 2010 7300 0318 2010  ........ .s... .
000212a0: 7b00 1700 8010 2309 1700 e010 2309 1700  {.....#.....#...
000212b0: 4011 2309 1700 c011 7300 3919 c011 7b00  @.#.....s.9...{.
000212c0: 1700 e011 7300 8619 e011 7b00 1700 0412  ....s.....{.....
000212d0: 3b13 1700 2412 3b13 1700 4012 2309 1700  ;...$.;...@.#...
000212e0: 4412 3b13 1700 a012 2309 1700 e012 7300  D.;.....#.....s.
000212f0: 1b1a e012 7b00 1700 e412 3b13 1700 2413  ....{.....;...$.
00021300: 3b13 1700 4013 2309 1700 8013 7300 9d1a  ;...@.#.....s...
00021310: 8013 7b00 1700 a413 3b13 1700 0014 2309  ..{.....;.....#.
00021320: 1700 4015 2309 1700 a015 2309 1700 0016  ..@.#.....#.....
00021330: 2309 1700 6016 2309 1700 c016 2309 1700  #...`.#.....#...
00021340: 2017 2309 1700 8017 2309 1700 e017 2309   .#.....#.....#.
00021350: 1700 4018 2309 1700 a018 2309 1700 0019  ..@.#.....#.....
00021360: 2309 1700 6019 2309 1700 c019 2309 1700  #...`.#.....#...
00021370: 201a 2309 1700 801a 2309 1700 e01a 2309   .#.....#.....#.
00021380: 1700 401b 2309 1700 a01b 2309 1700 001c  ..@.#.....#.....
00021390: 2309 1700 601c 2309 1700 c01c 2309 1700  #...`.#.....#...
000213a0: 201d 2309 1700 801d 2309 1700 e01d 2309   .#.....#.....#.
000213b0: 1700 401e 2309 1700 a01e 2309 1700 001f  ..@.#.....#.....
000213c0: 2309 1700 601f 2309 1700 c01f 2309 1700  #...`.#.....#...
000213d0: 2020 2309 1700 8020 2309 1700 e020 2309    #.... #.... #.
000213e0: 1700 e021 2300 5f00 4022 2300 5f00 c022  ...!#._.@"#._.."
000213f0: 7300 e223 c022 7b00 1700 e022 7300 2124  s..#."{...."s.!$
00021400: e022 7b00 1700 2023 7300 7524 2023 7b00  ."{... #s.u$ #{.
00021410: 1700 4023 7300 b524 4023 7b00 1700 6023  ..@#s..$@#{...`#
00021420: 7300 f624 6023 7b00 1700 8023 7300 4225  s..$`#{....#s.B%
00021430: 8023 7b00 1700 a023 7300 9025 a023 7b00  .#{....#s..%.#{.
00021440: 1700 c023 7300 fd25 c023 7b00 1700 2024  ...#s..%.#{... $
00021450: 7300 b326 2024 7b00 1700 4024 7300 f526  s..& ${...@$s..&
00021460: 4024 7b00 1700 6024 7300 3827 6024 7b00  @${...`$s.8'`${.
00021470: 1700 8024 7300 8127 8024 7b00 1700 a024  ...$s..'.${....$
00021480: 7300 cb27 a024 7b00 1700 c024 7300 0d28  s..'.${....$s..(
00021490: c024 7b00 1700 0027 7300 dc28 0027 7b00  .${....'s..(.'{.
000214a0: 1700 2027 7300 2e29 2027 7b00 1700 e027  .. 's..) '{....'
000214b0: 7300 192a e027 7b00 1700 0028 7300 5c2a  s..*.'{....(s.\*
000214c0: 0028 7b00 1700 2028 7300 a82a 2028 7b00  .({... (s..* ({.
000214d0: 1700 8029 7300 d72b 8029 7b00 1700 8029  ...)s..+.){....)
000214e0: 1300 1700 a029 7300 232c a029 7b00 1700  .....)s.#,.){...
000214f0: a029 1300 1700 c029 7300 6e2c c029 7b00  .).....)s.n,.){.
00021500: 1700 c029 1300 1700 e029 7300 b82c e029  ...).....)s..,.)
00021510: 7b00 1700 e029 1300 1700 002a 7300 fe2c  {....).....*s..,
00021520: 002a 7b00 1700 002a 1300 1700 202a 7300  .*{....*.... *s.
00021530: 442d 202a 7b00 1700 202a 1300 1700 402a  D- *{... *....@*
00021540: 7300 922d 402a 7b00 1700 402a 1300 1700  s..-@*{...@*....
00021550: 602a 7300 db2d 602a 7b00 1700 602a 1300  `*s..-`*{...`*..
00021560: 1700 802a 7300 242e 802a 7b00 1700 802a  ...*s.$..*{....*
00021570: 1300 1700 a02a 7300 6f2e a02a 7b00 1700  .....*s.o..*{...
00021580: a02a 1300 1700 c02a 7300 b92e c02a 7b00  .*.....*s....*{.
00021590: 1700 c02a 1300 1700 e02a 7300 032f e02a  ...*.....*s../.*
000215a0: 7b00 1700 e02a 1300 1700 002b 7300 4b2f  {....*.....+s.K/
000215b0: 002b 7b00 1700 002b 1300 1700 202b 7300  .+{....+.... +s.
000215c0: 972f 202b 7b00 1700 202b 1300 1700 402b  ./ +{... +....@+
000215d0: 1300 1700 a02b 2309 1700 002c 2309 1700  .....+#....,#...
000215e0: 602c 2309 1700 c02c 2309 1700 202d 2309  `,#....,#... -#.
000215f0: 1700 802d 2309 1700 e02d 2309 1700 402e  ...-#....-#...@.
00021600: 2309 1700 a02e 2309 1700 002f 2309 1700  #.....#..../#...
00021610: 602f 2309 1700 c02f 2309 1700 2030 2309  `/#..../#... 0#.
00021620: 1700 8030 2309 1700 2031 7300 4631 2031  ...0#... 1s.F1 1
00021630: 7b00 1700 8031 2309 1700 c031 7300 6432  {....1#....1s.d2
00021640: c031 7b00 1700 2032 2309 1700 6032 7300  .1{... 2#...`2s.
00021650: 0033 6032 7b00 1700 8032 7300 5a33 8032  .3`2{....2s.Z3.2
00021660: 7b00 1700 c032 7300 ba33 c032 7b00 1700  {....2s..3.2{...
00021670: 2033 2309 1700 8033 2309 1700 e033 2309   3#....3#....3#.
00021680: 1700 2034 7300 6f34 2034 7b00 1700 8034  .. 4s.o4 4{....4
00021690: 2309 1700 c034 7300 e934 c034 7b00 1700  #....4s..4.4{...
000216a0: e134 2300 5f00 2035 2309 1700 c035 7300  .4#._. 5#....5s.
000216b0: 7535 c035 7b00 1700 2036 2309 1700 6036  u5.5{... 6#...`6
000216c0: 7300 f535 6036 7b00 1700 c036 2309 1700  s..5`6{....6#...
000216d0: 4037 7300 ab36 4037 7b00 1700 a037 2309  @7s..6@7{....7#.
000216e0: 1700 e037 7300 3337 e037 7b00 1700 4038  ...7s.37.7{...@8
000216f0: 2309 1700 8038 7300 b937 8038 7b00 1700  #....8s..7.8{...
00021700: e038 2309 1700 2039 7300 3738 2039 7b00  .8#... 9s.78 9{.
00021710: 1700 8039 2309 1700 c039 7300 c138 c039  ...9#....9s..8.9
00021720: 7b00 1700 203a 2309 1700 603a 7300 4c39  {... :#...`:s.L9
00021730: 603a 7b00 1700 c03a 2309 1700 003b 7300  `:{....:#....;s.
00021740: ca39 003b 7b00 1700 603b 2309 1700 c03b  .9.;{...`;#....;
00021750: 2309 1700 203c 2309 1700 803c 2309 1700  #... <#....<#...
00021760: e03c 2309 1700 403d 2309 1700 a03d 2309  .<#...@=#....=#.
00021770: 1700 003e 2309 1700 603e 2309 1700 c03e  ...>#...`>#....>
00021780: 2309 1700 203f 2309 1700 803f 2309 1700  #... ?#....?#...
00021790: e03f 2309 1700 4040 2309 1700 a040 2309  .?#...@@#....@#.
000217a0: 1700 0041 2309 1700 6041 2309 1700 c041  ...A#...`A#....A
000217b0: 2309 1700 2042 2309 1700 8042 2309 1700  #... B#....B#...
000217c0: e600 3b01 7c01 b701 f001 2202 6402 8602  ..;.|.....".d...
000217d0: c102 fa02 1303 4403 4d03 7d03 b203 ea03  ......D.M.}.....
000217e0: 3004 6304 8e05 c805 0506 6006 af06 b906  0.c.......`.....
000217f0: f806 5807 6307 9507 da07 f107 2c08 6708  ..X.c.......,.g.
00021800: a108 da08 1a09 5009 8909 c509 030a 3f0a  ......P.......?.
00021810: 790a b80a 740b 940b 1414 4c14 b414 d714  y...t.....L.....
00021820: f515 1e16 6016 8216 9116 ba16 d416 ed16  ....`...........
00021830: 3d17 5f17 ac17 f917 4a18 e318 fd18 1919  =._.....J.......
00021840: 2f19 7c19 cd19 f019 111a 621a 931a e01a  /.|.......b.....
00021850: f81a 2a1b 4f1b 6a1b cc1b e41b 151c 241c  ..*.O.j.......$.
00021860: 481c 6e1c 901c ea1c be1e db1e f71e 1a1f  H.n.............
00021870: 4a1f 601f 831f 9e1f b91f d31f f11f 0720  J.`............ 
00021880: 4020 8120 9b20 b520 cf20 f220 5821 b821  @ . . . . . X!.!
00021890: ce21 0222 3e22 1c23 3423 d623 1524 5c24  .!.">".#4#.#.$\$
000218a0: 6224 a924 ea24 2c25 7c25 be25 3126 6326  b$.$.$,%|%.%1&c&
000218b0: 9b26 e926 2c27 7527 ba27 0128 4628 4f28  .&.&,'u'.'.(F(O(
000218c0: a228 b928 c728 1829 6829 d029 e429 fc29  .(.(.(.)h).).).)
000218d0: 0d2a 502a 922a e62a 392b 3f2b 6a2b 812b  .*P*.*.*9+?+j+.+
000218e0: a82b b82b c52b cb2b 172c 622c ac2c f22c  .+.+.+.+.,b,.,.,
000218f0: 382d 862d cf2d 182e 632e ad2e f72e 3f2f  8-.-.-..c.....?/
00021900: 8b2f f32f 0b30 2030 3530 4a30 5f30 7430  ././.0 050J0_0t0
00021910: 8930 9e30 b330 c830 dd30 f230 0731 2131  .0.0.0.0.0.0.1!1
00021920: ac31 3732 b332 f432 4e33 a833 ae33 0d34  .172.2.2N3.3.3.4
00021930: 2a34 4734 6334 c234 dd34 3c35 5e35 6935  *4G4c4.4.4<5^5i5
00021940: c835 e935 4c36 7136 9f36 0c37 2737 9237  .5.5L6q6.6.7'7.7
00021950: ad37 1038 2b38 9a38 b538 2039 4039 a939  .7.8+8.8.8 9@9.9
00021960: be39 293a 443a 803a f13a 6d3b a23b 353d  .9):D:.:.:m;.;5=
00021970: 4b3d 623d bb3d 153e 7d3e c43e 023f 303f  K=b=.=.>}>.>.?0?
00021980: 483f 6f3f 873f a23f bd3f 0400 0100 0000  H?o?.?.?.?......
00021990: 7d2d 8c14 0200 0400 0300 0100 0500 0300  }-..............
000219a0: 0500 8800 4702 0500 8a00 4b02 0600 8e00  ....G.....K.....
000219b0: 4702 0600 9000 4b02 0900 f000 4702 0900  G.....K.....G...
000219c0: f200 4b02 0d00 0601 4702 0d00 0801 4b02  ..K.....G.....K.
000219d0: 0e00 0c01 4702 0e00 0e01 4b02 0f00 1201  ....G.....K.....
000219e0: 4702 0f00 1401 4b02 1200 2201 4702 1200  G.....K...".G...
000219f0: 2401 4b02 1300 2801 4702 1300 2a01 4b02  $.K...(.G...*.K.
00021a00: 1500 3201 4702 1500 3401 4b02 1700 3e01  ..2.G...4.K...>.
00021a10: 4702 1700 4001 4b02 1b00 5201 4702 1b00  G...@.K...R.G...
00021a20: 5401 4b02 1c00 5801 4702 1c00 5a01 4b02  T.K...X.G...Z.K.
00021a30: 1d00 5e01 4702 1d00 6001 4b02 1e00 6401  ..^.G...`.K...d.
00021a40: 4702 1e00 6601 4b02 1f00 6a01 4702 1f00  G...f.K...j.G...
00021a50: 6c01 4b02 2000 7001 4702 2000 7201 4b02  l.K. .p.G. .r.K.
00021a60: 2100 7601 4702 2100 7801 4b02 2200 7c01  !.v.G.!.x.K.".|.
00021a70: 4702 2200 7e01 4b02 2300 8201 4702 2300  G.".~.K.#...G.#.
00021a80: 8401 4b02 2400 8801 4702 2400 8a01 4b02  ..K.$...G.$...K.
00021a90: 2500 8e01 4702 2500 9001 4b02 2600 9401  %...G.%...K.&...
00021aa0: 4702 2600 9601 4b02 2700 9a01 4702 2700  G.&...K.'...G.'.
00021ab0: 9c01 4b02 2800 a001 4702 2800 a201 4b02  ..K.(...G.(...K.
00021ac0: 2900 a601 4702 2900 a801 4b02 2a00 ac01  )...G.)...K.*...
00021ad0: 4702 2a00 ae01 4b02 2b00 b201 4702 2b00  G.*...K.+...G.+.
00021ae0: b401 4b02 2c00 b801 4702 2c00 ba01 4b02  ..K.,...G.,...K.
00021af0: 2d00 be01 4702 2d00 c001 4b02 2e00 c401  -...G.-...K.....
00021b00: 4702 2e00 c601 4b02 2f00 ca01 4702 2f00  G.....K./...G./.
00021b10: cc01 4b02 3000 d001 4702 3000 d201 4b02  ..K.0...G.0...K.
00021b20: 3100 d601 4702 3100 d801 4b02 3200 dc01  1...G.1...K.2...
00021b30: 4702 3200 de01 4b02 3300 e201 4702 3300  G.2...K.3...G.3.
00021b40: e401 4b02 3400 e801 4702 3400 ea01 4b02  ..K.4...G.4...K.
00021b50: 3500 ee01 4702 3500 f001 4b02 3600 f401  5...G.5...K.6...
00021b60: 4702 3600 f601 4b02 3700 fa01 4702 3700  G.6...K.7...G.7.
00021b70: fc01 4b02 3800 0002 4702 3800 0202 4b02  ..K.8...G.8...K.
00021b80: 3900 0602 4702 3900 0802 4b02 3a00 0c02  9...G.9...K.:...
00021b90: 4702 3a00 0e02 4b02 3f00 b802 4702 3f00  G.:...K.?...G.?.
00021ba0: ba02 4b02 4000 be02 4702 4000 c002 4b02  ..K.@...G.@...K.
00021bb0: 4100 c402 4702 4100 c602 4b02 4200 ca02  A...G.A...K.B...
00021bc0: 4702 4200 cc02 4b02 4300 d002 4702 4300  G.B...K.C...G.C.
00021bd0: d202 4b02 4400 d602 4702 4400 d802 4b02  ..K.D...G.D...K.
00021be0: 4500 dc02 4702 4500 de02 4b02 4600 e202  E...G.E...K.F...
00021bf0: 4702 4600 e402 4b02 4700 e802 4702 4700  G.F...K.G...G.G.
00021c00: ea02 4b02 4800 ee02 4702 4800 f002 4b02  ..K.H...G.H...K.
00021c10: 4900 f402 4702 4900 f602 4b02 4a00 fa02  I...G.I...K.J...
00021c20: 4702 4a00 fc02 4b02 4b00 0003 4702 4b00  G.J...K.K...G.K.
00021c30: 0203 4b02 4c00 0603 4702 4c00 0803 4b02  ..K.L...G.L...K.
00021c40: 4f00 1603 4702 4f00 1803 4b02 5100 2003  O...G.O...K.Q. .
00021c50: 4702 5100 2203 4b02 5300 3003 4702 5300  G.Q.".K.S.0.G.S.
00021c60: 3203 4b02 5400 3603 4702 5400 3803 4b02  2.K.T.6.G.T.8.K.
00021c70: 5500 3c03 4702 5500 3e03 4b02 5700 4603  U.<.G.U.>.K.W.F.
00021c80: 4702 5700 4803 4b02 5900 5003 4702 5900  G.W.H.K.Y.P.G.Y.
00021c90: 5203 4b02 5c00 6003 4702 5c00 6203 4b02  R.K.\.`.G.\.b.K.
00021ca0: 5e00 6a03 4702 5e00 6c03 4b02 6100 7803  ^.j.G.^.l.K.a.x.
00021cb0: 4702 6100 7a03 4b02 6300 8203 4702 6300  G.a.z.K.c...G.c.
00021cc0: 8403 4b02 6500 8c03 4702 6500 8e03 4b02  ..K.e...G.e...K.
00021cd0: 6700 9603 4702 6700 9803 4b02 6900 a003  g...G.g...K.i...
00021ce0: 4702 6900 a203 4b02 6b00 aa03 4702 6b00  G.i...K.k...G.k.
00021cf0: ac03 4b02 6d00 b403 4702 6d00 b603 4b02  ..K.m...G.m...K.
00021d00: 6e00 ba03 4702 6e00 bc03 4b02 6f00 c003  n...G.n...K.o...
00021d10: 4702 6f00 c203 4b02 7000 c603 4702 7000  G.o...K.p...G.p.
00021d20: c803 4b02 7100 cc03 4702 7100 ce03 4b02  ..K.q...G.q...K.
00021d30: 7200 d203 4702 7200 d403 4b02 7300 d803  r...G.r...K.s...
00021d40: 4702 7300 da03 4b02 7400 de03 4702 7400  G.s...K.t...G.t.
00021d50: e003 4b02 7500 e403 4702 7500 e603 4b02  ..K.u...G.u...K.
00021d60: 7600 ea03 4702 7600 ec03 4b02 7700 f003  v...G.v...K.w...
00021d70: 4702 7700 f203 4b02 7800 f603 4702 7800  G.w...K.x...G.x.
00021d80: f803 4b02 7900 fc03 4702 7900 fe03 4b02  ..K.y...G.y...K.
00021d90: 7a00 0204 4702 7a00 0404 4b02 7b00 0804  z...G.z...K.{...
00021da0: 4702 7b00 0a04 4b02 7c00 0e04 4702 7c00  G.{...K.|...G.|.
00021db0: 1004 4b02 7d00 1404 4702 7d00 1604 4b02  ..K.}...G.}...K.
00021dc0: 7e00 1a04 4702 7e00 1c04 4b02 7f00 2004  ~...G.~...K... .
00021dd0: 4702 7f00 2204 4b02 8000 2604 4702 8000  G...".K...&.G...
00021de0: 2804 4b02 0804 b904 e804 fc04 2605 5605  (.K.........&.V.
00021df0: 6905 5706 8606 fd06 9b07 e60a fa0a 230b  i.W...........#.
00021e00: 2c0b 560b 820b 8b0b 9811 b211 1a12 5f12  ,.V..........._.
00021e10: 6f12 7f12 8f12 a112 dd12 f712 0e13 1f13  o...............
00021e20: 2f13 3913 4313 5313 6313 6d13 7713 8a13  /.9.C.S.c.m.w...
00021e30: 9a13 c613 0115 1215 0216 3216 6d16 9e16  ..........2.m...
00021e40: dc18 011c 901d 991d d71d de1d 021e 4f1e  ..............O.
00021e50: 561e 741e 7b1e 2c21 3421 9821 a121 e821  V.t.{.,!4!.!.!.!
00021e60: 1722 1e22 b822 ec22 9f23 b023 b923 c825  .".".".".#.#.#.%
00021e70: d025 3b26 6d26 8126 7728 8d28 b028 8829  .%;&m&.&w(.(.(.)
00021e80: 9129 ed29 f42a 0f2b 2b31 e131 e931 f631  .).).*.++1.1.1.1
00021e90: fe31 1732 4132 4932 ca32 8736 9036 9e3a  .1.2A2I2.2.6.6.:
00021ea0: c43a cd3a d63a 7a3b ca3c fc3c 0d3d e93d  .:.:.:z;.<.<.=.=
00021eb0: f23d 0c3e 933e a13e eb3e f43e 0480 0000  .=.>.>.>.>.>....
00021ec0: 0100 0000 0000 0000 0000 0000 0000 5b43  ..............[C
00021ed0: 0000 0200 0100 0000 0000 0000 0000 0100  ................
00021ee0: 3a2c 0000 0000 0200 0000 0000 0000 0000  :,..............
00021ef0: 0000 0000 a73d 0000 0000 0200 0000 0000  .....=..........
00021f00: 0000 0000 0000 0000 9b34 0000 0000 0100  .........4......
00021f10: 0000 0000 0000 0000 0000 0000 e54e 0000  .............N..
00021f20: 0000 0100 0000 0000 0000 0000 0000 0000  ................
00021f30: f84d 0000 0000 0d00 0000 0000 0000 0000  .M..............
00021f40: 0000 0a00 5342 0000 0000 0100 0000 0000  ....SB..........
00021f50: 0000 0000 0000 0000 794f 0000 0000 0100  ........yO......
00021f60: 0000 0000 0000 0000 0000 0000 8e54 0000  .............T..
00021f70: 0000 0200 0000 0000 0000 0000 0000 0000  ................
00021f80: 8d1c 0000 0000 0200 0000 0000 0000 0000  ................
00021f90: 0000 0100 3a2c 0000 0000 0500 0400 0600  ....:,..........
00021fa0: 0400 0700 0400 0800 0400 0900 0800 0a00  ................
00021fb0: 0400 0b00 0400 0c00 0400 0d00 0c00 0e00  ................
00021fc0: 0c00 0f00 0c00 1000 0400 1100 0400 1200  ................
00021fd0: 1100 1300 1100 1400 0400 1500 1400 1600  ................
00021fe0: 0400 1700 1600 1800 0400 1900 0400 1a00  ................
00021ff0: 0400 1b00 0400 1c00 0400 1d00 0400 1e00  ................
00022000: 0400 1f00 0400 2000 0400 2100 0400 2200  ...... ...!...".
00022010: 0400 2300 0400 2400 0400 2500 0400 2600  ..#...$...%...&.
00022020: 0400 2700 0400 2800 0400 2900 0400 2a00  ..'...(...)...*.
00022030: 0400 2b00 0400 2c00 0400 2d00 0400 2e00  ..+...,...-.....
00022040: 0400 2f00 0400 3000 0400 3100 0400 3200  ../...0...1...2.
00022050: 0400 3300 0400 3400 0400 3500 0400 3600  ..3...4...5...6.
00022060: 0400 3700 0400 3800 0400 3900 0400 3a00  ..7...8...9...:.
00022070: 0400 3f00 3e00 4000 3e00 4100 3e00 4200  ..?.>.@.>.A.>.B.
00022080: 3e00 4300 3e00 4400 3e00 4500 3e00 4600  >.C.>.D.>.E.>.F.
00022090: 3e00 4700 3e00 4800 3e00 4900 3e00 4a00  >.G.>.H.>.I.>.J.
000220a0: 3e00 4b00 3e00 4c00 3e00 4d00 3e00 4e00  >.K.>.L.>.M.>.N.
000220b0: 3e00 4f00 4e00 5000 3e00 5100 5000 5200  >.O.N.P.>.Q.P.R.
000220c0: 3e00 5300 5200 5400 5200 5500 5200 5600  >.S.R.T.R.U.R.V.
000220d0: 3e00 5700 5600 5800 3e00 5900 5800 5a00  >.W.V.X.>.Y.X.Z.
000220e0: 3e00 5b00 3e00 5c00 5b00 5d00 3e00 5e00  >.[.>.\.[.].>.^.
000220f0: 5d00 5f00 3e00 6000 3e00 6100 6000 6200  ]._.>.`.>.a.`.b.
00022100: 3e00 6300 6200 6400 3e00 6500 6400 6600  >.c.b.d.>.e.d.f.
00022110: 3e00 6700 6600 6800 3e00 6900 6800 6a00  >.g.f.h.>.i.h.j.
00022120: 3e00 6b00 6a00 6c00 3e00 6d00 6c00 6e00  >.k.j.l.>.m.l.n.
00022130: 3e00 6f00 3e00 7000 3e00 7100 3e00 7200  >.o.>.p.>.q.>.r.
00022140: 3e00 7300 3e00 7400 3e00 7500 3e00 7600  >.s.>.t.>.u.>.v.
00022150: 3e00 7700 3e00 7800 3e00 7900 3e00 7a00  >.w.>.x.>.y.>.z.
00022160: 3e00 7b00 3e00 7c00 3e00 7d00 3e00 7e00  >.{.>.|.>.}.>.~.
00022170: 3e00 7f00 3e00 8000 3e00 0000 0000 9c00  >...>...>.......
00022180: 841d 0000 0000 9e00 841d 0000 0000 a000  ................
00022190: 841d 0000 0000 a200 841d 0000 0000 de00  ................
000221a0: 841d 0000 0000 1502 841d 0000 0000 3d02  ..............=.
000221b0: 841d 0000 0000 3f02 841d 0000 0000 4102  ......?.......A.
000221c0: 841d 1b00 f900 1b00 4101 1b00 8201 1b00  ........A.......
000221d0: bd01 1b00 f601 2300 2c02 1b00 8c02 1b00  ......#.,.......
000221e0: c702 1b00 1903 1b00 5203 1b00 8203 2300  ........R.....#.
000221f0: b803 2300 3604 6300 a904 6300 c704 7d00  ..#.6.c...c...}.
00022200: 2005 8100 4d05 1b00 9405 1b00 ce05 1b00   ...M...........
00022210: 0b06 bb00 a406 2300 bf06 c300 0e07 2300  ......#.......#.
00022220: 6807 c900 a207 1b00 f707 1b00 3208 2300  h...........2.#.
00022230: 6d08 2300 a708 1b00 e008 1b00 2009 1b00  m.#......... ...
00022240: 5609 1b00 8f09 1b00 cb09 1b00 090a 1b00  V...............
00022250: 450a 1b00 7f0a 7d00 040b d700 040b bb00  E.....}.........
00022260: 040b e100 040b 3902 d913 3b02 e813 3b02  ......9...;...;.
00022270: ed13 3b02 f213 3b02 f713 3b02 fc13 3b02  ..;...;...;...;.
00022280: 0114 3b02 0614 3b02 0b14 1b00 1914 1b00  ..;...;.........
00022290: 5114 5302 f914 5302 1915 2300 f216 9d02  Q.S...S...#.....
000222a0: 4f17 2300 6417 2300 b117 2300 fe17 9d02  O.#.d.#...#.....
000222b0: 8018 c502 2005 9d02 c118 9d02 f218 9d02  .... ...........
000222c0: 0819 2300 3419 2300 8119 9d02 e519 9d02  ..#.4.#.........
000222d0: fe19 2300 161a 9d02 831a 1b00 981a 5302  ..#...........S.
000222e0: 0c1b 5302 1e1b 9d02 3a1b 6300 451b 9d02  ..S.....:.c.E...
000222f0: 5a1b 0b03 a01b 0b03 b21b 5302 dc1b 5302  Z.........S...S.
00022300: f81b 5302 3f1c 9d02 571c 9d02 7d1c 9d02  ..S.?...W...}...
00022310: a91c 9d02 a21d 9d02 b61d 6300 cb1d 6300  ..........c...c.
00022320: d11d 9d02 e51d 9d02 2b1e 9d02 3d1e f903  ........+...=...
00022330: cd1e 5302 ee1e 5302 071f 5302 3c1f 5302  ..S...S...S.<.S.
00022340: 571f 5302 731f 5302 901f 5302 ab1f 5302  W.S.s.S...S...S.
00022350: c51f 5302 e31f 5302 fe1f 5302 2620 5302  ..S...S...S.& S.
00022360: 2f20 5302 6c20 5302 7820 5302 8d20 5302  / S.l S.x S.. S.
00022370: a720 5302 c120 5302 dc20 5302 1321 5302  . S.. S.. S..!S.
00022380: 3c21 5302 7821 5302 8121 5302 aa21 5302  <!S.x!S..!S..!S.
00022390: c521 1402 3822 3902 0323 3902 5f23 3b02  .!..8"9..#9._#;.
000223a0: 6523 1b00 dc23 2300 1b24 2300 6824 2300  e#...##..$#.h$#.
000223b0: af24 2300 f024 2300 3225 2300 8225 df04  .$#..$#.2%#..%..
000223c0: e525 3e02 8e26 c900 a126 c900 ef26 c300  .%>..&...&...&..
000223d0: 3227 2300 7b27 c900 c027 c900 0728 c300  2'#.{'...'...(..
000223e0: cd28 c300 1e29 c900 132a c300 562a c300  .(...)...*..V*..
000223f0: 982a 1b00 d12b 1b00 1d2c 1b00 682c 1b00  .*...+...,..h,..
00022400: b22c 1b00 f82c 1b00 3e2d 1b00 8c2d 1b00  .,...,..>-...-..
00022410: d52d 1b00 1e2e 1b00 692e 1b00 b32e 1b00  .-......i.......
00022420: fd2e 1b00 452f 1b00 912f 5302 0230 5302  ....E/.../S..0S.
00022430: 1730 5302 2c30 5302 4130 5302 5630 5302  .0S.,0S.A0S.V0S.
00022440: 6b30 5302 8030 5302 9530 5302 aa30 5302  k0S..0S..0S..0S.
00022450: bf30 5302 d430 5302 e930 5302 fe30 5302  .0S..0S..0S..0S.
00022460: 1331 1b00 3c31 5302 0632 5302 1a32 5302  .1..<1S..2S..2S.
00022470: 2a32 d905 5a32 ed05 e332 c900 fa32 c900  *2..Z2...2...2..
00022480: 5433 2300 b433 f903 1e34 f903 3b34 9d02  T3#..3...4..;4..
00022490: 5734 2300 6934 9d02 d134 1b00 e334 5302  W4#.i4...4...4S.
000224a0: 4835 f505 5835 1b00 6f35 5302 db35 1b00  H5..X5..o5S..5..
000224b0: ef35 5302 5b36 1b00 a536 5302 1b37 1b00  .5S.[6...6S..7..
000224c0: 2d37 5302 a137 1b00 b337 5302 1f38 1b00  -7S..7...7S..8..
000224d0: 3138 5302 a938 1b00 bb38 5302 2f39 1b00  18S..8...8S./9..
000224e0: 4639 5302 b539 1b00 c439 5302 383a 9d02  F9S..9...9S.8:..
000224f0: 5b3a ed05 a63a ed05 df3a 0b03 3a3b 0b03  [:...:...:..:;..
00022500: 463b f903 8d3b f903 973c f903 b03c f903  F;...;...<...<..
00022510: be3c 4706 ed3c f903 143d f903 203d f903  .<G..<...=.. =..
00022520: 2c3d 9d02 423d f903 593d f903 793d f903  ,=..B=..Y=..y=..
00022530: 823d 0b03 e03d 5302 4a3e 5302 533e 0b03  .=...=S.J>S.S>..
00022540: 8a3e 0b03 d13e 0b03 193f 9d02 3c3f 9d02  .>...>...?..<?..
00022550: 663f f903 7e3f 9d02 963f 9d02 b13f 9d02  f?..~?...?...?..
00022560: cc3f 0500 6d04 0700 6d04 0000 003c 3e39  .?..m...m....<>9
00022570: 5f5f 3831 5f31 3000 3c49 6e69 7469 616c  __81_10.<Initial
00022580: 697a 6543 6f6d 706f 6e65 6e74 3e62 5f5f  izeComponent>b__
00022590: 3831 5f31 3000 3c65 6375 3e35 5f5f 3130  81_10.<ecu>5__10
000225a0: 003c 6578 3e35 5f5f 3130 003c 5374 6172  .<ex>5__10.<Star
000225b0: 7443 6f6e 6e65 6374 696f 6e3e 625f 5f31  tConnection>b__1
000225c0: 3000 3c53 6574 5072 6f6d 6973 6552 6573  0.<SetPromiseRes
000225d0: 756c 743e 645f 5f31 3000 3c3e 735f 5f31  ult>d__10.<>s__1
000225e0: 3000 3c3e 395f 5f38 315f 3230 003c 496e  0.<>9__81_20.<In
000225f0: 6974 6961 6c69 7a65 436f 6d70 6f6e 656e  itializeComponen
00022600: 743e 625f 5f38 315f 3230 003c 7374 723e  t>b__81_20.<str>
00022610: 355f 5f32 3000 3c44 6973 636f 6e6e 6563  5__20.<Disconnec
00022620: 7441 7379 6e63 3e64 5f5f 3230 003c 3e73  tAsync>d__20.<>s
00022630: 5f5f 3230 003c 6274 6e53 6574 7469 6e67  __20.<btnSetting
00022640: 735f 436c 6963 6b65 643e 645f 5f33 3000  s_Clicked>d__30.
00022650: 3c52 656d 6f76 6543 5356 3e64 5f5f 3430  <RemoveCSV>d__40
00022660: 003c 5265 6164 4543 5549 6e66 6f41 7379  .<ReadECUInfoAsy
00022670: 6e63 3e64 5f5f 3430 003c 5374 6172 7443  nc>d__40.<StartC
00022680: 6f6e 6e65 6374 696f 6e3e 645f 5f36 3000  onnection>d__60.
00022690: 3c62 746e 4c69 7665 4461 7461 5461 626c  <btnLiveDataTabl
000226a0: 655f 436c 6963 6b65 643e 645f 5f37 3000  e_Clicked>d__70.
000226b0: 3c54 6573 7452 6563 6f72 6473 5061 6765  <TestRecordsPage
000226c0: 3e62 5f5f 3330 5f30 003c 3e39 5f5f 3430  >b__30_0.<>9__40
000226d0: 5f30 003c 5265 6d6f 7665 4353 563e 625f  _0.<RemoveCSV>b_
000226e0: 5f34 305f 3000 3c3e 395f 5f36 305f 3000  _40_0.<>9__60_0.
000226f0: 3c53 7461 7274 436f 6e6e 6563 7469 6f6e  <StartConnection
00022700: 3e62 5f5f 3630 5f30 003c 3e63 5f5f 4469  >b__60_0.<>c__Di
00022710: 7370 6c61 7943 6c61 7373 3630 5f30 003c  splayClass60_0.<
00022720: 5465 7374 4461 7368 626f 6172 6450 6167  TestDashboardPag
00022730: 653e 625f 5f32 315f 3000 3c54 6573 7453  e>b__21_0.<TestS
00022740: 7065 6564 5061 6765 3e62 5f5f 3331 5f30  peedPage>b__31_0
00022750: 003c 4765 7450 6964 7346 6f72 4563 7553  .<GetPidsForEcuS
00022760: 656c 6563 7465 643e 625f 5f35 315f 3000  elected>b__51_0.
00022770: 3c3e 395f 5f38 315f 3000 3c49 6e69 7469  <>9__81_0.<Initi
00022780: 616c 697a 6543 6f6d 706f 6e65 6e74 3e62  alizeComponent>b
00022790: 5f5f 3831 5f30 003c 5465 7374 4c69 7665  __81_0.<TestLive
000227a0: 4461 7461 5061 6765 3e62 5f5f 3232 5f30  DataPage>b__22_0
000227b0: 003c 5465 7374 4675 656c 5374 6174 7350  .<TestFuelStatsP
000227c0: 6167 653e 625f 5f33 325f 3000 3c3e 395f  age>b__32_0.<>9_
000227d0: 5f34 325f 3000 3c41 736b 466f 7245 7869  _42_0.<AskForExi
000227e0: 743e 625f 5f34 325f 3000 3c3e 635f 5f44  t>b__42_0.<>c__D
000227f0: 6973 706c 6179 436c 6173 7335 325f 3000  isplayClass52_0.
00022800: 3c3e 635f 5f44 6973 706c 6179 436c 6173  <>c__DisplayClas
00022810: 7336 325f 3000 3c54 6573 7453 656e 736f  s62_0.<TestSenso
00022820: 7273 5061 6765 3e62 5f5f 3233 5f30 003c  rsPage>b__23_0.<
00022830: 5465 7374 456d 6973 7369 6f6e 5061 6765  TestEmissionPage
00022840: 3e62 5f5f 3333 5f30 003c 3e63 5f5f 4469  >b__33_0.<>c__Di
00022850: 7370 6c61 7943 6c61 7373 3533 5f30 003c  splayClass53_0.<
00022860: 5465 7374 4454 4350 6167 653e 625f 5f32  TestDTCPage>b__2
00022870: 345f 3000 3c3e 635f 5f44 6973 706c 6179  4_0.<>c__Display
00022880: 436c 6173 7333 345f 3000 3c3e 635f 5f44  Class34_0.<>c__D
00022890: 6973 706c 6179 436c 6173 7335 345f 3000  isplayClass54_0.
000228a0: 3c3e 635f 5f44 6973 706c 6179 436c 6173  <>c__DisplayClas
000228b0: 7336 345f 3000 3c3e 635f 5f44 6973 706c  s64_0.<>c__Displ
000228c0: 6179 436c 6173 7331 355f 3000 3c54 6573  ayClass15_0.<Tes
000228d0: 7446 7265 657a 6546 7261 6d65 5061 6765  tFreezeFramePage
000228e0: 3e62 5f5f 3235 5f30 003c 2e63 746f 723e  >b__25_0.<.ctor>
000228f0: 625f 5f32 355f 3000 3c3e 635f 5f44 6973  b__25_0.<>c__Dis
00022900: 706c 6179 436c 6173 7333 355f 3000 3c3e  playClass35_0.<>
00022910: 635f 5f44 6973 706c 6179 436c 6173 7335  c__DisplayClass5
00022920: 5f30 003c 5465 7374 4d6f 6465 3036 5061  _0.<TestMode06Pa
00022930: 6765 3e62 5f5f 3236 5f30 003c 5374 6172  ge>b__26_0.<Star
00022940: 7452 6561 6450 4944 733e 625f 5f33 365f  tReadPIDs>b__36_
00022950: 3000 3c53 6574 4275 7474 6f6e 7344 6570  0.<SetButtonsDep
00022960: 656e 6469 6e67 4f6e 4f42 4453 7461 7475  endingOnOBDStatu
00022970: 733e 625f 5f35 365f 3000 3c54 6573 7447  s>b__56_0.<TestG
00022980: 6172 6167 6550 6167 653e 625f 5f32 375f  aragePage>b__27_
00022990: 3000 3c3e 395f 5f34 375f 3000 3c43 6f6e  0.<>9__47_0.<Con
000229a0: 6e65 6374 5061 6765 5f41 7070 6561 7269  nectPage_Appeari
000229b0: 6e67 3e62 5f5f 3437 5f30 003c 3e39 5f5f  ng>b__47_0.<>9__
000229c0: 3537 5f30 003c 5368 6f77 4163 7469 7669  57_0.<ShowActivi
000229d0: 7479 4672 616d 653e 625f 5f35 375f 3000  tyFrame>b__57_0.
000229e0: 3c54 6573 7453 6574 7469 6e67 7350 6167  <TestSettingsPag
000229f0: 653e 625f 5f32 385f 3000 3c3e 635f 5f44  e>b__28_0.<>c__D
00022a00: 6973 706c 6179 436c 6173 7333 385f 3000  isplayClass38_0.
00022a10: 3c3e 395f 5f35 385f 3000 3c48 6964 6541  <>9__58_0.<HideA
00022a20: 6374 6976 6974 7946 7261 6d65 3e62 5f5f  ctivityFrame>b__
00022a30: 3538 5f30 003c 3e63 5f5f 4469 7370 6c61  58_0.<>c__Displa
00022a40: 7943 6c61 7373 3538 5f30 003c 5570 6461  yClass58_0.<Upda
00022a50: 7465 4d61 696e 4275 7474 6f6e 733e 625f  teMainButtons>b_
00022a60: 5f37 385f 3000 3c54 6573 7445 4355 496e  _78_0.<TestECUIn
00022a70: 666f 5061 6765 3e62 5f5f 3239 5f30 003c  foPage>b__29_0.<
00022a80: 4164 7349 6e69 7469 616c 697a 653e 625f  AdsInitialize>b_
00022a90: 5f33 395f 3000 3c3e 635f 5f44 6973 706c  _39_0.<>c__Displ
00022aa0: 6179 436c 6173 7333 395f 3000 3c4f 4244  ayClass39_0.<OBD
00022ab0: 5f53 7461 7475 7343 6861 6e67 6564 3e62  _StatusChanged>b
00022ac0: 5f5f 3439 5f30 003c 3e63 5f5f 4469 7370  __49_0.<>c__Disp
00022ad0: 6c61 7943 6c61 7373 3539 5f30 003c 496e  layClass59_0.<In
00022ae0: 766f 6b65 4173 796e 633e 625f 5f30 003c  vokeAsync>b__0.<
00022af0: 4765 7441 6c6c 5365 6e73 6f72 7341 7379  GetAllSensorsAsy
00022b00: 6e63 3e62 5f5f 3000 3c43 6f6e 6e65 6374  nc>b__0.<Connect
00022b10: 4173 796e 633e 625f 5f30 003c 426c 655f  Async>b__0.<Ble_
00022b20: 5374 6174 6543 6861 6e67 6564 3e62 5f5f  StateChanged>b__
00022b30: 3000 3c42 746d 616e 6167 6572 5f4f 6e53  0.<Btmanager_OnS
00022b40: 7461 7465 4368 616e 6765 643e 625f 5f30  tateChanged>b__0
00022b50: 003c 5069 645f 5661 6c75 6543 6861 6e67  .<Pid_ValueChang
00022b60: 6564 3e62 5f5f 3000 3c49 6e69 7470 726f  ed>b__0.<Initpro
00022b70: 6772 6573 735f 5072 6f67 7265 7373 4368  gress_ProgressCh
00022b80: 616e 6765 643e 625f 5f30 003c 4f42 4452  anged>b__0.<OBDR
00022b90: 6561 6465 725f 5374 6174 7573 4368 616e  eader_StatusChan
00022ba0: 6765 643e 625f 5f30 003c 4274 6d61 6e61  ged>b__0.<Btmana
00022bb0: 6765 725f 4f6e 5363 616e 4669 6e69 7368  ger_OnScanFinish
00022bc0: 6564 3e62 5f5f 3000 3c41 6461 7074 6572  ed>b__0.<Adapter
00022bd0: 5f44 6576 6963 6544 6973 636f 7665 7265  _DeviceDiscovere
00022be0: 643e 625f 5f30 003c 4274 6d61 6e61 6765  d>b__0.<Btmanage
00022bf0: 725f 4f6e 4465 7669 6365 4469 7363 6f76  r_OnDeviceDiscov
00022c00: 6572 6564 3e62 5f5f 3000 3c41 6461 7074  ered>b__0.<Adapt
00022c10: 6572 5f53 6361 6e54 696d 656f 7574 456c  er_ScanTimeoutEl
00022c20: 6170 7365 643e 625f 5f30 003c 496e 6974  apsed>b__0.<Init
00022c30: 6961 6c69 7a65 3e62 5f5f 3000 3c43 6865  ialize>b__0.<Che
00022c40: 636b 466f 724e 6577 5665 7273 696f 6e3e  ckForNewVersion>
00022c50: 625f 5f30 003c 5570 6461 7465 5649 4e49  b__0.<UpdateVINI
00022c60: 6e66 6f3e 625f 5f30 003c 5365 7441 6374  nfo>b__0.<SetAct
00022c70: 6976 6974 7946 7261 6d65 5465 7874 3e62  ivityFrameText>b
00022c80: 5f5f 3000 6f62 6a30 003c 3e39 5f5f 3630  __0.obj0.<>9__60
00022c90: 5f31 3100 3c53 7461 7274 436f 6e6e 6563  _11.<StartConnec
00022ca0: 7469 6f6e 3e62 5f5f 3630 5f31 3100 3c3e  tion>b__60_11.<>
00022cb0: 395f 5f38 315f 3131 003c 496e 6974 6961  9__81_11.<Initia
00022cc0: 6c69 7a65 436f 6d70 6f6e 656e 743e 625f  lizeComponent>b_
00022cd0: 5f38 315f 3131 003c 3e38 5f5f 3131 003c  _81_11.<>8__11.<
00022ce0: 4361 6c6c 3e64 5f5f 3131 003c 3e73 5f5f  Call>d__11.<>s__
00022cf0: 3131 003c 3e38 5f5f 3231 003c 3e73 5f5f  11.<>8__21.<>s__
00022d00: 3231 003c 6274 6e46 7565 6c53 7461 7469  21.<btnFuelStati
00022d10: 7374 6963 735f 436c 6963 6b65 643e 645f  stics_Clicked>d_
00022d20: 5f33 3100 3c43 6865 636b 5769 4669 436f  _31.<CheckWiFiCo
00022d30: 6e6e 6563 7469 6f6e 3e64 5f5f 3631 003c  nnection>d__61.<
00022d40: 6274 6e44 5443 5f43 6c69 636b 6564 3e64  btnDTC_Clicked>d
00022d50: 5f5f 3731 003c 3e63 5f5f 4469 7370 6c61  __71.<>c__Displa
00022d60: 7943 6c61 7373 3630 5f31 003c 3e39 5f5f  yClass60_1.<>9__
00022d70: 3831 5f31 003c 496e 6974 6961 6c69 7a65  81_1.<Initialize
00022d80: 436f 6d70 6f6e 656e 743e 625f 5f38 315f  Component>b__81_
00022d90: 3100 3c54 6573 7444 5443 5061 6765 3e62  1.<TestDTCPage>b
00022da0: 5f5f 3234 5f31 003c 3e63 5f5f 4469 7370  __24_1.<>c__Disp
00022db0: 6c61 7943 6c61 7373 3135 5f31 003c 2e63  layClass15_1.<.c
00022dc0: 746f 723e 625f 5f32 355f 3100 3c3e 395f  tor>b__25_1.<>9_
00022dd0: 5f35 365f 3100 3c53 6574 4275 7474 6f6e  _56_1.<SetButton
00022de0: 7344 6570 656e 6469 6e67 4f6e 4f42 4453  sDependingOnOBDS
00022df0: 7461 7475 733e 625f 5f35 365f 3100 3c3e  tatus>b__56_1.<>
00022e00: 395f 5f34 375f 3100 3c43 6f6e 6e65 6374  9__47_1.<Connect
00022e10: 5061 6765 5f41 7070 6561 7269 6e67 3e62  Page_Appearing>b
00022e20: 5f5f 3437 5f31 003c 3e39 5f5f 3738 5f31  __47_1.<>9__78_1
00022e30: 003c 5570 6461 7465 4d61 696e 4275 7474  .<UpdateMainButt
00022e40: 6f6e 733e 625f 5f37 385f 3100 3c73 696d  ons>b__78_1.<sim
00022e50: 706c 654d 6169 6e50 6167 653e 355f 5f31  pleMainPage>5__1
00022e60: 003c 7061 6765 3e35 5f5f 3100 3c77 6966  .<page>5__1.<wif
00022e70: 695f 6e61 6d65 3e35 5f5f 3100 3c6d 6f64  i_name>5__1.<mod
00022e80: 656c 3e35 5f5f 3100 3c6e 756d 3e35 5f5f  el>5__1.<num>5__
00022e90: 3100 3c6a 736f 6e3e 355f 5f31 003c 7365  1.<json>5__1.<se
00022ea0: 6e64 6572 3e35 5f5f 3100 3c74 6373 3e35  nder>5__1.<tcs>5
00022eb0: 5f5f 3100 3c65 783e 355f 5f31 003c 3e38  __1.<ex>5__1.<>8
00022ec0: 5f5f 3100 3c43 6f6e 6e65 6374 4173 796e  __1.<ConnectAsyn
00022ed0: 633e 625f 5f31 003c 496e 6974 6961 6c69  c>b__1.<Initiali
00022ee0: 7a65 3e62 5f5f 3100 3c53 7461 7274 436f  ze>b__1.<StartCo
00022ef0: 6e6e 6563 7469 6f6e 3e62 5f5f 3100 3c55  nnection>b__1.<U
00022f00: 7064 6174 6556 494e 496e 666f 3e62 5f5f  pdateVINInfo>b__
00022f10: 3100 3c3e 735f 5f31 003c 3e75 5f5f 3100  1.<>s__1.<>u__1.
00022f20: 3c3e 635f 5f44 6973 706c 6179 436c 6173  <>c__DisplayClas
00022f30: 7331 335f 3060 3100 3c3e 635f 5f44 6973  s13_0`1.<>c__Dis
00022f40: 706c 6179 436c 6173 7331 345f 3060 3100  playClass14_0`1.
00022f50: 3c43 616c 6c46 756e 633e 645f 5f31 3260  <CallFunc>d__12`
00022f60: 3100 4675 6e63 6031 0054 6173 6b43 6f6d  1.Func`1.TaskCom
00022f70: 706c 6574 696f 6e53 6f75 7263 6560 3100  pletionSource`1.
00022f80: 4945 6e75 6d65 7261 626c 6560 3100 436f  IEnumerable`1.Co
00022f90: 6e66 6967 7572 6564 5461 736b 4177 6169  nfiguredTaskAwai
00022fa0: 7461 626c 6560 3100 5461 736b 6031 004f  table`1.Task`1.O
00022fb0: 6e50 6c61 7466 6f72 6d60 3100 494d 6172  nPlatform`1.IMar
00022fc0: 6b75 7045 7874 656e 7369 6f6e 6031 0041  kupExtension`1.A
00022fd0: 6374 696f 6e60 3100 4943 6f6c 6c65 6374  ction`1.ICollect
00022fe0: 696f 6e60 3100 4f62 7365 7276 6162 6c65  ion`1.Observable
00022ff0: 436f 6c6c 6563 7469 6f6e 6031 0044 6566  Collection`1.Def
00023000: 696e 6974 696f 6e43 6f6c 6c65 6374 696f  initionCollectio
00023010: 6e60 3100 4173 796e 6354 6173 6b4d 6574  n`1.AsyncTaskMet
00023020: 686f 6442 7569 6c64 6572 6031 0045 7665  hodBuilder`1.Eve
00023030: 6e74 4861 6e64 6c65 7260 3100 5461 736b  ntHandler`1.Task
00023040: 4177 6169 7465 7260 3100 4945 6e75 6d65  Awaiter`1.IEnume
00023050: 7261 746f 7260 3100 4950 726f 6772 6573  rator`1.IProgres
00023060: 7360 3100 494c 6973 7460 3100 4947 7269  s`1.IList`1.IGri
00023070: 644c 6973 7460 3100 4c61 796f 7574 6031  dList`1.Layout`1
00023080: 006f 626a 3100 4353 243c 3e38 5f5f 6c6f  .obj1.CS$<>8__lo
00023090: 6361 6c73 3100 3c3e 395f 5f38 315f 3132  cals1.<>9__81_12
000230a0: 003c 496e 6974 6961 6c69 7a65 436f 6d70  .<InitializeComp
000230b0: 6f6e 656e 743e 625f 5f38 315f 3132 003c  onent>b__81_12.<
000230c0: 6974 656d 3e35 5f5f 3132 003c 6e75 6d3e  item>5__12.<num>
000230d0: 355f 5f31 3200 3c65 783e 355f 5f31 3200  5__12.<ex>5__12.
000230e0: 3c65 7665 6e74 4861 6e64 6c65 723e 355f  <eventHandler>5_
000230f0: 5f32 3200 7365 745f 4341 4e4f 7074 696d  _22.set_CANOptim
00023100: 697a 654d 6f64 6532 3200 3c62 746e 5075  izeMode22.<btnPu
00023110: 7263 6861 7365 5f43 6c69 636b 6564 3e64  rchase_Clicked>d
00023120: 5f5f 3332 0049 6e74 3332 003c 4173 6b46  __32.Int32.<AskF
00023130: 6f72 4578 6974 3e64 5f5f 3432 003c 6274  orExit>d__42.<bt
00023140: 6e43 6f6e 6e65 6374 5f43 6c69 636b 6564  nConnect_Clicked
00023150: 3e64 5f5f 3532 003c 6274 6e4d 6f64 6530  >d__52.<btnMode0
00023160: 365f 436c 6963 6b65 643e 645f 5f37 3200  6_Clicked>d__72.
00023170: 4361 7253 6361 6e6e 6572 5861 6d61 7269  CarScannerXamari
00023180: 6e46 6f72 6d73 2e4f 4244 3200 6765 745f  nForms.OBD2.get_
00023190: 5573 654f 4244 3200 4454 434d 6f64 6556  UseOBD2.DTCModeV
000231a0: 3200 6765 745f 4454 4352 6561 6469 6e67  2.get_DTCReading
000231b0: 4d6f 6465 5632 0067 6574 5f44 5443 436c  ModeV2.get_DTCCl
000231c0: 6561 7269 6e67 4d6f 6465 5632 0045 6375  earingModeV2.Ecu
000231d0: 496e 666f 5061 6765 5632 0045 636f 5465  InfoPageV2.EcoTe
000231e0: 7374 5061 6765 5632 004f 4244 5265 6164  stPageV2.OBDRead
000231f0: 6572 5072 6f66 696c 6556 3200 5370 6565  erProfileV2.Spee
00023200: 6443 616c 6962 7261 7469 6f6e 4d6f 6465  dCalibrationMode
00023210: 6c56 3200 4454 4349 7465 6d56 3200 436f  lV2.DTCItemV2.Co
00023220: 6469 6e67 4d6f 6465 5365 6c65 6374 696f  dingModeSelectio
00023230: 6e56 3200 4461 7461 5265 636f 7264 6572  nV2.DataRecorder
00023240: 5632 0043 6172 5363 616e 6e65 7258 616d  V2.CarScannerXam
00023250: 6172 696e 466f 726d 732e 436f 6469 6e67  arinForms.Coding
00023260: 2e50 6167 6573 5632 0043 6172 5363 616e  .PagesV2.CarScan
00023270: 6e65 7258 616d 6172 696e 466f 726d 732e  nerXamarinForms.
00023280: 5072 6f66 696c 6573 5632 003c 3e63 5f5f  ProfilesV2.<>c__
00023290: 4469 7370 6c61 7943 6c61 7373 3630 5f32  DisplayClass60_2
000232a0: 003c 3e39 5f5f 3831 5f32 003c 496e 6974  .<>9__81_2.<Init
000232b0: 6961 6c69 7a65 436f 6d70 6f6e 656e 743e  ializeComponent>
000232c0: 625f 5f38 315f 3200 3c3e 635f 5f44 6973  b__81_2.<>c__Dis
000232d0: 706c 6179 436c 6173 7331 355f 3200 3c2e  playClass15_2.<.
000232e0: 6374 6f72 3e62 5f5f 3235 5f32 003c 3e39  ctor>b__25_2.<>9
000232f0: 5f5f 3738 5f32 003c 5570 6461 7465 4d61  __78_2.<UpdateMa
00023300: 696e 4275 7474 6f6e 733e 625f 5f37 385f  inButtons>b__78_
00023310: 3200 3c77 656c 636f 6d65 5061 6765 323e  2.<welcomePage2>
00023320: 355f 5f32 003c 5f3e 355f 5f32 003c 7069  5__2.<_>5__2.<pi
00023330: 645f 6c6f 6164 3e35 5f5f 3200 3c63 6f6e  d_load>5__2.<con
00023340: 6e65 6374 6564 3e35 5f5f 3200 3c66 7265  nected>5__2.<fre
00023350: 657a 6546 7261 6d65 5061 6765 3e35 5f5f  ezeFramePage>5__
00023360: 3200 3c74 6572 6d69 6e61 6c50 6167 653e  2.<terminalPage>
00023370: 355f 5f32 003c 6461 7368 626f 6172 6458  5__2.<dashboardX
00023380: 616d 6c50 6167 653e 355f 5f32 003c 7369  amlPage>5__2.<si
00023390: 6d70 6c65 4d61 696e 5061 6765 3e35 5f5f  mpleMainPage>5__
000233a0: 3200 3c69 6e41 7070 5061 6765 3e35 5f5f  2.<inAppPage>5__
000233b0: 3200 3c66 7565 6c53 7461 7469 7374 6963  2.<fuelStatistic
000233c0: 7350 6167 653e 355f 5f32 003c 7370 6565  sPage>5__2.<spee
000233d0: 6454 6573 7450 6167 653e 355f 5f32 003c  dTestPage>5__2.<
000233e0: 6c69 7665 4461 7461 4c69 7374 5061 6765  liveDataListPage
000233f0: 3e35 5f5f 3200 3c70 6167 653e 355f 5f32  >5__2.<page>5__2
00023400: 003c 7365 7474 696e 6773 4761 7261 6765  .<settingsGarage
00023410: 3e35 5f5f 3200 3c77 6966 695f 6e61 6d65  >5__2.<wifi_name
00023420: 3e35 5f5f 3200 3c66 6c61 673e 355f 5f32  >5__2.<flag>5__2
00023430: 003c 7365 7474 696e 6773 5265 636f 7264  .<settingsRecord
00023440: 696e 673e 355f 5f32 003c 7265 733e 355f  ing>5__2.<res>5_
00023450: 5f32 003c 6261 7365 4c69 7374 4669 6c74  _2.<baseListFilt
00023460: 6572 733e 355f 5f32 003c 7365 7474 696e  ers>5__2.<settin
00023470: 6773 526f 6f74 3e35 5f5f 3200 3c76 3e35  gsRoot>5__2.<v>5
00023480: 5f5f 3200 3c61 7272 6179 3e35 5f5f 3200  __2.<array>5__2.
00023490: 3c43 6f6e 6e65 6374 4173 796e 633e 625f  <ConnectAsync>b_
000234a0: 5f32 003c 496e 6974 6961 6c69 7a65 3e62  _2.<Initialize>b
000234b0: 5f5f 3200 3c53 7461 7274 436f 6e6e 6563  __2.<StartConnec
000234c0: 7469 6f6e 3e62 5f5f 3200 3c3e 735f 5f32  tion>b__2.<>s__2
000234d0: 003c 3e75 5f5f 3200 4675 6e63 6032 0056  .<>u__2.Func`2.V
000234e0: 616c 7565 5475 706c 6560 3200 5479 7065  alueTuple`2.Type
000234f0: 6442 696e 6469 6e67 6032 0041 6374 696f  dBinding`2.Actio
00023500: 6e60 3200 4469 6374 696f 6e61 7279 6032  n`2.Dictionary`2
00023510: 0053 686f 7757 656c 636f 6d65 5061 6765  .ShowWelcomePage
00023520: 3200 4361 7253 6361 6e6e 6572 5861 6d61  2.CarScannerXama
00023530: 7269 6e46 6f72 6d73 2e42 6c75 6574 6f6f  rinForms.Bluetoo
00023540: 7468 3200 4353 243c 3e38 5f5f 6c6f 6361  th2.CS$<>8__loca
00023550: 6c73 3200 4361 7253 6361 6e6e 6572 5861  ls2.CarScannerXa
00023560: 6d61 7269 6e46 6f72 6d73 2e44 5443 7632  marinForms.DTCv2
00023570: 003c 3e39 5f5f 3831 5f31 3300 3c49 6e69  .<>9__81_13.<Ini
00023580: 7469 616c 697a 6543 6f6d 706f 6e65 6e74  tializeComponent
00023590: 3e62 5f5f 3831 5f31 3300 3c73 7461 7465  >b__81_13.<state
000235a0: 3e35 5f5f 3133 003c 3e73 5f5f 3133 003c  >5__13.<>s__13.<
000235b0: 7072 6f67 7265 7373 3e35 5f5f 3233 003c  progress>5__23.<
000235c0: 6274 6e47 6172 6167 655f 436c 6963 6b65  btnGarage_Clicke
000235d0: 643e 645f 5f33 3300 3c43 6f6e 6e65 6374  d>d__33.<Connect
000235e0: 4f6e 4c61 756e 6368 3e64 5f5f 3433 003c  OnLaunch>d__43.<
000235f0: 6274 6e44 6973 636f 6e6e 6563 745f 436c  btnDisconnect_Cl
00023600: 6963 6b65 643e 645f 5f35 3300 3c41 736b  icked>d__53.<Ask
00023610: 466f 7252 6576 6965 773e 645f 5f36 3300  ForReview>d__63.
00023620: 3c62 746e 4461 7368 626f 6172 645f 436c  <btnDashboard_Cl
00023630: 6963 6b65 643e 645f 5f37 3300 5765 6c63  icked>d__73.Welc
00023640: 6f6d 6550 6167 6532 5633 0043 6172 5363  omePage2V3.CarSc
00023650: 616e 6e65 7258 616d 6172 696e 466f 726d  annerXamarinForm
00023660: 732e 5365 7474 696e 6773 2e53 6574 7469  s.Settings.Setti
00023670: 6e67 7356 3300 3c3e 635f 5f44 6973 706c  ngsV3.<>c__Displ
00023680: 6179 436c 6173 7336 305f 3300 3c3e 395f  ayClass60_3.<>9_
00023690: 5f38 315f 3300 3c49 6e69 7469 616c 697a  _81_3.<Initializ
000236a0: 6543 6f6d 706f 6e65 6e74 3e62 5f5f 3831  eComponent>b__81
000236b0: 5f33 003c 3e63 5f5f 4469 7370 6c61 7943  _3.<>c__DisplayC
000236c0: 6c61 7373 3135 5f33 003c 3e39 5f5f 3738  lass15_3.<>9__78
000236d0: 5f33 003c 5570 6461 7465 4d61 696e 4275  _3.<UpdateMainBu
000236e0: 7474 6f6e 733e 625f 5f37 385f 3300 3c6e  ttons>b__78_3.<n
000236f0: 756d 313e 355f 5f33 003c 7765 6c63 6f6d  um1>5__3.<welcom
00023700: 6550 6167 6532 5633 3e35 5f5f 3300 3c76  ePage2V3>5__3.<v
00023710: 616c 6964 3e35 5f5f 3300 3c64 7463 7632  alid>5__3.<dtcv2
00023720: 7061 6765 3e35 5f5f 3300 3c70 6167 653e  page>5__3.<page>
00023730: 355f 5f33 003c 666c 6167 3e35 5f5f 3300  5__3.<flag>5__3.
00023740: 3c73 7472 696e 673e 355f 5f33 003c 7769  <string>5__3.<wi
00023750: 6669 4865 6c70 6572 3e35 5f5f 3300 3c73  fiHelper>5__3.<s
00023760: 7472 3e35 5f5f 3300 3c73 656c 6563 7465  tr>5__3.<selecte
00023770: 6445 4355 733e 355f 5f33 003c 7265 7375  dECUs>5__3.<resu
00023780: 6c74 3e35 5f5f 3300 3c65 783e 355f 5f33  lt>5__3.<ex>5__3
00023790: 003c 3e39 5f5f 3300 3c43 6f6e 6e65 6374  .<>9__3.<Connect
000237a0: 4173 796e 633e 625f 5f33 003c 496e 6974  Async>b__3.<Init
000237b0: 6961 6c69 7a65 3e62 5f5f 3300 3c53 7461  ialize>b__3.<Sta
000237c0: 7274 436f 6e6e 6563 7469 6f6e 3e62 5f5f  rtConnection>b__
000237d0: 3300 3c49 6e69 7469 616c 697a 653e 645f  3.<Initialize>d_
000237e0: 5f33 003c 3e73 5f5f 3300 3c3e 755f 5f33  _3.<>s__3.<>u__3
000237f0: 0043 5324 3c3e 385f 5f6c 6f63 616c 7333  .CS$<>8__locals3
00023800: 003c 3e39 5f5f 3831 5f31 3400 3c49 6e69  .<>9__81_14.<Ini
00023810: 7469 616c 697a 6543 6f6d 706f 6e65 6e74  tializeComponent
00023820: 3e62 5f5f 3831 5f31 3400 3c69 7465 6d3e  >b__81_14.<item>
00023830: 355f 5f31 3400 3c65 783e 355f 5f31 3400  5__14.<ex>5__14.
00023840: 3c3e 385f 5f31 3400 3c74 6f6b 656e 3e35  <>8__14.<token>5
00023850: 5f5f 3234 003c 496e 6974 6961 6c69 7a65  __24.<Initialize
00023860: 3e64 5f5f 3334 003c 5368 6f77 5765 6c63  >d__34.<ShowWelc
00023870: 6f6d 6550 6167 6532 3e64 5f5f 3434 003c  omePage2>d__44.<
00023880: 6274 6e53 7461 7274 5369 6d75 6c61 7469  btnStartSimulati
00023890: 6f6e 5f43 6c69 636b 6564 3e64 5f5f 3534  on_Clicked>d__54
000238a0: 003c 5570 6461 7465 5649 4e49 6e66 6f3e  .<UpdateVINInfo>
000238b0: 645f 5f36 3400 496e 7436 3400 3c62 746e  d__64.Int64.<btn
000238c0: 4672 6565 7a65 4672 616d 655f 436c 6963  FreezeFrame_Clic
000238d0: 6b65 643e 645f 5f37 3400 3c3e 635f 5f44  ked>d__74.<>c__D
000238e0: 6973 706c 6179 436c 6173 7336 305f 3400  isplayClass60_4.
000238f0: 3c3e 395f 5f38 315f 3400 3c49 6e69 7469  <>9__81_4.<Initi
00023900: 616c 697a 6543 6f6d 706f 6e65 6e74 3e62  alizeComponent>b
00023910: 5f5f 3831 5f34 003c 3e63 5f5f 4469 7370  __81_4.<>c__Disp
00023920: 6c61 7943 6c61 7373 3135 5f34 003c 3e39  layClass15_4.<>9
00023930: 5f5f 3738 5f34 003c 5570 6461 7465 4d61  __78_4.<UpdateMa
00023940: 696e 4275 7474 6f6e 733e 625f 5f37 385f  inButtons>b__78_
00023950: 3400 3c69 643e 355f 5f34 003c 6465 7669  4.<id>5__4.<devi
00023960: 6365 5f69 643e 355f 5f34 003c 6d65 7468  ce_id>5__4.<meth
00023970: 6f64 3e35 5f5f 3400 3c64 7463 7633 7061  od>5__4.<dtcv3pa
00023980: 6765 3e35 5f5f 3400 3c6e 756d 3e35 5f5f  ge>5__4.<num>5__
00023990: 3400 3c3e 395f 5f34 003c 436f 6e6e 6563  4.<>9__4.<Connec
000239a0: 7441 7379 6e63 3e62 5f5f 3400 3c49 6e69  tAsync>b__4.<Ini
000239b0: 7469 616c 697a 653e 625f 5f34 003c 5374  tialize>b__4.<St
000239c0: 6172 7443 6f6e 6e65 6374 696f 6e3e 625f  artConnection>b_
000239d0: 5f34 003c 436f 6e6e 6563 7469 6f6e 6f6e  _4.<Connectionon
000239e0: 4c61 756e 6368 3e64 5f5f 3400 3c3e 735f  Launch>d__4.<>s_
000239f0: 5f34 003c 3e75 5f5f 3400 4353 243c 3e38  _4.<>u__4.CS$<>8
00023a00: 5f5f 6c6f 6361 6c73 3400 3c3e 395f 5f38  __locals4.<>9__8
00023a10: 315f 3135 003c 496e 6974 6961 6c69 7a65  1_15.<Initialize
00023a20: 436f 6d70 6f6e 656e 743e 625f 5f38 315f  Component>b__81_
00023a30: 3135 003c 6576 656e 7448 616e 646c 6572  15.<eventHandler
00023a40: 3e35 5f5f 3135 003c 436f 6e6e 6563 7441  >5__15.<ConnectA
00023a50: 7379 6e63 3e64 5f5f 3135 003c 3e73 5f5f  sync>d__15.<>s__
00023a60: 3135 003c 7374 723e 355f 5f32 3500 3c43  15.<str>5__25.<C
00023a70: 6865 636b 466f 724e 6577 5665 7273 696f  heckForNewVersio
00023a80: 6e3e 645f 5f33 3500 3c62 746e 5370 6565  n>d__35.<btnSpee
00023a90: 6454 6573 745f 436c 6963 6b65 643e 645f  dTest_Clicked>d_
00023aa0: 5f37 3500 3c3e 635f 5f44 6973 706c 6179  _75.<>c__Display
00023ab0: 436c 6173 7336 305f 3500 3c3e 395f 5f38  Class60_5.<>9__8
00023ac0: 315f 3500 3c49 6e69 7469 616c 697a 6543  1_5.<InitializeC
00023ad0: 6f6d 706f 6e65 6e74 3e62 5f5f 3831 5f35  omponent>b__81_5
00023ae0: 003c 3e39 5f5f 3334 5f35 003c 496e 6974  .<>9__34_5.<Init
00023af0: 6961 6c69 7a65 3e62 5f5f 3334 5f35 003c  ialize>b__34_5.<
00023b00: 3e39 5f5f 3738 5f35 003c 5570 6461 7465  >9__78_5.<Update
00023b10: 4d61 696e 4275 7474 6f6e 733e 625f 5f37  MainButtons>b__7
00023b20: 385f 3500 3c6e 756d 323e 355f 5f35 003c  8_5.<num2>5__5.<
00023b30: 653e 355f 5f35 003c 7061 6765 3e35 5f5f  e>5__5.<page>5__
00023b40: 3500 3c74 6173 6b3e 355f 5f35 003c 6e75  5.<task>5__5.<nu
00023b50: 6d3e 355f 5f35 003c 7463 733e 355f 5f35  m>5__5.<tcs>5__5
00023b60: 003c 7265 7375 6c74 3e35 5f5f 3500 3c73  .<result>5__5.<s
00023b70: 6572 7665 7250 6f72 743e 355f 5f35 003c  erverPort>5__5.<
00023b80: 7265 706f 7274 3e35 5f5f 3500 3c6c 6973  report>5__5.<lis
00023b90: 743e 355f 5f35 003c 3e38 5f5f 3500 3c43  t>5__5.<>8__5.<C
00023ba0: 6f6e 6e65 6374 4173 796e 633e 625f 5f35  onnectAsync>b__5
00023bb0: 003c 5374 6172 7443 6f6e 6e65 6374 696f  .<StartConnectio
00023bc0: 6e3e 625f 5f35 003c 3e73 5f5f 3500 3c3e  n>b__5.<>s__5.<>
00023bd0: 755f 5f35 0043 5324 3c3e 385f 5f6c 6f63  u__5.CS$<>8__loc
00023be0: 616c 7335 003c 3e39 5f5f 3831 5f31 3600  als5.<>9__81_16.
00023bf0: 3c49 6e69 7469 616c 697a 6543 6f6d 706f  <InitializeCompo
00023c00: 6e65 6e74 3e62 5f5f 3831 5f31 3600 3c70  nent>b__81_16.<p
00023c10: 726f 6772 6573 733e 355f 5f31 3600 3c65  rogress>5__16.<e
00023c20: 783e 355f 5f31 3600 3c55 7064 6174 6556  x>5__16.<UpdateV
00023c30: 494e 496e 666f 3e64 5f5f 3136 003c 3e73  INInfo>d__16.<>s
00023c40: 5f5f 3236 003c 5265 6672 6573 6850 4944  __26.<RefreshPID
00023c50: 733e 645f 5f34 3600 3c62 746e 5465 726d  s>d__46.<btnTerm
00023c60: 696e 616c 5f43 6c69 636b 6564 3e64 5f5f  inal_Clicked>d__
00023c70: 3636 003c 6274 6e52 6563 6f72 6473 5f43  66.<btnRecords_C
00023c80: 6c69 636b 6564 3e64 5f5f 3736 003c 3e39  licked>d__76.<>9
00023c90: 5f5f 3831 5f36 003c 496e 6974 6961 6c69  __81_6.<Initiali
00023ca0: 7a65 436f 6d70 6f6e 656e 743e 625f 5f38  zeComponent>b__8
00023cb0: 315f 3600 3c3e 395f 5f37 385f 3600 3c55  1_6.<>9__78_6.<U
00023cc0: 7064 6174 654d 6169 6e42 7574 746f 6e73  pdateMainButtons
00023cd0: 3e62 5f5f 3738 5f36 003c 653e 355f 5f36  >b__78_6.<e>5__6
00023ce0: 003c 693e 355f 5f36 003c 696e 6465 783e  .<i>5__6.<index>
00023cf0: 355f 5f36 003c 436f 6e6e 6563 7441 7379  5__6.<ConnectAsy
00023d00: 6e63 3e62 5f5f 3600 3c53 7461 7274 436f  nc>b__6.<StartCo
00023d10: 6e6e 6563 7469 6f6e 3e62 5f5f 3600 3c63  nnection>b__6.<c
00023d20: 6f6e 736f 6c65 5f6c 6f67 3e64 5f5f 3600  onsole_log>d__6.
00023d30: 3c3e 735f 5f36 003c 3e75 5f5f 3600 3c3e  <>s__6.<>u__6.<>
00023d40: 395f 5f38 315f 3137 003c 496e 6974 6961  9__81_17.<Initia
00023d50: 6c69 7a65 436f 6d70 6f6e 656e 743e 625f  lizeComponent>b_
00023d60: 5f38 315f 3137 003c 746f 6b65 6e3e 355f  _81_17.<token>5_
00023d70: 5f31 3700 3c43 6865 636b 5769 4669 436f  _17.<CheckWiFiCo
00023d80: 6e6e 6563 7469 6f6e 3e64 5f5f 3137 003c  nnection>d__17.<
00023d90: 3e73 5f5f 3137 003c 6274 6e56 6572 7369  >s__17.<btnVersi
00023da0: 6f6e 735f 436c 6963 6b65 643e 645f 5f33  ons_Clicked>d__3
00023db0: 3700 3c43 6c65 6172 4454 4341 7379 6e63  7.<ClearDTCAsync
00023dc0: 3e64 5f5f 3437 003c 6274 6e4c 6976 6544  >d__47.<btnLiveD
00023dd0: 6174 615f 436c 6963 6b65 643e 645f 5f36  ata_Clicked>d__6
00023de0: 3700 3c62 746e 456d 6973 7369 6f6e 5465  7.<btnEmissionTe
00023df0: 7374 735f 5461 7070 6564 3e64 5f5f 3737  sts_Tapped>d__77
00023e00: 003c 3e39 5f5f 3831 5f37 003c 496e 6974  .<>9__81_7.<Init
00023e10: 6961 6c69 7a65 436f 6d70 6f6e 656e 743e  ializeComponent>
00023e20: 625f 5f38 315f 3700 3c3e 395f 5f37 385f  b__81_7.<>9__78_
00023e30: 3700 3c55 7064 6174 654d 6169 6e42 7574  7.<UpdateMainBut
00023e40: 746f 6e73 3e62 5f5f 3738 5f37 003c 7461  tons>b__78_7.<ta
00023e50: 736b 3e35 5f5f 3700 3c65 7272 6f72 3e35  sk>5__7.<error>5
00023e60: 5f5f 3700 3c69 6e64 6578 3e35 5f5f 3700  __7.<index>5__7.
00023e70: 3c3e 385f 5f37 003c 436f 6e6e 6563 7441  <>8__7.<ConnectA
00023e80: 7379 6e63 3e62 5f5f 3700 3c53 7461 7274  sync>b__7.<Start
00023e90: 436f 6e6e 6563 7469 6f6e 3e62 5f5f 3700  Connection>b__7.
00023ea0: 3c63 6f6e 736f 6c65 5f77 6172 6e3e 645f  <console_warn>d_
00023eb0: 5f37 003c 3e73 5f5f 3700 3c3e 395f 5f38  _7.<>s__7.<>9__8
00023ec0: 315f 3138 003c 496e 6974 6961 6c69 7a65  1_18.<Initialize
00023ed0: 436f 6d70 6f6e 656e 743e 625f 5f38 315f  Component>b__81_
00023ee0: 3138 003c 7374 723e 355f 5f31 3800 3c3e  18.<str>5__18.<>
00023ef0: 385f 5f31 3800 3c53 6574 5072 6f67 7265  8__18.<SetProgre
00023f00: 7373 5465 7874 3e64 5f5f 3138 003c 6274  ssText>d__18.<bt
00023f10: 6e43 6f64 696e 675f 436c 6963 6b65 643e  nCoding_Clicked>
00023f20: 645f 5f33 3800 3c52 6561 6444 5443 4173  d__38.<ReadDTCAs
00023f30: 796e 633e 645f 5f34 3800 3c53 686f 7753  ync>d__48.<ShowS
00023f40: 6570 6172 6174 6543 6861 7274 733e 645f  eparateCharts>d_
00023f50: 5f36 3800 3c3e 395f 5f38 315f 3800 3c49  _68.<>9__81_8.<I
00023f60: 6e69 7469 616c 697a 6543 6f6d 706f 6e65  nitializeCompone
00023f70: 6e74 3e62 5f5f 3831 5f38 003c 6465 7669  nt>b__81_8.<devi
00023f80: 6365 5f69 643e 355f 5f38 003c 6e75 6d3e  ce_id>5__8.<num>
00023f90: 355f 5f38 003c 6563 753e 355f 5f38 003c  5__8.<ecu>5__8.<
00023fa0: 436f 6e6e 6563 7441 7379 6e63 3e62 5f5f  ConnectAsync>b__
00023fb0: 3800 3c53 7461 7274 436f 6e6e 6563 7469  8.<StartConnecti
00023fc0: 6f6e 3e62 5f5f 3800 3c63 6f6e 736f 6c65  on>b__8.<console
00023fd0: 5f65 7272 6f72 3e64 5f5f 3800 3c3e 735f  _error>d__8.<>s_
00023fe0: 5f38 003c 3e39 5f5f 3831 5f31 3900 3c49  _8.<>9__81_19.<I
00023ff0: 6e69 7469 616c 697a 6543 6f6d 706f 6e65  nitializeCompone
00024000: 6e74 3e62 5f5f 3831 5f31 3900 3c6e 756d  nt>b__81_19.<num
00024010: 3e35 5f5f 3139 003c 4469 7370 6c61 7941  >5__19.<DisplayA
00024020: 6c65 7274 3e64 5f5f 3139 003c 3e73 5f5f  lert>d__19.<>s__
00024030: 3139 003c 4765 7441 6c6c 5365 6e73 6f72  19.<GetAllSensor
00024040: 7341 7379 6e63 3e64 5f5f 3339 003c 5265  sAsync>d__39.<Re
00024050: 6164 4672 6565 7a65 4672 616d 6541 7379  adFreezeFrameAsy
00024060: 6e63 3e64 5f5f 3439 003c 5368 6f77 436f  nc>d__49.<ShowCo
00024070: 6d62 696e 6564 4368 6172 743e 645f 5f36  mbinedChart>d__6
00024080: 3900 3c3e 3900 3c3e 395f 5f38 315f 3900  9.<>9.<>9__81_9.
00024090: 3c49 6e69 7469 616c 697a 6543 6f6d 706f  <InitializeCompo
000240a0: 6e65 6e74 3e62 5f5f 3831 5f39 003c 3e39  nent>b__81_9.<>9
000240b0: 5f5f 3135 5f39 003c 436f 6e6e 6563 7441  __15_9.<ConnectA
000240c0: 7379 6e63 3e62 5f5f 3135 5f39 003c 6c69  sync>b__15_9.<li
000240d0: 7665 4461 7461 5049 444d 6f64 656c 3e35  veDataPIDModel>5
000240e0: 5f5f 3900 3c73 7061 6e3e 355f 5f39 003c  __9.<span>5__9.<
000240f0: 6578 3e35 5f5f 3900 3c53 7461 7274 436f  ex>5__9.<StartCo
00024100: 6e6e 6563 7469 6f6e 3e62 5f5f 3900 3c3e  nnection>b__9.<>
00024110: 735f 5f39 003c 4d6f 6475 6c65 3e00 4361  s__9.<Module>.Ca
00024120: 7253 6361 6e6e 6572 5861 6d61 7269 6e46  rScannerXamarinF
00024130: 6f72 6d73 2e44 5443 0043 6172 5363 616e  orms.DTC.CarScan
00024140: 6e65 7258 616d 6172 696e 466f 726d 732e  nerXamarinForms.
00024150: 4454 432e 5661 6744 5443 0049 5049 4400  DTC.VagDTC.IPID.
00024160: 6765 745f 5365 6c65 6374 6564 5049 4400  get_SelectedPID.
00024170: 7365 745f 5365 6c65 6374 6564 5049 4400  set_SelectedPID.
00024180: 4375 7374 6f6d 5049 4400 5365 6e73 6f72  CustomPID.Sensor
00024190: 5049 4400 6362 4543 5549 4400 4669 6e64  PID.cbECUID.Find
000241a0: 4465 7669 6365 5769 7468 5261 6e64 6f6d  DeviceWithRandom
000241b0: 697a 6564 5555 4944 0067 6574 5f42 544c  izedUUID.get_BTL
000241c0: 4544 6576 6963 6549 4400 7365 745f 4254  EDeviceID.set_BT
000241d0: 4c45 4465 7669 6365 4944 0067 6574 5f42  LEDeviceID.get_B
000241e0: 5444 6576 6963 6549 4400 7365 745f 4254  TDeviceID.set_BT
000241f0: 4465 7669 6365 4944 0050 6c75 6769 6e2e  DeviceID.Plugin.
00024200: 424c 4500 4942 6c75 6574 6f6f 7468 4c45  BLE.IBluetoothLE
00024210: 0043 726f 7373 426c 7565 746f 6f74 684c  .CrossBluetoothL
00024220: 4500 6765 745f 5573 654c 6567 6163 7955  E.get_UseLegacyU
00024230: 4900 7462 4261 6445 4c4d 0067 6574 5f56  I.tbBadELM.get_V
00024240: 494e 0067 7269 6456 494e 0043 6172 5363  IN.gridVIN.CarSc
00024250: 616e 6e65 7258 616d 6172 696e 466f 726d  annerXamarinForm
00024260: 732e 4f42 4432 2e50 4944 5300 6765 745f  s.OBD2.PIDS.get_
00024270: 4646 5049 4453 004c 6f61 6443 7573 746f  FFPIDS.LoadCusto
00024280: 6d50 4944 5300 4372 6561 7465 456d 7074  mPIDS.CreateEmpt
00024290: 7950 4944 5300 4950 6c61 7466 6f72 6d53  yPIDS.IPlatformS
000242a0: 7065 6369 6669 6353 6572 7669 6365 494f  pecificServiceIO
000242b0: 5300 7365 745f 694f 5300 6765 745f 4973  S.set_iOS.get_Is
000242c0: 694f 5300 5843 5400 4765 7453 7570 706f  iOS.XCT.GetSuppo
000242d0: 7274 6564 5049 4473 5445 5354 0067 6574  rtedPIDsTEST.get
000242e0: 5f50 4c45 4153 455f 5741 4954 5f54 4558  _PLEASE_WAIT_TEX
000242f0: 5400 4945 4355 0067 6574 5f53 656c 6563  T.IECU.get_Selec
00024300: 7465 6445 4355 0073 6574 5f53 656c 6563  tedECU.set_Selec
00024310: 7465 6445 4355 0043 6861 6e67 6545 4355  tedECU.ChangeECU
00024320: 0043 6c65 6172 4454 4346 6f72 4f6e 6545  .ClearDTCForOneE
00024330: 4355 0049 6e69 7445 4355 0052 656d 6f76  CU.InitECU.Remov
00024340: 6543 5356 0052 656d 6f76 6554 656d 706f  eCSV.RemoveTempo
00024350: 7261 7279 4353 5600 6765 745f 5265 636f  raryCSV.get_Reco
00024360: 7264 4461 7461 0067 6574 5f43 7572 7265  rdData.get_Curre
00024370: 6e74 4361 7244 6174 6100 3c3e 6300 7375  ntCarData.<>c.su
00024380: 6363 0058 616d 6172 696e 2e46 6f72 6d73  cc.Xamarin.Forms
00024390: 2e50 6c61 7466 6f72 6d43 6f6e 6669 6775  .PlatformConfigu
000243a0: 7261 7469 6f6e 2e69 4f53 5370 6563 6966  ration.iOSSpecif
000243b0: 6963 0053 7973 7465 6d2e 436f 6c6c 6563  ic.System.Collec
000243c0: 7469 6f6e 732e 4765 6e65 7269 6300 5265  tions.Generic.Re
000243d0: 7175 6573 7450 726f 6475 6365 7253 7461  questProducerSta
000243e0: 7469 6300 6173 796e 6346 756e 6300 4361  tic.asyncFunc.Ca
000243f0: 6c6c 4675 6e63 0047 6574 426c 7565 746f  llFunc.GetBlueto
00024400: 6f74 6853 7461 7475 7341 6e64 726f 6964  othStatusAndroid
00024410: 3132 4173 796e 6300 5265 6164 4454 4341  12Async.ReadDTCA
00024420: 7379 6e63 0043 6c65 6172 4454 4341 7379  sync.ClearDTCAsy
00024430: 6e63 0049 6e76 6f6b 654f 6e4d 6169 6e54  nc.InvokeOnMainT
00024440: 6872 6561 6441 7379 6e63 0049 6e76 6f6b  hreadAsync.Invok
00024450: 6541 7379 6e63 0052 6561 6446 7265 657a  eAsync.ReadFreez
00024460: 6546 7261 6d65 4173 796e 6300 5075 7368  eFrameAsync.Push
00024470: 4173 796e 6300 5472 794f 7065 6e41 7379  Async.TryOpenAsy
00024480: 6e63 0052 6561 6445 4355 496e 666f 4173  nc.ReadECUInfoAs
00024490: 796e 6300 506f 7041 7379 6e63 0053 746f  ync.PopAsync.Sto
000244a0: 7053 6361 6e6e 696e 6746 6f72 4465 7669  pScanningForDevi
000244b0: 6365 7341 7379 6e63 0053 7461 7274 5363  cesAsync.StartSc
000244c0: 616e 6e69 6e67 466f 7244 6576 6963 6573  anningForDevices
000244d0: 4173 796e 6300 4c6f 6164 5072 6f66 696c  Async.LoadProfil
000244e0: 6573 4173 796e 6300 4765 7441 6c6c 5365  esAsync.GetAllSe
000244f0: 6e73 6f72 7341 7379 6e63 0043 6f6e 6e65  nsorsAsync.Conne
00024500: 6374 4173 796e 6300 4469 7363 6f6e 6e65  ctAsync.Disconne
00024510: 6374 4173 796e 6300 4576 616c 7561 7465  ctAsync.Evaluate
00024520: 4a61 7661 5363 7269 7074 4173 796e 6300  JavaScriptAsync.
00024530: 3c3c 5465 7374 5265 636f 7264 7350 6167  <<TestRecordsPag
00024540: 653e 625f 5f33 305f 303e 6400 3c3c 5465  e>b__30_0>d.<<Te
00024550: 7374 4461 7368 626f 6172 6450 6167 653e  stDashboardPage>
00024560: 625f 5f32 315f 303e 6400 3c3c 5465 7374  b__21_0>d.<<Test
00024570: 5370 6565 6450 6167 653e 625f 5f33 315f  SpeedPage>b__31_
00024580: 303e 6400 3c3c 4765 7450 6964 7346 6f72  0>d.<<GetPidsFor
00024590: 4563 7553 656c 6563 7465 643e 625f 5f35  EcuSelected>b__5
000245a0: 315f 303e 6400 3c3c 5465 7374 4c69 7665  1_0>d.<<TestLive
000245b0: 4461 7461 5061 6765 3e62 5f5f 3232 5f30  DataPage>b__22_0
000245c0: 3e64 003c 3c54 6573 7446 7565 6c53 7461  >d.<<TestFuelSta
000245d0: 7473 5061 6765 3e62 5f5f 3332 5f30 3e64  tsPage>b__32_0>d
000245e0: 003c 3c54 6573 7453 656e 736f 7273 5061  .<<TestSensorsPa
000245f0: 6765 3e62 5f5f 3233 5f30 3e64 003c 3c54  ge>b__23_0>d.<<T
00024600: 6573 7445 6d69 7373 696f 6e50 6167 653e  estEmissionPage>
00024610: 625f 5f33 335f 303e 6400 3c3c 5465 7374  b__33_0>d.<<Test
00024620: 4454 4350 6167 653e 625f 5f32 345f 303e  DTCPage>b__24_0>
00024630: 6400 3c3c 5465 7374 4672 6565 7a65 4672  d.<<TestFreezeFr
00024640: 616d 6550 6167 653e 625f 5f32 355f 303e  amePage>b__25_0>
00024650: 6400 3c3c 5465 7374 4d6f 6465 3036 5061  d.<<TestMode06Pa
00024660: 6765 3e62 5f5f 3236 5f30 3e64 003c 3c54  ge>b__26_0>d.<<T
00024670: 6573 7447 6172 6167 6550 6167 653e 625f  estGaragePage>b_
00024680: 5f32 375f 303e 6400 3c3c 5465 7374 5365  _27_0>d.<<TestSe
00024690: 7474 696e 6773 5061 6765 3e62 5f5f 3238  ttingsPage>b__28
000246a0: 5f30 3e64 003c 3c54 6573 7445 4355 496e  _0>d.<<TestECUIn
000246b0: 666f 5061 6765 3e62 5f5f 3239 5f30 3e64  foPage>b__29_0>d
000246c0: 003c 3c41 6473 496e 6974 6961 6c69 7a65  .<<AdsInitialize
000246d0: 3e62 5f5f 3339 5f30 3e64 003c 3c49 6e76  >b__39_0>d.<<Inv
000246e0: 6f6b 6541 7379 6e63 3e62 5f5f 303e 6400  okeAsync>b__0>d.
000246f0: 3c3c 436f 6e6e 6563 7441 7379 6e63 3e62  <<ConnectAsync>b
00024700: 5f5f 303e 6400 3c3c 426c 655f 5374 6174  __0>d.<<Ble_Stat
00024710: 6543 6861 6e67 6564 3e62 5f5f 303e 6400  eChanged>b__0>d.
00024720: 3c3c 4274 6d61 6e61 6765 725f 4f6e 5374  <<Btmanager_OnSt
00024730: 6174 6543 6861 6e67 6564 3e62 5f5f 303e  ateChanged>b__0>
00024740: 6400 3c3c 5069 645f 5661 6c75 6543 6861  d.<<Pid_ValueCha
00024750: 6e67 6564 3e62 5f5f 303e 6400 3c3c 4f42  nged>b__0>d.<<OB
00024760: 4452 6561 6465 725f 5374 6174 7573 4368  DReader_StatusCh
00024770: 616e 6765 643e 625f 5f30 3e64 003c 3c42  anged>b__0>d.<<B
00024780: 746d 616e 6167 6572 5f4f 6e53 6361 6e46  tmanager_OnScanF
00024790: 696e 6973 6865 643e 625f 5f30 3e64 003c  inished>b__0>d.<
000247a0: 3c41 6461 7074 6572 5f44 6576 6963 6544  <Adapter_DeviceD
000247b0: 6973 636f 7665 7265 643e 625f 5f30 3e64  iscovered>b__0>d
000247c0: 003c 3c42 746d 616e 6167 6572 5f4f 6e44  .<<Btmanager_OnD
000247d0: 6576 6963 6544 6973 636f 7665 7265 643e  eviceDiscovered>
000247e0: 625f 5f30 3e64 003c 3c41 6461 7074 6572  b__0>d.<<Adapter
000247f0: 5f53 6361 6e54 696d 656f 7574 456c 6170  _ScanTimeoutElap
00024800: 7365 643e 625f 5f30 3e64 003c 3c54 6573  sed>b__0>d.<<Tes
00024810: 7444 5443 5061 6765 3e62 5f5f 3234 5f31  tDTCPage>b__24_1
00024820: 3e64 003c 3c43 6f6e 6e65 6374 4173 796e  >d.<<ConnectAsyn
00024830: 633e 625f 5f31 3e64 003c 3c49 6e69 7469  c>b__1>d.<<Initi
00024840: 616c 697a 653e 625f 5f32 3e64 003c 3c53  alize>b__2>d.<<S
00024850: 7461 7274 436f 6e6e 6563 7469 6f6e 3e62  tartConnection>b
00024860: 5f5f 323e 6400 3c3c 436f 6e6e 6563 7441  __2>d.<<ConnectA
00024870: 7379 6e63 3e62 5f5f 333e 6400 3c3c 5374  sync>b__3>d.<<St
00024880: 6172 7443 6f6e 6e65 6374 696f 6e3e 625f  artConnection>b_
00024890: 5f33 3e64 003c 3c43 6f6e 6e65 6374 4173  _3>d.<<ConnectAs
000248a0: 796e 633e 625f 5f34 3e64 003c 3c53 7461  ync>b__4>d.<<Sta
000248b0: 7274 436f 6e6e 6563 7469 6f6e 3e62 5f5f  rtConnection>b__
000248c0: 343e 6400 3c3c 436f 6e6e 6563 7441 7379  4>d.<<ConnectAsy
000248d0: 6e63 3e62 5f5f 353e 6400 3c3c 5374 6172  nc>b__5>d.<<Star
000248e0: 7443 6f6e 6e65 6374 696f 6e3e 625f 5f35  tConnection>b__5
000248f0: 3e64 003c 3c53 7461 7274 436f 6e6e 6563  >d.<<StartConnec
00024900: 7469 6f6e 3e62 5f5f 363e 6400 3c3c 5374  tion>b__6>d.<<St
00024910: 6172 7443 6f6e 6e65 6374 696f 6e3e 625f  artConnection>b_
00024920: 5f37 3e64 003c 3c43 6f6e 6e65 6374 4173  _7>d.<<ConnectAs
00024930: 796e 633e 625f 5f38 3e64 003c 3c53 7461  ync>b__8>d.<<Sta
00024940: 7274 436f 6e6e 6563 7469 6f6e 3e62 5f5f  rtConnection>b__
00024950: 383e 6400 6765 745f 4964 0067 6574 5f53  8>d.get_Id.get_S
00024960: 7479 6c65 4964 0073 6574 5f53 7479 6c65  tyleId.set_Style
00024970: 4964 0067 6574 5f43 616c 6962 7261 7469  Id.get_Calibrati
00024980: 6f6e 4964 0042 6567 696e 496e 766f 6b65  onId.BeginInvoke
00024990: 4f6e 4d61 696e 5468 7265 6164 0067 6574  OnMainThread.get
000249a0: 5f49 734d 6169 6e54 6872 6561 6400 4c6f  _IsMainThread.Lo
000249b0: 6164 0041 6464 0052 6564 0061 6464 5f53  ad.Add.Red.add_S
000249c0: 7461 7465 4368 616e 6765 6400 426c 655f  tateChanged.Ble_
000249d0: 5374 6174 6543 6861 6e67 6564 0072 656d  StateChanged.rem
000249e0: 6f76 655f 5374 6174 6543 6861 6e67 6564  ove_StateChanged
000249f0: 0061 6464 5f4f 6e53 7461 7465 4368 616e  .add_OnStateChan
00024a00: 6765 6400 7265 6d6f 7665 5f4f 6e53 7461  ged.remove_OnSta
00024a10: 7465 4368 616e 6765 6400 4274 6d61 6e61  teChanged.Btmana
00024a20: 6765 725f 4f6e 5374 6174 6543 6861 6e67  ger_OnStateChang
00024a30: 6564 0061 6464 5f56 616c 7565 4368 616e  ed.add_ValueChan
00024a40: 6765 6400 5069 645f 5661 6c75 6543 6861  ged.Pid_ValueCha
00024a50: 6e67 6564 0072 656d 6f76 655f 5661 6c75  nged.remove_Valu
00024a60: 6543 6861 6e67 6564 0061 6464 5f53 697a  eChanged.add_Siz
00024a70: 6543 6861 6e67 6564 0050 6167 655f 5369  eChanged.Page_Si
00024a80: 7a65 4368 616e 6765 6400 6164 645f 5072  zeChanged.add_Pr
00024a90: 6f67 7265 7373 4368 616e 6765 6400 496e  ogressChanged.In
00024aa0: 6974 7072 6f67 7265 7373 5f50 726f 6772  itprogress_Progr
00024ab0: 6573 7343 6861 6e67 6564 004f 4244 5f53  essChanged.OBD_S
00024ac0: 7461 7475 7343 6861 6e67 6564 0061 6464  tatusChanged.add
00024ad0: 5f53 7461 7475 7343 6861 6e67 6564 0072  _StatusChanged.r
00024ae0: 656d 6f76 655f 5374 6174 7573 4368 616e  emove_StatusChan
00024af0: 6765 6400 4f42 4452 6561 6465 725f 5374  ged.OBDReader_St
00024b00: 6174 7573 4368 616e 6765 6400 6362 4543  atusChanged.cbEC
00024b10: 5549 445f 5365 6c65 6374 6564 496e 6465  UID_SelectedInde
00024b20: 7843 6861 6e67 6564 0061 6464 5f53 656c  xChanged.add_Sel
00024b30: 6563 7465 6449 6e64 6578 4368 616e 6765  ectedIndexChange
00024b40: 6400 7265 6d6f 7665 5f53 656c 6563 7465  d.remove_Selecte
00024b50: 6449 6e64 6578 4368 616e 6765 6400 6164  dIndexChanged.ad
00024b60: 645f 4f6e 5363 616e 4669 6e69 7368 6564  d_OnScanFinished
00024b70: 0072 656d 6f76 655f 4f6e 5363 616e 4669  .remove_OnScanFi
00024b80: 6e69 7368 6564 0042 746d 616e 6167 6572  nished.Btmanager
00024b90: 5f4f 6e53 6361 6e46 696e 6973 6865 6400  _OnScanFinished.
00024ba0: 6274 6e4d 6f64 6530 365f 436c 6963 6b65  btnMode06_Clicke
00024bb0: 6400 6274 6e44 5443 5f43 6c69 636b 6564  d.btnDTC_Clicked
00024bc0: 0062 746e 4c69 7665 4461 7461 5f43 6c69  .btnLiveData_Cli
00024bd0: 636b 6564 0061 6464 5f43 6c69 636b 6564  cked.add_Clicked
00024be0: 0062 746e 4461 7368 626f 6172 645f 436c  .btnDashboard_Cl
00024bf0: 6963 6b65 6400 6274 6e47 6172 6167 655f  icked.btnGarage_
00024c00: 436c 6963 6b65 6400 6274 6e4c 6976 6544  Clicked.btnLiveD
00024c10: 6174 6154 6162 6c65 5f43 6c69 636b 6564  ataTable_Clicked
00024c20: 0062 746e 4672 6565 7a65 4672 616d 655f  .btnFreezeFrame_
00024c30: 436c 6963 6b65 6400 6274 6e50 7572 6368  Clicked.btnPurch
00024c40: 6173 655f 436c 6963 6b65 6400 6274 6e43  ase_Clicked.btnC
00024c50: 6f64 696e 675f 436c 6963 6b65 6400 6274  oding_Clicked.bt
00024c60: 6e54 6572 6d69 6e61 6c5f 436c 6963 6b65  nTerminal_Clicke
00024c70: 6400 4c61 6265 6c4e 6577 5665 7273 696f  d.LabelNewVersio
00024c80: 6e5f 436c 6963 6b65 6400 6274 6e53 746f  n_Clicked.btnSto
00024c90: 7053 696d 756c 6174 696f 6e5f 436c 6963  pSimulation_Clic
00024ca0: 6b65 6400 6274 6e53 7461 7274 5369 6d75  ked.btnStartSimu
00024cb0: 6c61 7469 6f6e 5f43 6c69 636b 6564 0062  lation_Clicked.b
00024cc0: 746e 4675 656c 5374 6174 6973 7469 6373  tnFuelStatistics
00024cd0: 5f43 6c69 636b 6564 0062 746e 5265 636f  _Clicked.btnReco
00024ce0: 7264 735f 436c 6963 6b65 6400 6274 6e53  rds_Clicked.btnS
00024cf0: 6574 7469 6e67 735f 436c 6963 6b65 6400  ettings_Clicked.
00024d00: 6274 6e56 6572 7369 6f6e 735f 436c 6963  btnVersions_Clic
00024d10: 6b65 6400 6274 6e43 6f6e 6e65 6374 5f43  ked.btnConnect_C
00024d20: 6c69 636b 6564 0062 746e 4469 7363 6f6e  licked.btnDiscon
00024d30: 6e65 6374 5f43 6c69 636b 6564 0062 746e  nect_Clicked.btn
00024d40: 5370 6565 6454 6573 745f 436c 6963 6b65  SpeedTest_Clicke
00024d50: 6400 4361 6e63 656c 436c 6963 6b65 6400  d.CancelClicked.
00024d60: 6765 745f 4973 456e 6162 6c65 6400 7365  get_IsEnabled.se
00024d70: 745f 4973 456e 6162 6c65 6400 6765 745f  t_IsEnabled.get_
00024d80: 5365 6172 6368 466f 7242 544c 4549 6643  SearchForBTLEIfC
00024d90: 6f6e 6e65 6374 696f 6e46 6169 6c65 6400  onnectionFailed.
00024da0: 6765 745f 466f 7263 6550 726f 6669 6c65  get_ForceProfile
00024db0: 5570 6461 7465 5363 6865 6475 6c65 6400  UpdateScheduled.
00024dc0: 6765 745f 4967 6e6f 7265 5072 6f66 696c  get_IgnoreProfil
00024dd0: 6550 6964 7354 6573 7453 6368 6564 756c  ePidsTestSchedul
00024de0: 6564 0061 6464 5f54 6170 7065 6400 6274  ed.add_Tapped.bt
00024df0: 6e45 6d69 7373 696f 6e54 6573 7473 5f54  nEmissionTests_T
00024e00: 6170 7065 6400 6164 645f 4465 7669 6365  apped.add_Device
00024e10: 4469 7363 6f76 6572 6564 0072 656d 6f76  Discovered.remov
00024e20: 655f 4465 7669 6365 4469 7363 6f76 6572  e_DeviceDiscover
00024e30: 6564 0041 6461 7074 6572 5f44 6576 6963  ed.Adapter_Devic
00024e40: 6544 6973 636f 7665 7265 6400 6164 645f  eDiscovered.add_
00024e50: 4f6e 4465 7669 6365 4469 7363 6f76 6572  OnDeviceDiscover
00024e60: 6564 0072 656d 6f76 655f 4f6e 4465 7669  ed.remove_OnDevi
00024e70: 6365 4469 7363 6f76 6572 6564 0042 746d  ceDiscovered.Btm
00024e80: 616e 6167 6572 5f4f 6e44 6576 6963 6544  anager_OnDeviceD
00024e90: 6973 636f 7665 7265 6400 6765 745f 5061  iscovered.get_Pa
00024ea0: 6972 6564 0044 6973 706c 6179 436f 6e73  ired.DisplayCons
00024eb0: 656e 7449 6652 6571 7569 7265 6400 6765  entIfRequired.ge
00024ec0: 745f 4164 7350 726f 6475 6374 5075 7263  t_AdsProductPurc
00024ed0: 6861 7365 6400 7365 745f 4164 7350 726f  hased.set_AdsPro
00024ee0: 6475 6374 5075 7263 6861 7365 6400 6164  ductPurchased.ad
00024ef0: 645f 5363 616e 5469 6d65 6f75 7445 6c61  d_ScanTimeoutEla
00024f00: 7073 6564 0072 656d 6f76 655f 5363 616e  psed.remove_Scan
00024f10: 5469 6d65 6f75 7445 6c61 7073 6564 0041  TimeoutElapsed.A
00024f20: 6461 7074 6572 5f53 6361 6e54 696d 656f  dapter_ScanTimeo
00024f30: 7574 456c 6170 7365 6400 4f6e 4261 636b  utElapsed.OnBack
00024f40: 4275 7474 6f6e 5072 6573 7365 6400 6164  ButtonPressed.ad
00024f50: 645f 4e61 7669 6761 7465 6400 4d61 696e  d_Navigated.Main
00024f60: 5765 6256 6965 775f 4e61 7669 6761 7465  WebView_Navigate
00024f70: 6400 6765 745f 5768 6974 656c 6973 7444  d.get_WhitelistD
00024f80: 6576 6963 6541 6374 6976 6174 6564 0067  eviceActivated.g
00024f90: 6574 5f49 7353 656c 6563 7465 6400 4765  et_IsSelected.Ge
00024fa0: 7450 6964 7346 6f72 4563 7553 656c 6563  tPidsForEcuSelec
00024fb0: 7465 6400 4368 6563 6b43 6f6e 6e65 6374  ted.CheckConnect
00024fc0: 6564 0063 6f6e 6e65 6374 6564 0049 7343  ed.connected.IsC
00024fd0: 6f72 6542 6c75 6574 6f6f 7468 4175 7468  oreBluetoothAuth
00024fe0: 6f72 697a 6174 696f 6e53 7461 7475 7344  orizationStatusD
00024ff0: 656e 6965 644f 7252 6573 7472 6963 7465  eniedOrRestricte
00025000: 6400 4177 6169 7455 6e73 6166 654f 6e43  d.AwaitUnsafeOnC
00025010: 6f6d 706c 6574 6564 0067 6574 5f49 7343  ompleted.get_IsC
00025020: 6f6d 706c 6574 6564 0067 6574 5f46 6972  ompleted.get_Fir
00025030: 7374 436f 6e6e 6563 7469 6f6e 4174 7465  stConnectionAtte
00025040: 6d70 7465 6400 4469 7363 6f6e 6e65 6374  mpted.Disconnect
00025050: 5265 7175 6573 7465 6400 6765 745f 5265  Requested.get_Re
00025060: 7669 6577 5265 6365 6976 6564 0073 6574  viewReceived.set
00025070: 5f52 6576 6965 7752 6563 6569 7665 6400  _ReviewReceived.
00025080: 6765 745f 4341 4e4f 7074 696d 697a 6174  get_CANOptimizat
00025090: 696f 6e57 6172 6e69 6e67 5368 6f77 6564  ionWarningShowed
000250a0: 0073 6574 5f43 414e 4f70 7469 6d69 7a61  .set_CANOptimiza
000250b0: 7469 6f6e 5761 726e 696e 6753 686f 7765  tionWarningShowe
000250c0: 6400 6765 745f 5250 4d46 6978 5761 726e  d.get_RPMFixWarn
000250d0: 696e 6753 686f 7765 6400 7365 745f 5250  ingShowed.set_RP
000250e0: 4d46 6978 5761 726e 696e 6753 686f 7765  MFixWarningShowe
000250f0: 6400 6765 745f 4973 5661 6c69 6400 4950  d.get_IsValid.IP
00025100: 6c61 7466 6f72 6d53 7065 6369 6669 6353  latformSpecificS
00025110: 6572 7669 6365 4472 6f69 6400 7365 745f  erviceDroid.set_
00025120: 416e 6472 6f69 6400 6765 745f 4973 416e  Android.get_IsAn
00025130: 6472 6f69 6400 4d61 696e 4275 7474 6f6e  droid.MainButton
00025140: 7347 7269 6400 636f 6e74 656e 7447 7269  sGrid.contentGri
00025150: 6400 4775 6964 003c 496e 7374 616e 6365  d.Guid.<Instance
00025160: 3e6b 5f5f 4261 636b 696e 6746 6965 6c64  >k__BackingField
00025170: 0045 6e64 0067 6574 5f53 656c 6563 7465  .End.get_Selecte
00025180: 6442 7261 6e64 0062 7261 6e64 0055 7269  dBrand.brand.Uri
00025190: 4b69 6e64 0047 6574 4d65 7468 6f64 006d  Kind.GetMethod.m
000251a0: 6574 686f 6400 6e65 7473 7461 6e64 6172  ethod.netstandar
000251b0: 6400 4361 7253 6361 6e6e 6572 5861 6d61  d.CarScannerXama
000251c0: 7269 6e46 6f72 6d73 2e44 6173 6862 6f61  rinForms.Dashboa
000251d0: 7264 0053 7562 7363 7269 6265 0067 6574  rd.Subscribe.get
000251e0: 5f53 7461 636b 5472 6163 6500 4942 6c75  _StackTrace.IBlu
000251f0: 6574 6f6f 7468 3244 6576 6963 6500 4944  etooth2Device.ID
00025200: 6576 6963 6500 6465 7669 6365 0067 6574  evice.device.get
00025210: 5f49 4f53 5365 7276 6963 6500 6765 745f  _IOSService.get_
00025220: 4472 6f69 6453 6572 7669 6365 0067 6574  DroidService.get
00025230: 5f53 686f 7743 6f64 696e 6741 6e64 5365  _ShowCodingAndSe
00025240: 7276 6963 6500 6765 745f 416e 6472 6f69  rvice.get_Androi
00025250: 6453 7461 7274 4261 636b 6772 6f75 6e64  dStartBackground
00025260: 5365 7276 6963 6500 6765 745f 436f 6d6d  Service.get_Comm
00025270: 6f6e 5365 7276 6963 6500 4950 6c61 7466  onService.IPlatf
00025280: 6f72 6d43 6f6d 6d6f 6e53 6572 7669 6365  ormCommonService
00025290: 0041 6e64 726f 6964 4865 6c70 6572 5f53  .AndroidHelper_S
000252a0: 746f 7053 6572 7669 6365 0041 6e64 726f  topService.Andro
000252b0: 6964 4865 6c70 6572 5f53 7461 7274 5365  idHelper_StartSe
000252c0: 7276 6963 6500 4465 7065 6e64 656e 6379  rvice.Dependency
000252d0: 5365 7276 6963 6500 6765 745f 496e 7374  Service.get_Inst
000252e0: 616e 6365 0073 6574 5f49 6e73 7461 6e63  ance.set_Instanc
000252f0: 6500 6765 745f 4454 4352 6561 6469 6e67  e.get_DTCReading
00025300: 5365 7175 656e 6365 0067 6574 5f44 5443  Sequence.get_DTC
00025310: 436c 6561 7269 6e67 5365 7175 656e 6365  ClearingSequence
00025320: 0073 6574 5f53 6f75 7263 6500 4361 6e63  .set_Source.Canc
00025330: 656c 6c61 7469 6f6e 546f 6b65 6e53 6f75  ellationTokenSou
00025340: 7263 6500 5572 6c57 6562 5669 6577 536f  rce.UrlWebViewSo
00025350: 7572 6365 0053 6574 4479 6e61 6d69 6352  urce.SetDynamicR
00025360: 6573 6f75 7263 6500 7365 745f 4d6f 6465  esource.set_Mode
00025370: 0042 696e 6469 6e67 4d6f 6465 0043 7572  .BindingMode.Cur
00025380: 7265 6e74 576f 726b 696e 674d 6f64 6500  rentWorkingMode.
00025390: 4c69 6e65 4272 6561 6b4d 6f64 6500 6765  LineBreakMode.ge
000253a0: 745f 4461 726b 4d6f 6465 0053 7461 7475  t_DarkMode.Statu
000253b0: 7342 6172 4869 6464 656e 4d6f 6465 0073  sBarHiddenMode.s
000253c0: 6574 5f43 7572 7265 6e74 4d6f 6465 0044  et_CurrentMode.D
000253d0: 5443 7632 5061 6765 0044 5443 7633 5061  TCv2Page.DTCv3Pa
000253e0: 6765 0054 6573 744d 6f64 6530 3650 6167  ge.TestMode06Pag
000253f0: 6500 5465 7374 4454 4350 6167 6500 5465  e.TestDTCPage.Te
00025400: 7374 4c69 7665 4461 7461 5061 6765 0054  stLiveDataPage.T
00025410: 6573 7453 7065 6564 5061 6765 0054 6573  estSpeedPage.Tes
00025420: 7444 6173 6862 6f61 7264 5061 6765 0054  tDashboardPage.T
00025430: 6573 7447 6172 6167 6550 6167 6500 5465  estGaragePage.Te
00025440: 7374 4672 6565 7a65 4672 616d 6550 6167  stFreezeFramePag
00025450: 6500 5465 726d 696e 616c 5061 6765 0044  e.TerminalPage.D
00025460: 6173 6862 6f61 7264 5861 6d6c 5061 6765  ashboardXamlPage
00025470: 0067 6574 5f4d 6169 6e50 6167 6500 7365  .get_MainPage.se
00025480: 745f 4d61 696e 5061 6765 0053 696d 706c  t_MainPage.Simpl
00025490: 654d 6169 6e50 6167 6500 7369 6d70 6c65  eMainPage.simple
000254a0: 4d61 696e 5061 6765 0054 6573 7445 6d69  MainPage.TestEmi
000254b0: 7373 696f 6e50 6167 6500 526f 6f74 4e61  ssionPage.RootNa
000254c0: 7669 6761 7469 6f6e 5061 6765 0054 6573  vigationPage.Tes
000254d0: 7445 4355 496e 666f 5061 6765 0047 6574  tECUInfoPage.Get
000254e0: 496e 4170 7050 6167 6500 4254 4c45 4465  InAppPage.BTLEDe
000254f0: 7669 6365 5365 6c65 6374 6f72 5061 6765  viceSelectorPage
00025500: 0042 5444 6576 6963 6553 656c 6563 746f  .BTDeviceSelecto
00025510: 7250 6167 6500 4675 656c 5374 6174 6973  rPage.FuelStatis
00025520: 7469 6373 5061 6765 0054 6573 7452 6563  ticsPage.TestRec
00025530: 6f72 6473 5061 6765 0054 6573 7453 6574  ordsPage.TestSet
00025540: 7469 6e67 7350 6167 6500 5465 7374 5365  tingsPage.TestSe
00025550: 6e73 6f72 7350 6167 6500 5465 7374 4675  nsorsPage.TestFu
00025560: 656c 5374 6174 7350 6167 6500 4765 7443  elStatsPage.GetC
00025570: 7572 7265 6e74 5061 6765 0043 6f6e 7465  urrentPage.Conte
00025580: 6e74 5061 6765 0067 6574 5f52 6f6f 7450  ntPage.get_RootP
00025590: 6167 6500 4c69 7665 4461 7461 4368 6172  age.LiveDataChar
000255a0: 7450 6167 6500 4454 4357 697a 6172 6453  tPage.DTCWizardS
000255b0: 7461 7274 5061 6765 0053 7065 6564 5465  tartPage.SpeedTe
000255c0: 7374 5061 6765 0045 636f 5465 7374 5061  stPage.EcoTestPa
000255d0: 6765 0044 726f 6964 5065 726d 6973 7369  ge.DroidPermissi
000255e0: 6f6e 5265 7175 6573 7450 6167 6500 4c69  onRequestPage.Li
000255f0: 7665 4461 7461 4c69 7374 5061 6765 0070  veDataListPage.p
00025600: 6167 6500 5365 7474 696e 6773 4761 7261  age.SettingsGara
00025610: 6765 0067 6574 5f4d 6573 7361 6765 0073  ge.get_Message.s
00025620: 6574 5f4c 616e 6775 6167 6500 496e 766f  et_Language.Invo
00025630: 6b65 0067 6574 5f49 7344 5443 7632 4176  ke.get_IsDTCv2Av
00025640: 6169 6c61 626c 6500 6765 745f 4973 5649  ailable.get_IsVI
00025650: 4e41 7661 696c 6162 6c65 0067 6574 5f49  NAvailable.get_I
00025660: 7343 616c 6962 7261 7469 6f6e 4964 4176  sCalibrationIdAv
00025670: 6169 6c61 626c 6500 6765 745f 4973 4543  ailable.get_IsEC
00025680: 554e 616d 6541 7661 696c 6162 6c65 0049  UNameAvailable.I
00025690: 7343 6f64 696e 6741 7661 696c 6162 6c65  sCodingAvailable
000256a0: 0067 6574 5f49 7341 7661 696c 6162 6c65  .get_IsAvailable
000256b0: 0045 6e75 6d65 7261 626c 6500 4944 6973  .Enumerable.IDis
000256c0: 706f 7361 626c 6500 436f 6e66 6967 7572  posable.Configur
000256d0: 6564 5461 736b 4177 6169 7461 626c 6500  edTaskAwaitable.
000256e0: 7365 745f 4973 4361 6e63 656c 5669 7369  set_IsCancelVisi
000256f0: 626c 6500 6765 745f 4543 5553 656c 6563  ble.get_ECUSelec
00025700: 746f 7256 6973 6962 6c65 0067 6574 5f49  torVisible.get_I
00025710: 7356 6973 6962 6c65 0073 6574 5f49 7356  sVisible.set_IsV
00025720: 6973 6962 6c65 0073 6574 5f4c 6976 6544  isible.set_LiveD
00025730: 6174 614c 6973 7450 6167 6555 7064 6174  ataListPageUpdat
00025740: 654f 6e6c 7956 6973 6962 6c65 0044 6f75  eOnlyVisible.Dou
00025750: 626c 6500 5275 6e74 696d 6554 7970 6548  ble.RuntimeTypeH
00025760: 616e 646c 6500 4765 7454 7970 6546 726f  andle.GetTypeFro
00025770: 6d48 616e 646c 6500 5369 6e67 6c65 0067  mHandle.Single.g
00025780: 6574 5f42 7261 6e64 416e 6450 726f 6669  et_BrandAndProfi
00025790: 6c65 0067 6574 5f43 7572 7265 6e74 5072  le.get_CurrentPr
000257a0: 6f66 696c 6500 4170 706c 7950 726f 6669  ofile.ApplyProfi
000257b0: 6c65 0049 7356 6f6c 6174 696c 6500 7365  le.IsVolatile.se
000257c0: 745f 5469 746c 6500 6765 745f 4170 7054  t_Title.get_AppT
000257d0: 6974 6c65 0074 6974 6c65 0053 7479 6c65  itle.title.Style
000257e0: 0067 6574 5f53 656c 6563 7465 6450 726f  .get_SelectedPro
000257f0: 6669 6c65 5632 4e61 6d65 0067 6574 5f45  fileV2Name.get_E
00025800: 4355 4e61 6d65 0067 6574 5f4e 616d 6500  CUName.get_Name.
00025810: 7365 745f 4e61 6d65 0066 756e 634e 616d  set_Name.funcNam
00025820: 6500 6765 745f 4254 4c45 4465 7669 6365  e.get_BTLEDevice
00025830: 4e61 6d65 0073 6574 5f42 544c 4544 6576  Name.set_BTLEDev
00025840: 6963 654e 616d 6500 6765 745f 4254 4465  iceName.get_BTDe
00025850: 7669 6365 4e61 6d65 0073 6574 5f42 5444  viceName.set_BTD
00025860: 6576 6963 654e 616d 6500 4765 7457 6946  eviceName.GetWiF
00025870: 694e 616d 6500 6765 745f 4c61 7374 5769  iName.get_LastWi
00025880: 4669 4e61 6d65 0073 6574 5f4c 6173 7457  FiName.set_LastW
00025890: 6946 694e 616d 6500 6765 745f 4675 6c6c  iFiName.get_Full
000258a0: 4e61 6d65 0070 726f 704e 616d 6500 5265  Name.propName.Re
000258b0: 6769 7374 6572 4e61 6d65 0047 6574 4e61  gisterName.GetNa
000258c0: 6d65 0046 696e 6442 794e 616d 6500 7365  me.FindByName.se
000258d0: 745f 4173 7365 6d62 6c79 4e61 6d65 0077  t_AssemblyName.w
000258e0: 6966 695f 6e61 6d65 0047 6574 4672 6565  ifi_name.GetFree
000258f0: 7a65 4672 616d 6500 636f 6e6e 6563 7469  zeFrame.connecti
00025900: 6f6e 5072 6f67 7265 7373 4672 616d 6500  onProgressFrame.
00025910: 4869 6465 4163 7469 7669 7479 4672 616d  HideActivityFram
00025920: 6500 5368 6f77 4163 7469 7669 7479 4672  e.ShowActivityFr
00025930: 616d 6500 6163 7469 7669 7479 4672 616d  ame.activityFram
00025940: 6500 5f5f 496e 6974 436f 6d70 6f6e 656e  e.__InitComponen
00025950: 7452 756e 7469 6d65 004f 6e52 6573 756d  tRuntime.OnResum
00025960: 6500 436f 6d62 696e 6500 4941 7379 6e63  e.Combine.IAsync
00025970: 5374 6174 654d 6163 6869 6e65 0053 6574  StateMachine.Set
00025980: 5374 6174 654d 6163 6869 6e65 0073 7461  StateMachine.sta
00025990: 7465 4d61 6368 696e 6500 494e 616d 6553  teMachine.INameS
000259a0: 636f 7065 0047 6574 4e61 6d65 5363 6f70  cope.GetNameScop
000259b0: 6500 5365 744e 616d 6553 636f 7065 0067  e.SetNameScope.g
000259c0: 6574 5f43 6f6e 6e65 6374 696f 6e54 7970  et_ConnectionTyp
000259d0: 6500 7365 745f 436f 6e6e 6563 7469 6f6e  e.set_Connection
000259e0: 5479 7065 0067 6574 5f42 7574 746f 6e54  Type.get_ButtonT
000259f0: 7970 6500 4765 7454 7970 6500 7479 7065  ype.GetType.type
00025a00: 0057 6865 7265 0058 616d 6172 696e 2e46  .Where.Xamarin.F
00025a10: 6f72 6d73 2e43 6f72 6500 4d65 7468 6f64  orms.Core.Method
00025a20: 4261 7365 0054 7970 6564 4269 6e64 696e  Base.TypedBindin
00025a30: 6742 6173 6500 4469 7370 6f73 6500 5061  gBase.Dispose.Pa
00025a40: 7273 6500 446f 4261 636b 6772 6f75 6e64  rse.DoBackground
00025a50: 5570 6461 7465 0067 6574 5f41 6c6c 6f77  Update.get_Allow
00025a60: 5072 6f66 696c 6573 4261 636b 6772 6f75  ProfilesBackgrou
00025a70: 6e64 5570 6461 7465 0073 6574 5f41 6c6c  ndUpdate.set_All
00025a80: 6f77 5072 6f66 696c 6573 4261 636b 6772  owProfilesBackgr
00025a90: 6f75 6e64 5570 6461 7465 0046 6f72 6365  oundUpdate.Force
00025aa0: 5570 6461 7465 0050 6572 666f 726d 5570  Update.PerformUp
00025ab0: 6461 7465 0043 6865 636b 5265 7175 6972  date.CheckRequir
00025ac0: 6573 5570 6461 7465 0072 6571 7569 7265  esUpdate.require
00025ad0: 735f 7570 6461 7465 0043 7265 6174 6500  s_update.Create.
00025ae0: 426c 7565 746f 6f74 6853 7461 7465 4368  BluetoothStateCh
00025af0: 616e 6765 6444 656c 6567 6174 6500 426c  angedDelegate.Bl
00025b00: 7565 746f 6f74 6853 6361 6e46 696e 6973  uetoothScanFinis
00025b10: 6865 6444 656c 6567 6174 6500 4465 7669  hedDelegate.Devi
00025b20: 6365 4469 7363 6f76 6572 6564 4465 6c65  ceDiscoveredDele
00025b30: 6761 7465 0041 6464 5265 7175 6573 7473  gate.AddRequests
00025b40: 4465 6c65 6761 7465 0054 7261 6e73 6c61  Delegate.Transla
00025b50: 7465 0045 4c4d 5374 6174 6500 6765 745f  te.ELMState.get_
00025b60: 5374 6174 6500 4465 7669 6365 5374 6174  State.DeviceStat
00025b70: 6500 4465 6275 6767 6572 4272 6f77 7361  e.DebuggerBrowsa
00025b80: 626c 6553 7461 7465 0042 6c75 6574 6f6f  bleState.Bluetoo
00025b90: 7468 5374 6174 6500 5669 7375 616c 5374  thState.VisualSt
00025ba0: 6174 6500 5265 7365 7445 7272 6f72 7353  ate.ResetErrorsS
00025bb0: 7461 7465 0067 6574 5f4e 6577 5374 6174  tate.get_NewStat
00025bc0: 6500 3c3e 315f 5f73 7461 7465 0057 6869  e.<>1__state.Whi
00025bd0: 7465 0058 616d 6c52 6573 6f75 7263 6549  te.XamlResourceI
00025be0: 6441 7474 7269 6275 7465 0045 6d62 6564  dAttribute.Embed
00025bf0: 6465 6441 7474 7269 6275 7465 0043 6f6d  dedAttribute.Com
00025c00: 7069 6c65 7247 656e 6572 6174 6564 4174  pilerGeneratedAt
00025c10: 7472 6962 7574 6500 4765 6e65 7261 7465  tribute.Generate
00025c20: 6443 6f64 6541 7474 7269 6275 7465 0041  dCodeAttribute.A
00025c30: 7474 7269 6275 7465 5573 6167 6541 7474  ttributeUsageAtt
00025c40: 7269 6275 7465 0044 6562 7567 6761 626c  ribute.Debuggabl
00025c50: 6541 7474 7269 6275 7465 0044 6562 7567  eAttribute.Debug
00025c60: 6765 7242 726f 7773 6162 6c65 4174 7472  gerBrowsableAttr
00025c70: 6962 7574 6500 4173 7365 6d62 6c79 5469  ibute.AssemblyTi
00025c80: 746c 6541 7474 7269 6275 7465 0041 7379  tleAttribute.Asy
00025c90: 6e63 5374 6174 654d 6163 6869 6e65 4174  ncStateMachineAt
00025ca0: 7472 6962 7574 6500 4465 6275 6767 6572  tribute.Debugger
00025cb0: 5374 6570 5468 726f 7567 6841 7474 7269  StepThroughAttri
00025cc0: 6275 7465 0058 616d 6c46 696c 6550 6174  bute.XamlFilePat
00025cd0: 6841 7474 7269 6275 7465 0054 6172 6765  hAttribute.Targe
00025ce0: 7446 7261 6d65 776f 726b 4174 7472 6962  tFrameworkAttrib
00025cf0: 7574 6500 4465 6275 6767 6572 4869 6464  ute.DebuggerHidd
00025d00: 656e 4174 7472 6962 7574 6500 4173 7365  enAttribute.Asse
00025d10: 6d62 6c79 4669 6c65 5665 7273 696f 6e41  mblyFileVersionA
00025d20: 7474 7269 6275 7465 0041 7373 656d 626c  ttribute.Assembl
00025d30: 7949 6e66 6f72 6d61 7469 6f6e 616c 5665  yInformationalVe
00025d40: 7273 696f 6e41 7474 7269 6275 7465 0058  rsionAttribute.X
00025d50: 616d 6c43 6f6d 7069 6c61 7469 6f6e 4174  amlCompilationAt
00025d60: 7472 6962 7574 6500 4173 7365 6d62 6c79  tribute.Assembly
00025d70: 436f 6e66 6967 7572 6174 696f 6e41 7474  ConfigurationAtt
00025d80: 7269 6275 7465 0052 6566 5361 6665 7479  ribute.RefSafety
00025d90: 5275 6c65 7341 7474 7269 6275 7465 0043  RulesAttribute.C
00025da0: 6f6d 7069 6c61 7469 6f6e 5265 6c61 7861  ompilationRelaxa
00025db0: 7469 6f6e 7341 7474 7269 6275 7465 0041  tionsAttribute.A
00025dc0: 7373 656d 626c 7950 726f 6475 6374 4174  ssemblyProductAt
00025dd0: 7472 6962 7574 6500 5061 7261 6d41 7272  tribute.ParamArr
00025de0: 6179 4174 7472 6962 7574 6500 4173 7365  ayAttribute.Asse
00025df0: 6d62 6c79 436f 6d70 616e 7941 7474 7269  mblyCompanyAttri
00025e00: 6275 7465 0052 756e 7469 6d65 436f 6d70  bute.RuntimeComp
00025e10: 6174 6962 696c 6974 7941 7474 7269 6275  atibilityAttribu
00025e20: 7465 0052 6570 6c61 6365 5175 6575 6500  te.ReplaceQueue.
00025e30: 436c 6561 7252 6571 7565 7374 5175 6575  ClearRequestQueu
00025e40: 6500 7365 745f 5661 6c75 6500 5072 6f76  e.set_Value.Prov
00025e50: 6964 6556 616c 7565 0074 6250 726f 746f  ideValue.tbProto
00025e60: 5661 6c75 6500 4765 7456 616c 7565 0053  Value.GetValue.S
00025e70: 6574 5661 6c75 6500 5365 7450 7269 7661  etValue.SetPriva
00025e80: 7465 5072 6f70 6572 7479 5661 6c75 6500  tePropertyValue.
00025e90: 7661 6c75 6500 4f42 4452 6561 6465 7243  value.OBDReaderC
00025ea0: 6f6e 6e65 6374 6564 546f 4543 5553 7461  onnectedToECUSta
00025eb0: 7475 7354 6f54 7275 6500 5361 7665 0067  tusToTrue.Save.g
00025ec0: 6574 5f49 7341 6374 6976 6500 5265 6d6f  et_IsActive.Remo
00025ed0: 7665 0041 6473 496e 6974 6961 6c69 7a65  ve.AdsInitialize
00025ee0: 0053 7973 7465 6d2e 5468 7265 6164 696e  .System.Threadin
00025ef0: 6700 6765 745f 5370 6565 6443 616c 6962  g.get_SpeedCalib
00025f00: 7261 7469 6f6e 5461 736b 5065 6e64 696e  rationTaskPendin
00025f10: 6700 7365 745f 5479 7065 6442 696e 6469  g.set_TypedBindi
00025f20: 6e67 004d 756c 7469 4269 6e64 696e 6700  ng.MultiBinding.
00025f30: 5365 7442 696e 6469 6e67 0073 6574 5f49  SetBinding.set_I
00025f40: 7465 6d44 6973 706c 6179 4269 6e64 696e  temDisplayBindin
00025f50: 6700 4361 7253 6361 6e6e 6572 5861 6d61  g.CarScannerXama
00025f60: 7269 6e46 6f72 6d73 2e43 6f64 696e 6700  rinForms.Coding.
00025f70: 5374 6f70 5265 636f 7264 696e 6700 5365  StopRecording.Se
00025f80: 7474 696e 6773 5265 636f 7264 696e 6700  ttingsRecording.
00025f90: 5374 6172 7452 6563 6f72 6469 6e67 0053  StartRecording.S
00025fa0: 7973 7465 6d2e 5275 6e74 696d 652e 5665  ystem.Runtime.Ve
00025fb0: 7273 696f 6e69 6e67 0067 6574 5f4e 6f57  rsioning.get_NoW
00025fc0: 6946 6957 6172 6e69 6e67 0061 6464 5f41  iFiWarning.add_A
00025fd0: 7070 6561 7269 6e67 0043 6f6e 6e65 6374  ppearing.Connect
00025fe0: 5061 6765 5f41 7070 6561 7269 6e67 0061  Page_Appearing.a
00025ff0: 6464 5f44 6973 6170 7065 6172 696e 6700  dd_Disappearing.
00026000: 436f 6e6e 6563 7450 6167 655f 4469 7361  ConnectPage_Disa
00026010: 7070 6561 7269 6e67 0046 6f72 6d61 7474  ppearing.Formatt
00026020: 6564 5374 7269 6e67 0064 6574 6563 7469  edString.detecti
00026030: 6e67 5374 7269 6e67 0067 6574 5f56 6572  ngString.get_Ver
00026040: 7369 6f6e 5374 7269 6e67 0054 6f53 7472  sionString.ToStr
00026050: 696e 6700 4765 7453 7472 696e 6700 436f  ing.GetString.Co
00026060: 6e76 6572 7446 726f 6d49 6e76 6172 6961  nvertFromInvaria
00026070: 6e74 5374 7269 6e67 0045 6173 696e 6700  ntString.Easing.
00026080: 6765 745f 4368 6563 6b49 7345 4c4d 5768  get_CheckIsELMWh
00026090: 656e 436f 6e6e 6563 7469 6e67 0067 6574  enConnecting.get
000260a0: 5f49 7354 6573 7469 6e67 0063 6f6e 736f  _IsTesting.conso
000260b0: 6c65 5f6c 6f67 0067 6574 5f4f 7065 6e44  le_log.get_OpenD
000260c0: 6173 6862 6f61 7264 4f6e 4c61 756e 6368  ashboardOnLaunch
000260d0: 0067 6574 5f43 6f6e 6e65 6374 4f6e 4c61  .get_ConnectOnLa
000260e0: 756e 6368 0043 6f6e 6e65 6374 696f 6e6f  unch.Connectiono
000260f0: 6e4c 6175 6e63 6800 4f6e 6c69 6e65 5061  nLaunch.OnlinePa
00026100: 7463 6800 4765 7450 6174 6368 0053 746f  tch.GetPatch.Sto
00026110: 7077 6174 6368 0067 6574 5f73 746f 7077  pwatch.get_stopw
00026120: 6174 6368 0073 6574 5f50 6174 6800 7365  atch.set_Path.se
00026130: 745f 5265 736f 7572 6365 5061 7468 0073  t_ResourcePath.s
00026140: 6574 5f57 6964 7468 0047 7269 644c 656e  et_Width.GridLen
00026150: 6774 6800 6765 745f 4472 6f69 6454 7279  gth.get_DroidTry
00026160: 5475 726e 4f6e 426c 7565 746f 6f74 6800  TurnOnBluetooth.
00026170: 4f70 656e 5572 6900 6765 745f 5273 7369  OpenUri.get_Rssi
00026180: 006f 626a 0042 6c61 636b 0067 6574 5f54  .obj.Black.get_T
00026190: 7279 436f 6e6e 6563 7454 6f4c 6173 7457  ryConnectToLastW
000261a0: 6946 694e 6574 776f 726b 0043 6f6e 6e65  iFiNetwork.Conne
000261b0: 6374 546f 4e65 7477 6f72 6b00 6765 745f  ctToNetwork.get_
000261c0: 5461 736b 0074 6572 6d69 6e61 6c00 4973  Task.terminal.Is
000261d0: 506c 6174 666f 726d 5665 7273 696f 6e4e  PlatformVersionN
000261e0: 6577 6572 4f72 4571 7561 6c00 7661 6c00  ewerOrEqual.val.
000261f0: 4c61 6265 6c00 4361 6e63 656c 0063 616e  Label.Cancel.can
00026200: 6365 6c00 5072 6f66 696c 6556 324d 6f64  cel.ProfileV2Mod
00026210: 656c 0070 726f 6669 6c65 5632 4d6f 6465  el.profileV2Mode
00026220: 6c00 4454 4376 324d 6f64 656c 004c 6976  l.DTCv2Model.Liv
00026230: 6544 6174 6150 4944 4d6f 6465 6c00 4c6f  eDataPIDModel.Lo
00026240: 6164 4d6f 6465 6c00 4d61 696e 5061 6765  adModel.MainPage
00026250: 436f 6e66 6967 7572 6174 696f 6e4d 6f64  ConfigurationMod
00026260: 656c 0053 7973 7465 6d2e 436f 6c6c 6563  el.System.Collec
00026270: 7469 6f6e 732e 4f62 6a65 6374 4d6f 6465  tions.ObjectMode
00026280: 6c00 436f 6469 6e67 4c69 7374 4d6f 6465  l.CodingListMode
00026290: 6c00 4375 7374 6f6d 5049 4456 6965 774d  l.CustomPIDViewM
000262a0: 6f64 656c 0046 7265 657a 6546 7261 6d65  odel.FreezeFrame
000262b0: 5669 6577 4d6f 6465 6c00 4361 7249 6e66  ViewModel.CarInf
000262c0: 6f56 6965 774d 6f64 656c 0042 544c 4544  oViewModel.BTLED
000262d0: 6576 6963 6553 656c 6563 746f 7256 6965  eviceSelectorVie
000262e0: 774d 6f64 656c 0043 616c 6c00 4361 7244  wModel.Call.CarD
000262f0: 656d 6f2e 646c 6c00 6765 745f 4543 554c  emo.dll.get_ECUL
00026300: 6973 7446 756c 6c00 5379 7374 656d 2e58  istFull.System.X
00026310: 6d6c 0058 616d 6172 696e 2e46 6f72 6d73  ml.Xamarin.Forms
00026320: 2e58 616d 6c00 4c6f 6164 4672 6f6d 5861  .Xaml.LoadFromXa
00026330: 6d6c 0067 6574 5f4f 4244 5072 6f74 6f63  ml.get_OBDProtoc
00026340: 6f6c 0067 6574 5f50 726f 746f 636f 6c00  ol.get_Protocol.
00026350: 7365 745f 5572 6c00 6765 745f 4974 656d  set_Url.get_Item
00026360: 0073 6574 5f49 7465 6d00 4461 7368 626f  .set_Item.Dashbo
00026370: 6172 6449 7465 6d00 546f 6f6c 6261 7249  ardItem.ToolbarI
00026380: 7465 6d00 4d65 6e75 4974 656d 004d 6169  tem.MenuItem.Mai
00026390: 6e50 6167 6543 6f6e 6669 6775 7261 7469  nPageConfigurati
000263a0: 6f6e 5072 6f78 7949 7465 6d00 5379 7374  onProxyItem.Syst
000263b0: 656d 0067 6574 5f52 756e 7469 6d65 506c  em.get_RuntimePl
000263c0: 6174 666f 726d 0067 6574 5f43 6865 636b  atform.get_Check
000263d0: 426c 7565 746f 6f74 6854 7572 6e65 644f  BluetoothTurnedO
000263e0: 6e00 416e 6472 6f69 6448 656c 7065 725f  n.AndroidHelper_
000263f0: 5265 7175 6573 7442 6c75 6574 6f6f 7468  RequestBluetooth
00026400: 506f 7765 724f 6e00 6765 745f 4973 4f6e  PowerOn.get_IsOn
00026410: 0053 746f 7042 4c45 5363 616e 0053 7461  .StopBLEScan.Sta
00026420: 7274 424c 4553 6361 6e00 5374 6f70 4254  rtBLEScan.StopBT
00026430: 5363 616e 0053 7461 7274 4254 5363 616e  Scan.StartBTScan
00026440: 0042 6f6f 6c65 616e 0054 696d 6553 7061  .Boolean.TimeSpa
00026450: 6e00 5365 7443 6f6c 756d 6e53 7061 6e00  n.SetColumnSpan.
00026460: 4a54 6f6b 656e 0067 6574 5f54 6f6b 656e  JToken.get_Token
00026470: 0043 616e 6365 6c6c 6174 696f 6e54 6f6b  .CancellationTok
00026480: 656e 0067 6574 5f43 6869 6c64 7265 6e00  en.get_Children.
00026490: 5365 7443 6f6c 756d 6e00 5265 6665 7265  SetColumn.Refere
000264a0: 6e63 6545 7874 656e 7369 6f6e 0044 796e  nceExtension.Dyn
000264b0: 616d 6963 5265 736f 7572 6365 4578 7465  amicResourceExte
000264c0: 6e73 696f 6e00 5374 6174 6963 5265 736f  nsion.StaticReso
000264d0: 7572 6365 4578 7465 6e73 696f 6e00 4269  urceExtension.Bi
000264e0: 6e64 696e 6745 7874 656e 7369 6f6e 0049  ndingExtension.I
000264f0: 4d61 726b 7570 4578 7465 6e73 696f 6e00  MarkupExtension.
00026500: 6765 745f 5665 7273 696f 6e00 4368 6563  get_Version.Chec
00026510: 6b56 6572 7369 6f6e 0067 6574 5f4d 696e  kVersion.get_Min
00026520: 5665 7273 696f 6e00 6765 745f 4c61 7465  Version.get_Late
00026530: 7374 5665 7273 696f 6e00 6c61 6265 6c4e  stVersion.labelN
00026540: 6577 5665 7273 696f 6e00 4368 6563 6b46  ewVersion.CheckF
00026550: 6f72 4e65 7756 6572 7369 6f6e 0048 6173  orNewVersion.Has
00026560: 4c6f 6361 7469 6f6e 5065 726d 6973 7369  LocationPermissi
00026570: 6f6e 0041 7070 6c69 6361 7469 6f6e 0049  on.Application.I
00026580: 4e61 7669 6761 7469 6f6e 0067 6574 5f4e  Navigation.get_N
00026590: 6176 6967 6174 696f 6e00 6274 6e53 746f  avigation.btnSto
000265a0: 7053 696d 756c 6174 696f 6e00 6274 6e53  pSimulation.btnS
000265b0: 7461 7274 5369 6d75 6c61 7469 6f6e 0067  tartSimulation.g
000265c0: 6574 5f43 6f6e 6669 6775 7261 7469 6f6e  et_Configuration
000265d0: 0067 6574 5f4f 7269 656e 7461 7469 6f6e  .get_Orientation
000265e0: 0053 7461 636b 4f72 6965 6e74 6174 696f  .StackOrientatio
000265f0: 6e00 5363 726f 6c6c 4f72 6965 6e74 6174  n.ScrollOrientat
00026600: 696f 6e00 4469 7370 6c61 794f 7269 656e  ion.DisplayOrien
00026610: 7461 7469 6f6e 0041 6374 696f 6e00 436f  tation.Action.Co
00026620: 6469 6e67 4d6f 6465 5365 6c65 6374 696f  dingModeSelectio
00026630: 6e00 5379 7374 656d 2e52 6566 6c65 6374  n.System.Reflect
00026640: 696f 6e00 6765 745f 4454 4343 6f6c 6c65  ion.get_DTCColle
00026650: 6374 696f 6e00 5f50 4944 436f 6c6c 6563  ction._PIDCollec
00026660: 7469 6f6e 0055 7064 6174 6550 4944 436f  tion.UpdatePIDCo
00026670: 6c6c 6563 7469 6f6e 0067 6574 5f50 6964  llection.get_Pid
00026680: 436f 6c6c 6563 7469 6f6e 0042 7261 6e64  Collection.Brand
00026690: 436f 6c6c 6563 7469 6f6e 0043 6f6c 756d  Collection.Colum
000266a0: 6e44 6566 696e 6974 696f 6e43 6f6c 6c65  nDefinitionColle
000266b0: 6374 696f 6e00 526f 7744 6566 696e 6974  ction.RowDefinit
000266c0: 696f 6e43 6f6c 6c65 6374 696f 6e00 4d6f  ionCollection.Mo
000266d0: 6465 6c73 436f 6c6c 6563 7469 6f6e 0043  delsCollection.C
000266e0: 6865 636b 5769 4669 436f 6e6e 6563 7469  heckWiFiConnecti
000266f0: 6f6e 0043 6865 636b 4465 7669 6365 4174  on.CheckDeviceAt
00026700: 436f 6e6e 6563 7469 6f6e 0053 7461 7274  Connection.Start
00026710: 436f 6e6e 6563 7469 6f6e 0043 6f6c 756d  Connection.Colum
00026720: 6e44 6566 696e 6974 696f 6e00 526f 7744  nDefinition.RowD
00026730: 6566 696e 6974 696f 6e00 4e6f 7449 6d70  efinition.NotImp
00026740: 6c65 6d65 6e74 6564 4578 6365 7074 696f  lementedExceptio
00026750: 6e00 4172 6775 6d65 6e74 4f75 744f 6652  n.ArgumentOutOfR
00026760: 616e 6765 4578 6365 7074 696f 6e00 5365  angeException.Se
00026770: 7445 7863 6570 7469 6f6e 004a 6176 6153  tException.JavaS
00026780: 6372 6970 7445 7863 6570 7469 6f6e 0073  criptException.s
00026790: 6574 5f4c 6173 7445 7863 6570 7469 6f6e  et_LastException
000267a0: 0043 6172 5363 616e 6e65 7258 616d 6172  .CarScannerXamar
000267b0: 696e 466f 726d 732e 436f 6d6d 6f6e 004e  inForms.Common.N
000267c0: 6577 746f 6e73 6f66 742e 4a73 6f6e 0070  ewtonsoft.Json.p
000267d0: 6964 4c69 7374 4a73 6f6e 0053 7472 696e  idListJson.Strin
000267e0: 6743 6f6d 7061 7269 736f 6e00 4275 696c  gComparison.Buil
000267f0: 6442 7574 746f 6e00 4d61 696e 5061 6765  dButton.MainPage
00026800: 4275 7474 6f6e 0063 6f6e 736f 6c65 5f77  Button.console_w
00026810: 6172 6e00 5275 6e00 5475 726e 4f66 6642  arn.Run.TurnOffB
00026820: 6c75 6574 6f6f 7468 4966 4e65 6564 546f  luetoothIfNeedTo
00026830: 0046 6164 6554 6f00 5570 6461 7465 5649  .FadeTo.UpdateVI
00026840: 4e49 6e66 6f00 6765 745f 5265 7175 6573  NInfo.get_Reques
00026850: 7445 4355 496e 666f 004d 6574 686f 6449  tECUInfo.MethodI
00026860: 6e66 6f00 4465 7669 6365 496e 666f 0052  nfo.DeviceInfo.R
00026870: 6567 6973 7465 7253 6f75 7263 6549 6e66  egisterSourceInf
00026880: 6f00 4958 6d6c 4c69 6e65 496e 666f 0047  o.IXmlLineInfo.G
00026890: 6574 5479 7065 496e 666f 004d 656d 6265  etTypeInfo.Membe
000268a0: 7249 6e66 6f00 6765 745f 4d61 696e 4469  rInfo.get_MainDi
000268b0: 7370 6c61 7949 6e66 6f00 5072 6f70 6572  splayInfo.Proper
000268c0: 7479 496e 666f 0043 6172 4465 6d6f 0074  tyInfo.CarDemo.t
000268d0: 6250 726f 746f 0067 6574 5f41 7574 6f00  bProto.get_Auto.
000268e0: 7072 6f6d 6973 654d 6170 004f 6e53 6c65  promiseMap.OnSle
000268f0: 6570 0053 746f 7000 426c 7565 746f 6f74  ep.Stop.Bluetoot
00026900: 6857 6173 5475 726e 6564 4f6e 4279 5468  hWasTurnedOnByTh
00026910: 6541 7070 004b 696c 6c41 7070 0043 6172  eApp.KillApp.Car
00026920: 5363 616e 6e65 7258 616d 6172 696e 466f  ScannerXamarinFo
00026930: 726d 732e 496e 4170 7000 5669 7375 616c  rms.InApp.Visual
00026940: 5374 6174 6547 726f 7570 0053 7973 7465  StateGroup.Syste
00026950: 6d2e 4c69 6e71 004e 6577 746f 6e73 6f66  m.Linq.Newtonsof
00026960: 742e 4a73 6f6e 2e4c 696e 7100 4953 7461  t.Json.Linq.ISta
00026970: 7475 7342 6172 0073 6574 5f44 726f 6964  tusBar.set_Droid
00026980: 4469 7370 6c61 7943 6f6e 6e65 6374 696f  DisplayConnectio
00026990: 6e53 7461 7475 7349 6e53 7461 7475 7342  nStatusInStatusB
000269a0: 6172 0053 686f 7753 7461 7475 7342 6172  ar.ShowStatusBar
000269b0: 0043 6c65 6172 0067 6574 5f53 7461 7200  .Clear.get_Star.
000269c0: 496e 766f 6b65 4d65 6d62 6572 0073 6574  InvokeMember.set
000269d0: 5f46 7265 657a 6546 7261 6d65 4e75 6d62  _FreezeFrameNumb
000269e0: 6572 0066 7261 6d65 4e75 6d62 6572 0067  er.frameNumber.g
000269f0: 6574 5f50 726f 746f 636f 6c4e 756d 6265  et_ProtocolNumbe
00026a00: 7200 6765 745f 4375 7272 656e 7450 726f  r.get_CurrentPro
00026a10: 746f 636f 6c4e 756d 6265 7200 4d61 696e  tocolNumber.Main
00026a20: 4170 7052 6571 7565 7374 5072 6f64 7563  AppRequestProduc
00026a30: 6572 0045 4355 4865 6164 6572 004f 4244  er.ECUHeader.OBD
00026a40: 5265 6164 6572 004f 4244 4461 7461 5265  Reader.OBDDataRe
00026a50: 6164 6572 0052 6573 6f75 7263 654c 6f61  ader.ResourceLoa
00026a60: 6465 7200 5861 6d6c 4c6f 6164 6572 0049  der.XamlLoader.I
00026a70: 5365 7276 6963 6550 726f 7669 6465 7200  ServiceProvider.
00026a80: 5861 6d6c 5365 7276 6963 6550 726f 7669  XamlServiceProvi
00026a90: 6465 7200 4952 6566 6572 656e 6365 5072  der.IReferencePr
00026aa0: 6f76 6964 6572 0067 6574 5f58 616d 6c46  ovider.get_XamlF
00026ab0: 696c 6550 726f 7669 6465 7200 4958 6d6c  ileProvider.IXml
00026ac0: 4c69 6e65 496e 666f 5072 6f76 6964 6572  LineInfoProvider
00026ad0: 0053 696d 706c 6556 616c 7565 5461 7267  .SimpleValueTarg
00026ae0: 6574 5072 6f76 6964 6572 0041 7379 6e63  etProvider.Async
00026af0: 566f 6964 4d65 7468 6f64 4275 696c 6465  VoidMethodBuilde
00026b00: 7200 4173 796e 6354 6173 6b4d 6574 686f  r.AsyncTaskMetho
00026b10: 6442 7569 6c64 6572 003c 3e74 5f5f 6275  dBuilder.<>t__bu
00026b20: 696c 6465 7200 6361 6e63 656c 5365 6e64  ilder.cancelSend
00026b30: 6572 0073 656e 6465 7200 4269 6e64 6572  er.sender.Binder
00026b40: 0056 6167 4454 4344 6563 6f64 6572 0054  .VagDTCDecoder.T
00026b50: 6f6f 6c62 6172 4974 656d 4f72 6465 7200  oolbarItemOrder.
00026b60: 6765 745f 5265 636f 7264 6572 0073 6574  get_Recorder.set
00026b70: 5f52 6563 6f72 6465 7200 4361 7253 6361  _Recorder.CarSca
00026b80: 6e6e 6572 5861 6d61 7269 6e46 6f72 6d73  nnerXamarinForms
00026b90: 2e44 6174 6152 6563 6f72 6465 7200 4942  .DataRecorder.IB
00026ba0: 6c75 6574 6f6f 7468 324d 616e 6167 6572  luetooth2Manager
00026bb0: 0047 6574 4e65 7742 6c75 6574 6f6f 7468  .GetNewBluetooth
00026bc0: 324d 616e 6167 6572 0056 6973 7561 6c53  2Manager.VisualS
00026bd0: 7461 7465 4d61 6e61 6765 7200 496e 4170  tateManager.InAp
00026be0: 704d 616e 6167 6572 0043 6172 506c 6179  pManager.CarPlay
00026bf0: 4d61 6e61 6765 7200 6274 6d61 6e61 6765  Manager.btmanage
00026c00: 7200 4c61 756e 6368 6572 0053 6361 6e58  r.Launcher.ScanX
00026c10: 4368 6563 6b65 7200 5665 7273 696f 6e43  Checker.VersionC
00026c20: 6865 636b 6572 0050 6963 6b65 7200 4944  hecker.Picker.ID
00026c30: 796e 616d 6963 5265 736f 7572 6365 4861  ynamicResourceHa
00026c40: 6e64 6c65 7200 4576 656e 7448 616e 646c  ndler.EventHandl
00026c50: 6572 0053 7973 7465 6d2e 436f 6465 446f  er.System.CodeDo
00026c60: 6d2e 436f 6d70 696c 6572 0058 4354 496e  m.Compiler.XCTIn
00026c70: 6974 4361 6c6c 6572 0067 7269 6442 6f74  itCaller.gridBot
00026c80: 746f 6d43 6f6e 7461 696e 6572 004d 6169  tomContainer.Mai
00026c90: 6e54 6872 6561 6448 656c 7065 7200 426c  nThreadHelper.Bl
00026ca0: 7565 746f 6f74 6848 656c 7065 7200 4957  uetoothHelper.IW
00026cb0: 6946 6948 656c 7065 7200 7769 6669 4865  iFiHelper.wifiHe
00026cc0: 6c70 6572 0050 6c61 7466 6f72 6d48 656c  lper.PlatformHel
00026cd0: 7065 7200 5072 6f66 696c 6555 7064 6174  per.ProfileUpdat
00026ce0: 6572 0043 6f6e 6669 6775 7265 6454 6173  er.ConfiguredTas
00026cf0: 6b41 7761 6974 6572 0047 6574 4177 6169  kAwaiter.GetAwai
00026d00: 7465 7200 4765 7450 726f 6669 6c65 7346  ter.GetProfilesF
00026d10: 6f72 4272 616e 6457 6974 6846 696c 7465  orBrandWithFilte
00026d20: 7200 4365 6e74 6572 0073 6574 5f4f 7074  r.Center.set_Opt
00026d30: 696d 697a 6564 5265 7175 6573 7453 7475  imizedRequestStu
00026d40: 636b 436f 756e 7465 7200 5049 4441 6461  ckCounter.PIDAda
00026d50: 7074 6572 0049 4164 6170 7465 7200 6765  pter.IAdapter.ge
00026d60: 745f 4164 6170 7465 7200 7365 745f 436f  t_Adapter.set_Co
00026d70: 6e76 6572 7465 7200 4578 636c 7564 6549  nverter.ExcludeI
00026d80: 6e66 696e 6974 7946 726f 6d44 6f75 626c  nfinityFromDoubl
00026d90: 6543 6f6e 7665 7274 6572 0049 4578 7465  eConverter.IExte
00026da0: 6e64 6564 5479 7065 436f 6e76 6572 7465  ndedTypeConverte
00026db0: 7200 4772 6964 4c65 6e67 7468 5479 7065  r.GridLengthType
00026dc0: 436f 6e76 6572 7465 7200 456d 7074 7953  Converter.EmptyS
00026dd0: 7472 696e 6754 6f46 616c 7365 436f 6e76  tringToFalseConv
00026de0: 6572 7465 7200 494d 756c 7469 5661 6c75  erter.IMultiValu
00026df0: 6543 6f6e 7665 7274 6572 004d 756c 7469  eConverter.Multi
00026e00: 426f 6f6c 6561 6e54 6f54 7275 6543 6f6e  BooleanToTrueCon
00026e10: 7665 7274 6572 0042 6f6f 6c54 6f4e 6567  verter.BoolToNeg
00026e20: 6174 6976 6543 6f6e 7665 7274 6572 0046  ativeConverter.F
00026e30: 6f6e 7453 697a 6543 6f6e 7665 7274 6572  ontSizeConverter
00026e40: 0054 6578 7444 6563 6f72 6174 696f 6e43  .TextDecorationC
00026e50: 6f6e 7665 7274 6572 0046 6f6e 7441 7474  onverter.FontAtt
00026e60: 7269 6275 7465 7343 6f6e 7665 7274 6572  ributesConverter
00026e70: 0054 6578 7441 6c69 676e 6d65 6e74 436f  .TextAlignmentCo
00026e80: 6e76 6572 7465 7200 4272 6332 4373 7643  nverter.Brc2CsvC
00026e90: 6f6e 7665 7274 6572 0056 6973 6962 696c  onverter.Visibil
00026ea0: 6974 7943 6f6e 7665 7274 6572 0050 726f  ityConverter.Pro
00026eb0: 6669 6c65 5375 7070 6f72 7465 6450 6964  fileSupportedPid
00026ec0: 7354 6573 7465 7200 5365 7474 6572 0049  sTester.Setter.I
00026ed0: 586d 6c4e 616d 6573 7061 6365 5265 736f  XmlNamespaceReso
00026ee0: 6c76 6572 0049 5861 6d6c 5479 7065 5265  lver.IXamlTypeRe
00026ef0: 736f 6c76 6572 0067 6574 5f57 6946 6953  solver.get_WiFiS
00026f00: 6572 7665 7200 7365 745f 5769 4669 5365  erver.set_WiFiSe
00026f10: 7276 6572 0049 7356 6572 7369 6f6e 4e65  rver.IsVersionNe
00026f20: 7765 7200 5861 6d61 7269 6e2e 436f 6d6d  wer.Xamarin.Comm
00026f30: 756e 6974 7954 6f6f 6c6b 6974 2e49 6e69  unityToolkit.Ini
00026f40: 7469 616c 697a 6572 004f 4244 5265 7175  tializer.OBDRequ
00026f50: 6573 7451 7565 7565 4f70 7469 6d69 7a65  estQueueOptimize
00026f60: 7200 4947 6573 7475 7265 5265 636f 676e  r.IGestureRecogn
00026f70: 697a 6572 0054 6170 4765 7374 7572 6552  izer.TapGestureR
00026f80: 6563 6f67 6e69 7a65 7200 4361 6e50 726f  ecognizer.CanPro
00026f90: 7669 6465 436f 6e74 656e 7446 6f72 0073  videContentFor.s
00026fa0: 6574 5f42 6163 6b67 726f 756e 6443 6f6c  et_BackgroundCol
00026fb0: 6f72 0073 6574 5f54 6578 7443 6f6c 6f72  or.set_TextColor
00026fc0: 0063 6f6e 736f 6c65 5f65 7272 6f72 0067  .console_error.g
00026fd0: 6574 5f4f 4244 5369 6d75 6c61 746f 7200  et_OBDSimulator.
00026fe0: 4f42 4452 6561 6465 7253 696d 756c 6174  OBDReaderSimulat
00026ff0: 6f72 0049 456e 756d 6572 6174 6f72 0047  or.IEnumerator.G
00027000: 6574 456e 756d 6572 6174 6f72 002e 6374  etEnumerator..ct
00027010: 6f72 002e 6363 746f 7200 4c69 7665 4461  or..cctor.LiveDa
00027020: 7461 4d75 6c74 6943 6861 7274 5365 6c65  taMultiChartSele
00027030: 6374 6f72 0067 6574 5f4c 6976 6544 6174  ctor.get_LiveDat
00027040: 6150 4944 7300 5374 6f70 5265 6164 5049  aPIDs.StopReadPI
00027050: 4473 0053 7461 7274 5265 6164 5049 4473  Ds.StartReadPIDs
00027060: 0067 6574 5f53 686f 756c 6443 6865 636b  .get_ShouldCheck
00027070: 5072 6f66 696c 6550 4944 7300 7365 745f  ProfilePIDs.set_
00027080: 5368 6f75 6c64 4368 6563 6b50 726f 6669  ShouldCheckProfi
00027090: 6c65 5049 4473 0052 6566 7265 7368 5049  lePIDs.RefreshPI
000270a0: 4473 0058 616d 6172 696e 2e46 6f72 6d73  Ds.Xamarin.Forms
000270b0: 2e58 616d 6c2e 4469 6167 6e6f 7374 6963  .Xaml.Diagnostic
000270c0: 7300 5379 7374 656d 2e44 6961 676e 6f73  s.System.Diagnos
000270d0: 7469 6373 0056 6973 7561 6c44 6961 676e  tics.VisualDiagn
000270e0: 6f73 7469 6373 0050 4944 5f53 7570 706f  ostics.PID_Suppo
000270f0: 7274 6564 5069 6473 0067 6574 5f50 726f  rtedPids.get_Pro
00027100: 6669 6c65 4861 7350 6964 7300 6765 745f  fileHasPids.get_
00027110: 5265 6164 4454 4343 6f6d 6d61 6e64 7300  ReadDTCCommands.
00027120: 6765 745f 4f70 656e 5365 7373 696f 6e43  get_OpenSessionC
00027130: 6f6d 6d61 6e64 7300 6765 745f 4272 616e  ommands.get_Bran
00027140: 6473 0047 6574 4272 616e 6473 0046 726f  ds.GetBrands.Fro
00027150: 6d53 6563 6f6e 6473 0053 746f 7044 6973  mSeconds.StopDis
00027160: 636f 7665 7269 6e67 4465 7669 6365 7300  coveringDevices.
00027170: 5374 6172 7444 6973 636f 7665 7269 6e67  StartDiscovering
00027180: 4465 7669 6365 7300 5379 7374 656d 2e52  Devices.System.R
00027190: 756e 7469 6d65 2e43 6f6d 7069 6c65 7253  untime.CompilerS
000271a0: 6572 7669 6365 7300 6765 745f 5265 736f  ervices.get_Reso
000271b0: 7572 6365 7300 7365 745f 5265 736f 7572  urces.set_Resour
000271c0: 6365 7300 4f42 444d 6f64 6573 0044 6562  ces.OBDModes.Deb
000271d0: 7567 6769 6e67 4d6f 6465 7300 576f 726b  uggingModes.Work
000271e0: 696e 674d 6f64 6573 0049 6e69 744d 6f64  ingModes.InitMod
000271f0: 6573 0043 6172 5363 616e 6e65 7258 616d  es.CarScannerXam
00027200: 6172 696e 466f 726d 732e 5061 6765 7300  arinForms.Pages.
00027210: 4765 7450 726f 6669 6c65 7300 5265 6769  GetProfiles.Regi
00027220: 7374 6572 4461 7368 626f 6172 6449 7465  sterDashboardIte
00027230: 6d54 7970 6573 0043 6f6e 6e65 6374 696f  mTypes.Connectio
00027240: 6e54 7970 6573 0067 6574 5f53 7461 7465  nTypes.get_State
00027250: 7300 4269 6e64 696e 6746 6c61 6773 0067  s.BindingFlags.g
00027260: 6574 5f42 696e 6469 6e67 7300 4361 7253  et_Bindings.CarS
00027270: 6361 6e6e 6572 5861 6d61 7269 6e46 6f72  cannerXamarinFor
00027280: 6d73 2e53 6574 7469 6e67 7300 5368 6172  ms.Settings.Shar
00027290: 6564 5365 7474 696e 6773 004f 7065 6e53  edSettings.OpenS
000272a0: 7973 7465 6d53 6574 7469 6e67 7300 6274  ystemSettings.bt
000272b0: 6e53 6574 7469 6e67 7300 426c 7565 746f  nSettings.Blueto
000272c0: 6f74 6853 7461 7465 4368 616e 6765 6441  othStateChangedA
000272d0: 7267 7300 6361 6e63 656c 4172 6773 0050  rgs.cancelArgs.P
000272e0: 6c75 6769 6e2e 424c 452e 4162 7374 7261  lugin.BLE.Abstra
000272f0: 6374 696f 6e73 2e45 7665 6e74 4172 6773  ctions.EventArgs
00027300: 0057 6562 4e61 7669 6761 7465 6445 7665  .WebNavigatedEve
00027310: 6e74 4172 6773 0044 6576 6963 6545 7665  ntArgs.DeviceEve
00027320: 6e74 4172 6773 0061 7267 7300 3c3e 345f  ntArgs.args.<>4_
00027330: 5f74 6869 7300 4d69 6372 6f73 6f66 742e  _this.Microsoft.
00027340: 436f 6465 416e 616c 7973 6973 0053 7973  CodeAnalysis.Sys
00027350: 7465 6d2e 5468 7265 6164 696e 672e 5461  tem.Threading.Ta
00027360: 736b 7300 5861 6d61 7269 6e2e 4573 7365  sks.Xamarin.Esse
00027370: 6e74 6961 6c73 0058 616d 6172 696e 2e46  ntials.Xamarin.F
00027380: 6f72 6d73 2e58 616d 6c2e 496e 7465 726e  orms.Xaml.Intern
00027390: 616c 7300 5861 6d61 7269 6e2e 466f 726d  als.Xamarin.Form
000273a0: 732e 496e 7465 726e 616c 7300 4361 7253  s.Internals.CarS
000273b0: 6361 6e6e 6572 5861 6d61 7269 6e46 6f72  cannerXamarinFor
000273c0: 6d73 2e45 4355 4d6f 6465 6c73 0043 6172  ms.ECUModels.Car
000273d0: 5363 616e 6e65 7258 616d 6172 696e 466f  ScannerXamarinFo
000273e0: 726d 732e 5669 6577 4d6f 6465 6c73 0067  rms.ViewModels.g
000273f0: 6574 5f50 726f 746f 636f 6c73 0043 6172  et_Protocols.Car
00027400: 4465 6d6f 2e43 6f6e 7472 6f6c 7300 4361  Demo.Controls.Ca
00027410: 7253 6361 6e6e 6572 5861 6d61 7269 6e46  rScannerXamarinF
00027420: 6f72 6d73 2e55 7365 7243 6f6e 7472 6f6c  orms.UserControl
00027430: 7300 6765 745f 546f 6f6c 6261 7249 7465  s.get_ToolbarIte
00027440: 6d73 0058 616d 6172 696e 2e46 6f72 6d73  ms.Xamarin.Forms
00027450: 0043 6172 5363 616e 6e65 7258 616d 6172  .CarScannerXamar
00027460: 696e 466f 726d 7300 6765 745f 5370 616e  inForms.get_Span
00027470: 7300 436f 6e74 6169 6e73 004e 616d 6553  s.Contains.NameS
00027480: 636f 7065 4578 7465 6e73 696f 6e73 0052  copeExtensions.R
00027490: 756e 7469 6d65 5265 666c 6563 7469 6f6e  untimeReflection
000274a0: 4578 7465 6e73 696f 6e73 0049 6e74 726f  Extensions.Intro
000274b0: 7370 6563 7469 6f6e 4578 7465 6e73 696f  spectionExtensio
000274c0: 6e73 0056 6965 7745 7874 656e 7369 6f6e  ns.ViewExtension
000274d0: 7300 6765 745f 4261 6e6e 6564 5665 7273  s.get_BannedVers
000274e0: 696f 6e73 0050 6c75 6769 6e2e 424c 452e  ions.Plugin.BLE.
000274f0: 4162 7374 7261 6374 696f 6e73 0053 7973  Abstractions.Sys
00027500: 7465 6d2e 436f 6c6c 6563 7469 6f6e 7300  tem.Collections.
00027510: 6765 745f 4672 6565 5065 7269 6f64 476f  get_FreePeriodGo
00027520: 6f64 436f 6e6e 6563 7469 6f6e 7300 7365  odConnections.se
00027530: 745f 4672 6565 5065 7269 6f64 476f 6f64  t_FreePeriodGood
00027540: 436f 6e6e 6563 7469 6f6e 7300 6765 745f  Connections.get_
00027550: 4173 6b46 6f72 5265 7669 6577 476f 6f64  AskForReviewGood
00027560: 436f 6e6e 6563 7469 6f6e 7300 7365 745f  Connections.set_
00027570: 4173 6b46 6f72 5265 7669 6577 476f 6f64  AskForReviewGood
00027580: 436f 6e6e 6563 7469 6f6e 7300 6765 745f  Connections.get_
00027590: 436f 6c75 6d6e 4465 6669 6e69 7469 6f6e  ColumnDefinition
000275a0: 7300 6765 745f 526f 7744 6566 696e 6974  s.get_RowDefinit
000275b0: 696f 6e73 0058 616d 6c43 6f6d 7069 6c61  ions.XamlCompila
000275c0: 7469 6f6e 4f70 7469 6f6e 7300 5363 616e  tionOptions.Scan
000275d0: 4669 6c74 6572 4f70 7469 6f6e 7300 5374  FilterOptions.St
000275e0: 7269 6e67 5370 6c69 744f 7074 696f 6e73  ringSplitOptions
000275f0: 004c 6179 6f75 744f 7074 696f 6e73 004d  .LayoutOptions.M
00027600: 6169 6e50 6167 6542 7574 746f 6e73 0045  ainPageButtons.E
00027610: 6e61 626c 654d 6169 6e42 7574 746f 6e73  nableMainButtons
00027620: 0044 6973 6162 6c65 4d61 696e 4275 7474  .DisableMainButt
00027630: 6f6e 7300 5570 6461 7465 4d61 696e 4275  ons.UpdateMainBu
00027640: 7474 6f6e 7300 6772 6964 436f 6e6e 6563  ttons.gridConnec
00027650: 7442 7574 746f 6e73 0043 6172 5363 616e  tButtons.CarScan
00027660: 6e65 7258 616d 6172 696e 466f 726d 732e  nerXamarinForms.
00027670: 4f42 4432 2e52 6571 7565 7374 5072 6f64  OBD2.RequestProd
00027680: 7563 6572 7300 6765 745f 4543 5548 6561  ucers.get_ECUHea
00027690: 6465 7273 0044 656c 6574 6543 6f6e 7461  ders.DeleteConta
000276a0: 696e 6572 7300 5861 6d61 7269 6e2e 436f  iners.Xamarin.Co
000276b0: 6d6d 756e 6974 7954 6f6f 6c6b 6974 2e48  mmunityToolkit.H
000276c0: 656c 7065 7273 0042 6173 654c 6973 7446  elpers.BaseListF
000276d0: 696c 7465 7273 0043 6172 5363 616e 6e65  ilters.CarScanne
000276e0: 7258 616d 6172 696e 466f 726d 732e 506c  rXamarinForms.Pl
000276f0: 6174 666f 726d 4164 6170 7465 7273 0043  atformAdapters.C
00027700: 6172 5363 616e 6e65 7258 616d 6172 696e  arScannerXamarin
00027710: 466f 726d 732e 436f 6d6d 6f6e 2e58 414d  Forms.Common.XAM
00027720: 4c43 6f6e 7665 7274 6572 7300 6765 745f  LConverters.get_
00027730: 5365 7474 6572 7300 6765 745f 4765 7374  Setters.get_Gest
00027740: 7572 6552 6563 6f67 6e69 7a65 7273 0067  ureRecognizers.g
00027750: 6574 5f4c 6173 7443 6172 4176 6169 6c61  et_LastCarAvaila
00027760: 626c 6553 656e 736f 7273 0073 6574 5f49  bleSensors.set_I
00027770: 6e66 6f53 686f 7765 645f 416c 6c53 656e  nfoShowed_AllSen
00027780: 736f 7273 0054 6869 636b 6e65 7373 0061  sors.Thickness.a
00027790: 6464 7265 7373 0069 6e69 7470 726f 6772  ddress.initprogr
000277a0: 6573 7300 6274 6e53 7461 7473 0050 6c75  ess.btnStats.Plu
000277b0: 6769 6e2e 424c 452e 4162 7374 7261 6374  gin.BLE.Abstract
000277c0: 696f 6e73 2e43 6f6e 7472 6163 7473 0041  ions.Contracts.A
000277d0: 7474 7269 6275 7465 5461 7267 6574 7300  ttributeTargets.
000277e0: 4d61 726b 6574 7300 6174 7465 6d70 7473  Markets.attempts
000277f0: 0053 686f 7753 6570 6172 6174 6543 6861  .ShowSeparateCha
00027800: 7274 7300 6765 745f 4341 4e4f 7074 696d  rts.get_CANOptim
00027810: 697a 6552 6571 7565 7374 7300 7365 745f  izeRequests.set_
00027820: 4341 4e4f 7074 696d 697a 6552 6571 7565  CANOptimizeReque
00027830: 7374 7300 5570 6461 7465 4f42 4452 6561  sts.UpdateOBDRea
00027840: 6465 7252 6571 7565 7374 7300 4765 7452  derRequests.GetR
00027850: 6571 7565 7374 7300 7265 7175 6573 7473  equests.requests
00027860: 0053 7461 7469 634c 6973 7473 0053 6574  .StaticLists.Set
00027870: 4275 7474 6f6e 7344 6570 656e 6469 6e67  ButtonsDepending
00027880: 4f6e 4f42 4453 7461 7475 7300 6765 745f  OnOBDStatus.get_
00027890: 454c 4d53 7461 7475 7300 7462 454c 4d53  ELMStatus.tbELMS
000278a0: 7461 7475 7300 7462 4543 5553 7461 7475  tatus.tbECUStatu
000278b0: 7300 5065 726d 6973 7369 6f6e 5374 6174  s.PermissionStat
000278c0: 7573 0067 7269 6443 6f6e 6e65 6374 696f  us.gridConnectio
000278d0: 6e53 7461 7475 7300 4f42 4444 6174 6152  nStatus.OBDDataR
000278e0: 6561 6465 7253 7461 7475 7300 6765 745f  eaderStatus.get_
000278f0: 4375 7272 656e 7453 7461 7475 7300 4e65  CurrentStatus.Ne
00027900: 7753 7461 7475 7300 6765 745f 4b65 7973  wStatus.get_Keys
00027910: 0052 656d 6f76 6541 7400 436f 6e63 6174  .RemoveAt.Concat
00027920: 0043 7572 7265 6e74 454c 4d46 6f72 6d61  .CurrentELMForma
00027930: 7400 4a4f 626a 6563 7400 4269 6e64 6162  t.JObject.Bindab
00027940: 6c65 4f62 6a65 6374 0053 6572 6961 6c69  leObject.Seriali
00027950: 7a65 4f62 6a65 6374 0053 656c 6563 7400  zeObject.Select.
00027960: 6274 6e43 6f6e 6e65 6374 0062 746e 4469  btnConnect.btnDi
00027970: 7363 6f6e 6e65 6374 0047 6574 0049 5072  sconnect.Get.IPr
00027980: 6f76 6964 6556 616c 7565 5461 7267 6574  ovideValueTarget
00027990: 0044 6570 656e 6465 6e63 7946 6574 6368  .DependencyFetch
000279a0: 5461 7267 6574 0067 6574 5f41 7070 4d61  Target.get_AppMa
000279b0: 726b 6574 0052 6573 6574 0073 6574 5f48  rket.Reset.set_H
000279c0: 6569 6768 7400 7462 506c 6561 7365 5761  eight.tbPleaseWa
000279d0: 6974 0043 6f6e 6669 6775 7265 4177 6169  it.ConfigureAwai
000279e0: 7400 6f70 5f49 6d70 6c69 6369 7400 6f70  t.op_Implicit.op
000279f0: 5f45 7870 6c69 6369 7400 5861 6d61 7269  _Explicit.Xamari
00027a00: 6e2e 436f 6d6d 756e 6974 7954 6f6f 6c6b  n.CommunityToolk
00027a10: 6974 0053 706c 6974 0043 616c 6c49 6e69  it.Split.CallIni
00027a20: 7400 6765 745f 5573 6544 6566 6175 6c74  t.get_UseDefault
00027a30: 496e 6974 0041 736b 466f 7245 7869 7400  Init.AskForExit.
00027a40: 5265 7365 7454 6578 7454 6f44 6566 6175  ResetTextToDefau
00027a50: 6c74 0046 6972 7374 4f72 4465 6661 756c  lt.FirstOrDefaul
00027a60: 7400 5365 7450 726f 6d69 7365 5265 7375  t.SetPromiseResu
00027a70: 6c74 0047 6574 5265 7375 6c74 0053 6574  lt.GetResult.Set
00027a80: 5265 7375 6c74 0069 6e69 7452 6573 756c  Result.initResul
00027a90: 7400 4e61 7669 6761 626c 6545 6c65 6d65  t.NavigableEleme
00027aa0: 6e74 0056 6973 7561 6c45 6c65 6d65 6e74  nt.VisualElement
00027ab0: 0049 6e69 7469 616c 697a 6543 6f6d 706f  .InitializeCompo
00027ac0: 6e65 6e74 0054 7261 6e73 7061 7265 6e74  nent.Transparent
00027ad0: 0067 6574 5f43 7572 7265 6e74 0049 554d  .get_Current.IUM
00027ae0: 5043 6f6e 7365 6e74 0073 6574 5f43 6f6e  PConsent.set_Con
00027af0: 7465 6e74 0063 6f6e 7465 6e74 0043 7572  tent.content.Cur
00027b00: 7265 6e74 5374 6174 7573 4368 616e 6765  rentStatusChange
00027b10: 6445 7665 6e74 0067 6574 5f43 6f75 6e74  dEvent.get_Count
00027b20: 0053 6574 7469 6e67 7352 6f6f 7400 6163  .SettingsRoot.ac
00027b30: 6365 7074 0053 686f 7743 6f6d 6269 6e65  cept.ShowCombine
00027b40: 6443 6861 7274 004f 6e53 7461 7274 0052  dChart.OnStart.R
00027b50: 6573 7461 7274 0048 6964 654e 6f6e 4469  estart.HideNonDi
00027b60: 736d 6973 7361 626c 6541 6c65 7274 0044  smissableAlert.D
00027b70: 6973 706c 6179 4e6f 6e44 6973 6d69 7373  isplayNonDismiss
00027b80: 6162 6c65 416c 6572 7400 4469 7370 6c61  ableAlert.Displa
00027b90: 7941 6c65 7274 0049 6e73 6572 7400 4a73  yAlert.Insert.Js
00027ba0: 6f6e 436f 6e76 6572 7400 6765 745f 5769  onConvert.get_Wi
00027bb0: 4669 506f 7274 0073 6574 5f57 6946 6950  FiPort.set_WiFiP
00027bc0: 6f72 7400 6765 745f 4543 5549 6e66 6f52  ort.get_ECUInfoR
00027bd0: 6570 6f72 7400 5065 7266 6f72 6d54 6573  eport.PerformTes
00027be0: 7400 5365 7453 7461 7475 7346 6f72 5465  t.SetStatusForTe
00027bf0: 7374 004f 4244 5265 7175 6573 7400 4c6f  st.OBDRequest.Lo
00027c00: 6361 6c4e 6574 776f 726b 5065 726d 6973  calNetworkPermis
00027c10: 7369 6f6e 5365 7276 6963 655f 4561 7379  sionService_Easy
00027c20: 5761 7952 6571 7565 7374 006d 6f64 656c  WayRequest.model
00027c30: 5049 444c 6973 7400 4765 7450 4944 4c69  PIDList.GetPIDLi
00027c40: 7374 0047 6574 4543 554c 6973 7400 546f  st.GetECUList.To
00027c50: 4c69 7374 0056 6973 7561 6c53 7461 7465  List.VisualState
00027c60: 4772 6f75 704c 6973 7400 5374 6163 6b4c  GroupList.StackL
00027c70: 6179 6f75 7400 6576 7400 4d6f 7665 4e65  ayout.evt.MoveNe
00027c80: 7874 0067 6574 5f54 6578 7400 7365 745f  xt.get_Text.set_
00027c90: 5465 7874 0053 6574 4163 7469 7669 7479  Text.SetActivity
00027ca0: 4672 616d 6554 6578 7400 7365 745f 4361  FrameText.set_Ca
00027cb0: 6e63 656c 5465 7874 0053 6574 5072 6f67  ncelText.SetProg
00027cc0: 7265 7373 5465 7874 0074 6578 7400 4d61  ressText.text.Ma
00027cd0: 696e 5765 6256 6965 7700 436f 6d70 6c65  inWebView.Comple
00027ce0: 7841 6456 6965 7700 5363 726f 6c6c 5669  xAdView.ScrollVi
00027cf0: 6577 0067 6574 5f43 6861 7274 7356 6965  ew.get_ChartsVie
00027d00: 7700 436f 6e74 656e 7456 6965 7700 4173  w.ContentView.As
00027d10: 6b46 6f72 5265 7669 6577 0049 5265 7175  kForReview.IRequ
00027d20: 6573 7452 6576 6965 7700 5365 7452 6f77  estReview.SetRow
00027d30: 0065 6375 496e 6465 7800 696e 6465 7800  .ecuIndex.index.
00027d40: 6765 745f 5573 6552 504d 4669 7800 4361  get_UseRPMFix.Ca
00027d50: 7253 6361 6e6e 6572 5861 6d61 7269 6e46  rScannerXamarinF
00027d60: 6f72 6d73 2e43 6172 506c 6179 0044 656c  orms.CarPlay.Del
00027d70: 6179 0044 6576 6963 6544 6973 706c 6179  ay.DeviceDisplay
00027d80: 0047 7261 7900 4a41 7272 6179 006a 736f  .Gray.JArray.jso
00027d90: 6e41 7272 6179 0067 6574 5f4b 6579 0073  nArray.get_Key.s
00027da0: 6574 5f4b 6579 0043 6f6e 7461 696e 734b  et_Key.ContainsK
00027db0: 6579 0067 6574 5f41 7373 656d 626c 7900  ey.get_Assembly.
00027dc0: 4170 706c 7900 5768 656e 416e 7900 5265  Apply.WhenAny.Re
00027dd0: 736f 7572 6365 4469 6374 696f 6e61 7279  sourceDictionary
00027de0: 0043 6c65 6172 5265 7370 6f6e 7365 436f  .ClearResponseCo
00027df0: 756e 7465 7244 6963 7469 6f6e 6172 7900  unterDictionary.
00027e00: 5265 736f 7572 6365 4c6f 6164 696e 6751  ResourceLoadingQ
00027e10: 7565 7279 006f 705f 4571 7561 6c69 7479  uery.op_Equality
00027e20: 006f 705f 496e 6571 7561 6c69 7479 0067  .op_Inequality.g
00027e30: 6574 5f45 6d70 7479 0049 734e 756c 6c4f  et_Empty.IsNullO
00027e40: 7245 6d70 7479 0073 6574 5f50 726f 7065  rEmpty.set_Prope
00027e50: 7274 7900 5573 6553 6166 6541 7265 6150  rty.UseSafeAreaP
00027e60: 726f 7065 7274 7900 4e75 6d62 6572 4f66  roperty.NumberOf
00027e70: 5461 7073 5265 7175 6972 6564 5072 6f70  TapsRequiredProp
00027e80: 6572 7479 0049 7465 6d73 536f 7572 6365  erty.ItemsSource
00027e90: 5072 6f70 6572 7479 004c 696e 6542 7265  Property.LineBre
00027ea0: 616b 4d6f 6465 5072 6f70 6572 7479 0042  akModeProperty.B
00027eb0: 696e 6461 626c 6550 726f 7065 7274 7900  indableProperty.
00027ec0: 4973 5669 7369 626c 6550 726f 7065 7274  IsVisiblePropert
00027ed0: 7900 4765 7452 756e 7469 6d65 5072 6f70  y.GetRuntimeProp
00027ee0: 6572 7479 0046 6f6e 7453 697a 6550 726f  erty.FontSizePro
00027ef0: 7065 7274 7900 436f 6c75 6d6e 5370 6163  perty.ColumnSpac
00027f00: 696e 6750 726f 7065 7274 7900 526f 7753  ingProperty.RowS
00027f10: 7061 6369 6e67 5072 6f70 6572 7479 0050  pacingProperty.P
00027f20: 6164 6469 6e67 5072 6f70 6572 7479 0057  addingProperty.W
00027f30: 6964 7468 5072 6f70 6572 7479 0043 6f6c  idthProperty.Col
00027f40: 756d 6e53 7061 6e50 726f 7065 7274 7900  umnSpanProperty.
00027f50: 5072 6566 6572 7353 7461 7475 7342 6172  PrefersStatusBar
00027f60: 4869 6464 656e 5072 6f70 6572 7479 004d  HiddenProperty.M
00027f70: 6172 6769 6e50 726f 7065 7274 7900 436f  arginProperty.Co
00027f80: 6c75 6d6e 5072 6f70 6572 7479 004f 7269  lumnProperty.Ori
00027f90: 656e 7461 7469 6f6e 5072 6f70 6572 7479  entationProperty
00027fa0: 0048 6173 4261 636b 4275 7474 6f6e 5072  .HasBackButtonPr
00027fb0: 6f70 6572 7479 0048 6173 4e61 7669 6761  operty.HasNaviga
00027fc0: 7469 6f6e 4261 7250 726f 7065 7274 7900  tionBarProperty.
00027fd0: 4261 636b 6772 6f75 6e64 436f 6c6f 7250  BackgroundColorP
00027fe0: 726f 7065 7274 7900 426f 7264 6572 436f  roperty.BorderCo
00027ff0: 6c6f 7250 726f 7065 7274 7900 5465 7874  lorProperty.Text
00028000: 436f 6c6f 7250 726f 7065 7274 7900 466f  ColorProperty.Fo
00028010: 6e74 4174 7472 6962 7574 6573 5072 6f70  ntAttributesProp
00028020: 6572 7479 0054 6578 7444 6563 6f72 6174  erty.TextDecorat
00028030: 696f 6e73 5072 6f70 6572 7479 0043 6f6c  ionsProperty.Col
00028040: 756d 6e44 6566 696e 6974 696f 6e73 5072  umnDefinitionsPr
00028050: 6f70 6572 7479 0052 6f77 4465 6669 6e69  operty.RowDefini
00028060: 7469 6f6e 7350 726f 7065 7274 7900 5665  tionsProperty.Ve
00028070: 7274 6963 616c 4f70 7469 6f6e 7350 726f  rticalOptionsPro
00028080: 7065 7274 7900 486f 7269 7a6f 6e74 616c  perty.Horizontal
00028090: 4f70 7469 6f6e 7350 726f 7065 7274 7900  OptionsProperty.
000280a0: 5669 7375 616c 5374 6174 6547 726f 7570  VisualStateGroup
000280b0: 7350 726f 7065 7274 7900 436f 726e 6572  sProperty.Corner
000280c0: 5261 6469 7573 5072 6f70 6572 7479 0047  RadiusProperty.G
000280d0: 6574 5072 6f70 6572 7479 0048 6569 6768  etProperty.Heigh
000280e0: 7450 726f 7065 7274 7900 5665 7274 6963  tProperty.Vertic
000280f0: 616c 5465 7874 416c 6967 6e6d 656e 7450  alTextAlignmentP
00028100: 726f 7065 7274 7900 486f 7269 7a6f 6e74  roperty.Horizont
00028110: 616c 5465 7874 416c 6967 6e6d 656e 7450  alTextAlignmentP
00028120: 726f 7065 7274 7900 436f 6e74 656e 7450  roperty.ContentP
00028130: 726f 7065 7274 7900 5769 6474 6852 6571  roperty.WidthReq
00028140: 7565 7374 5072 6f70 6572 7479 0048 6569  uestProperty.Hei
00028150: 6768 7452 6571 7565 7374 5072 6f70 6572  ghtRequestProper
00028160: 7479 0054 6578 7450 726f 7065 7274 7900  ty.TextProperty.
00028170: 4269 6e64 696e 6743 6f6e 7465 7874 5072  BindingContextPr
00028180: 6f70 6572 7479 0052 6f77 5072 6f70 6572  operty.RowProper
00028190: 7479 0053 656c 6563 7465 6449 6e64 6578  ty.SelectedIndex
000281a0: 5072 6f70 6572 7479 0062 746e 4275 7900  Property.btnBuy.
000281b0: 0001 0031 6900 6300 6f00 6e00 7300 3800  ...1i.c.o.n.s.8.
000281c0: 5f00 7300 6800 6f00 7000 7000 6900 6e00  _.s.h.o.p.p.i.n.
000281d0: 6700 5f00 6300 6100 7200 7400 2e00 7000  g._.c.a.r.t...p.
000281e0: 6e00 6700 001f 6700 6100 7300 5f00 7300  n.g...g.a.s._.s.
000281f0: 7400 6100 7400 6900 6f00 6e00 2e00 7000  t.a.t.i.o.n...p.
00028200: 6e00 6700 0017 4e00 4200 5f00 7300 6500  n.g...N.B._.s.e.
00028210: 7400 7400 6900 6e00 6700 7300 005b 6900  t.t.i.n.g.s..[i.
00028220: 7400 6d00 7300 2d00 6100 7000 7000 7300  t.m.s.-.a.p.p.s.
00028230: 3a00 2f00 2f00 6900 7400 7500 6e00 6500  :././.i.t.u.n.e.
00028240: 7300 2e00 6100 7000 7000 6c00 6500 2e00  s...a.p.p.l.e...
00028250: 6300 6f00 6d00 2f00 6100 7000 7000 2f00  c.o.m./.a.p.p./.
00028260: 6900 6400 3100 3200 3500 3900 3900 3300  i.d.1.2.5.9.9.3.
00028270: 3300 3600 3200 3300 004d 6d00 6100 7200  3.6.2.3..Mm.a.r.
00028280: 6b00 6500 7400 3a00 2f00 2f00 6400 6500  k.e.t.:././.d.e.
00028290: 7400 6100 6900 6c00 7300 3f00 6900 6400  t.a.i.l.s.?.i.d.
000282a0: 3d00 6300 6f00 6d00 2e00 6f00 7600 7a00  =.c.o.m...o.v.z.
000282b0: 2e00 6300 6100 7200 7300 6300 6100 6e00  ..c.a.r.s.c.a.n.
000282c0: 6e00 6500 7200 006d 6800 7400 7400 7000  n.e.r..mh.t.t.p.
000282d0: 7300 3a00 2f00 2f00 6100 7000 7000 7300  s.:././.a.p.p.s.
000282e0: 2e00 7200 7500 7300 7400 6f00 7200 6500  ..r.u.s.t.o.r.e.
000282f0: 2e00 7200 7500 2f00 6100 7000 7000 2f00  ..r.u./.a.p.p./.
00028300: 6300 6f00 6d00 2e00 6f00 7600 7a00 2e00  c.o.m...o.v.z...
00028310: 6300 6100 7200 7300 6300 6100 6e00 6e00  c.a.r.s.c.a.n.n.
00028320: 6500 7200 2e00 7200 7500 7300 7400 6f00  e.r...r.u.s.t.o.
00028330: 7200 6500 0047 6800 7400 7400 7000 7300  r.e..Gh.t.t.p.s.
00028340: 3a00 2f00 2f00 7200 7500 2e00 6300 6100  :././.r.u...c.a.
00028350: 7200 7300 6300 6100 6e00 6e00 6500 7200  r.s.c.a.n.n.e.r.
00028360: 2e00 6900 6e00 6600 6f00 2f00 6900 6e00  ..i.n.f.o./.i.n.
00028370: 7300 7400 6100 6c00 6c00 2f00 0047 6800  s.t.a.l.l./..Gh.
00028380: 7400 7400 7000 7300 3a00 2f00 2f00 7700  t.t.p.s.:././.w.
00028390: 7700 7700 2e00 6300 6100 7200 7300 6300  w.w...c.a.r.s.c.
000283a0: 6100 6e00 6e00 6500 7200 2e00 6900 6e00  a.n.n.e.r...i.n.
000283b0: 6600 6f00 2f00 6700 6500 7400 2d00 6100  f.o./.g.e.t.-.a.
000283c0: 7000 6b00 0039 4e00 6100 7600 6900 6700  p.k..9N.a.v.i.g.
000283d0: 6100 7400 6900 6f00 6e00 4200 6100 7200  a.t.i.o.n.B.a.r.
000283e0: 4200 6100 6300 6b00 6700 7200 6f00 7500  B.a.c.k.g.r.o.u.
000283f0: 6e00 6400 4300 6f00 6c00 6f00 7200 0037  n.d.C.o.l.o.r..7
00028400: 4d00 6100 6900 6e00 5000 6100 6700 6500  M.a.i.n.P.a.g.e.
00028410: 5f00 5300 7400 6100 7400 7500 7300 4400  _.S.t.a.t.u.s.D.
00028420: 6900 7300 6300 6f00 6e00 6e00 6500 6300  i.s.c.o.n.n.e.c.
00028430: 7400 6500 6400 0019 5200 6500 6400 5400  t.e.d...R.e.d.T.
00028440: 6500 7800 7400 4300 6f00 6c00 6f00 7200  e.x.t.C.o.l.o.r.
00028450: 0033 4d00 6100 6900 6e00 5000 6100 6700  .3M.a.i.n.P.a.g.
00028460: 6500 5f00 5300 7400 6100 7400 7500 7300  e._.S.t.a.t.u.s.
00028470: 4300 6f00 6e00 6e00 6500 6300 7400 6900  C.o.n.n.e.c.t.i.
00028480: 6e00 6700 001f 5900 6500 6c00 6c00 6f00  n.g...Y.e.l.l.o.
00028490: 7700 5400 6500 7800 7400 4300 6f00 6c00  w.T.e.x.t.C.o.l.
000284a0: 6f00 7200 0031 4d00 6100 6900 6e00 5000  o.r..1M.a.i.n.P.
000284b0: 6100 6700 6500 5f00 5300 7400 6100 7400  a.g.e._.S.t.a.t.
000284c0: 7500 7300 4300 6f00 6e00 6e00 6500 6300  u.s.C.o.n.n.e.c.
000284d0: 7400 6500 6400 001d 4700 7200 6500 6500  t.e.d...G.r.e.e.
000284e0: 6e00 5400 6500 7800 7400 4300 6f00 6c00  n.T.e.x.t.C.o.l.
000284f0: 6f00 7200 003b 6900 6f00 7300 5f00 4300  o.r..;i.o.s._.C.
00028500: 6f00 6e00 6e00 6500 6300 7400 6900 6f00  o.n.n.e.c.t.i.o.
00028510: 6e00 4900 6e00 5000 7200 6f00 6700 7200  n.I.n.P.r.o.g.r.
00028520: 6500 7300 7300 5400 6900 7400 6c00 6500  e.s.s.T.i.t.l.e.
00028530: 0039 6900 6f00 7300 5f00 4300 6f00 6e00  .9i.o.s._.C.o.n.
00028540: 6e00 6500 6300 7400 6900 6f00 6e00 4900  n.e.c.t.i.o.n.I.
00028550: 6e00 5000 7200 6f00 6700 7200 6500 7300  n.P.r.o.g.r.e.s.
00028560: 7300 5400 6500 7800 7400 0005 4f00 4b00  s.T.e.x.t...O.K.
00028570: 0037 6900 6f00 7300 5f00 4300 6f00 6e00  .7i.o.s._.C.o.n.
00028580: 6e00 6500 6300 7400 6500 6400 5400 6f00  n.e.c.t.e.d.T.o.
00028590: 4500 6c00 6d00 4f00 6e00 6c00 7900 5400  E.l.m.O.n.l.y.T.
000285a0: 6900 7400 6c00 6500 0035 6900 6f00 7300  i.t.l.e..5i.o.s.
000285b0: 5f00 4300 6f00 6e00 6e00 6500 6300 7400  _.C.o.n.n.e.c.t.
000285c0: 6500 6400 5400 6f00 4500 6c00 6d00 4f00  e.d.T.o.E.l.m.O.
000285d0: 6e00 6c00 7900 5400 6500 7800 7400 0039  n.l.y.T.e.x.t..9
000285e0: 6900 6f00 7300 5f00 4400 6900 7300 6300  i.o.s._.D.i.s.c.
000285f0: 6f00 6e00 6e00 6500 6300 7400 6500 6400  o.n.n.e.c.t.e.d.
00028600: 4600 7200 6f00 6d00 4500 4c00 4d00 5400  F.r.o.m.E.L.M.T.
00028610: 6900 7400 6c00 6500 0037 6900 6f00 7300  i.t.l.e..7i.o.s.
00028620: 5f00 4400 6900 7300 6300 6f00 6e00 6e00  _.D.i.s.c.o.n.n.
00028630: 6500 6300 7400 6500 6400 4600 7200 6f00  e.c.t.e.d.F.r.o.
00028640: 6d00 4500 4c00 4d00 5400 6500 7800 7400  m.E.L.M.T.e.x.t.
00028650: 0033 5000 6100 6700 6500 7300 2f00 5300  .3P.a.g.e.s./.S.
00028660: 6900 6d00 7000 6c00 6500 4d00 6100 6900  i.m.p.l.e.M.a.i.
00028670: 6e00 5000 6100 6700 6500 2e00 7800 6100  n.P.a.g.e...x.a.
00028680: 6d00 6c00 0073 5000 6100 6700 6500 7300  m.l..sP.a.g.e.s.
00028690: 5c00 5300 6900 6d00 7000 6c00 6500 4d00  \.S.i.m.p.l.e.M.
000286a0: 6100 6900 6e00 5000 6100 6700 6500 2e00  a.i.n.P.a.g.e...
000286b0: 7800 6100 6d00 6c00 3b00 6100 7300 7300  x.a.m.l.;.a.s.s.
000286c0: 6500 6d00 6200 6c00 7900 3d00 4300 6100  e.m.b.l.y.=.C.a.
000286d0: 7200 5300 6300 6100 6e00 6e00 6500 7200  r.S.c.a.n.n.e.r.
000286e0: 5800 6100 6d00 6100 7200 6900 6e00 4600  X.a.m.a.r.i.n.F.
000286f0: 6f00 7200 6d00 7300 0009 7000 6100 6700  o.r.m.s...p.a.g.
00028700: 6500 0017 6300 6f00 6e00 7400 6500 6e00  e...c.o.n.t.e.n.
00028710: 7400 4700 7200 6900 6400 001f 6c00 6100  t.G.r.i.d...l.a.
00028720: 6200 6500 6c00 4e00 6500 7700 5600 6500  b.e.l.N.e.w.V.e.
00028730: 7200 7300 6900 6f00 6e00 000f 6300 6200  r.s.i.o.n...c.b.
00028740: 4500 4300 5500 4900 4400 0019 7400 6200  E.C.U.I.D...t.b.
00028750: 5000 6c00 6500 6100 7300 6500 5700 6100  P.l.e.a.s.e.W.a.
00028760: 6900 7400 001f 4d00 6100 6900 6e00 4200  i.t...M.a.i.n.B.
00028770: 7500 7400 7400 6f00 6e00 7300 4700 7200  u.t.t.o.n.s.G.r.
00028780: 6900 6400 001b 6100 6300 7400 6900 7600  i.d...a.c.t.i.v.
00028790: 6900 7400 7900 4600 7200 6100 6d00 6500  i.t.y.F.r.a.m.e.
000287a0: 002f 6300 6f00 6e00 6e00 6500 6300 7400  ./c.o.n.n.e.c.t.
000287b0: 6900 6f00 6e00 5000 7200 6f00 6700 7200  i.o.n.P.r.o.g.r.
000287c0: 6500 7300 7300 4600 7200 6100 6d00 6500  e.s.s.F.r.a.m.e.
000287d0: 000f 6700 7200 6900 6400 5600 4900 4e00  ..g.r.i.d.V.I.N.
000287e0: 000f 7400 6200 5000 7200 6f00 7400 6f00  ..t.b.P.r.o.t.o.
000287f0: 0019 7400 6200 5000 7200 6f00 7400 6f00  ..t.b.P.r.o.t.o.
00028800: 5600 6100 6c00 7500 6500 0027 6700 7200  V.a.l.u.e..'g.r.
00028810: 6900 6400 4200 6f00 7400 7400 6f00 6d00  i.d.B.o.t.t.o.m.
00028820: 4300 6f00 6e00 7400 6100 6900 6e00 6500  C.o.n.t.a.i.n.e.
00028830: 7200 0029 6700 7200 6900 6400 4300 6f00  r..)g.r.i.d.C.o.
00028840: 6e00 6e00 6500 6300 7400 6900 6f00 6e00  n.n.e.c.t.i.o.n.
00028850: 5300 7400 6100 7400 7500 7300 0017 7400  S.t.a.t.u.s...t.
00028860: 6200 4500 4c00 4d00 5300 7400 6100 7400  b.E.L.M.S.t.a.t.
00028870: 7500 7300 0017 7400 6200 4500 4300 5500  u.s...t.b.E.C.U.
00028880: 5300 7400 6100 7400 7500 7300 0011 7400  S.t.a.t.u.s...t.
00028890: 6200 4200 6100 6400 4500 4c00 4d00 0025  b.B.a.d.E.L.M..%
000288a0: 6700 7200 6900 6400 4300 6f00 6e00 6e00  g.r.i.d.C.o.n.n.
000288b0: 6500 6300 7400 4200 7500 7400 7400 6f00  e.c.t.B.u.t.t.o.
000288c0: 6e00 7300 0015 6200 7400 6e00 4300 6f00  n.s...b.t.n.C.o.
000288d0: 6e00 6e00 6500 6300 7400 0025 6200 7400  n.n.e.c.t..%b.t.
000288e0: 6e00 5300 7400 6100 7200 7400 5300 6900  n.S.t.a.r.t.S.i.
000288f0: 6d00 7500 6c00 6100 7400 6900 6f00 6e00  m.u.l.a.t.i.o.n.
00028900: 001b 6200 7400 6e00 4400 6900 7300 6300  ..b.t.n.D.i.s.c.
00028910: 6f00 6e00 6e00 6500 6300 7400 0023 6200  o.n.n.e.c.t..#b.
00028920: 7400 6e00 5300 7400 6f00 7000 5300 6900  t.n.S.t.o.p.S.i.
00028930: 6d00 7500 6c00 6100 7400 6900 6f00 6e00  m.u.l.a.t.i.o.n.
00028940: 0005 6100 6400 0045 4500 7800 6300 6c00  ..a.d..EE.x.c.l.
00028950: 7500 6400 6500 4900 6e00 6600 6900 6e00  u.d.e.I.n.f.i.n.
00028960: 6900 7400 7900 4600 7200 6f00 6d00 4400  i.t.y.F.r.o.m.D.
00028970: 6f00 7500 6200 6c00 6500 4300 6f00 6e00  o.u.b.l.e.C.o.n.
00028980: 7600 6500 7200 7400 6500 7200 002f 4200  v.e.r.t.e.r../B.
00028990: 6f00 6f00 6c00 5400 6f00 4e00 6500 6700  o.o.l.T.o.N.e.g.
000289a0: 6100 7400 6900 7600 6500 4300 6f00 6e00  a.t.i.v.e.C.o.n.
000289b0: 7600 6500 7200 7400 6500 7200 0037 4500  v.e.r.t.e.r..7E.
000289c0: 6d00 7000 7400 7900 5300 7400 7200 6900  m.p.t.y.S.t.r.i.
000289d0: 6e00 6700 5400 6f00 4600 6100 6c00 7300  n.g.T.o.F.a.l.s.
000289e0: 6500 4300 6f00 6e00 7600 6500 7200 7400  e.C.o.n.v.e.r.t.
000289f0: 6500 7200 0047 4f00 4200 4400 5200 6500  e.r..GO.B.D.R.e.
00028a00: 6100 6400 6500 7200 4300 6f00 6e00 6e00  a.d.e.r.C.o.n.n.
00028a10: 6500 6300 7400 6500 6400 5400 6f00 4500  e.c.t.e.d.T.o.E.
00028a20: 4300 5500 5300 7400 6100 7400 7500 7300  C.U.S.t.a.t.u.s.
00028a30: 5400 6f00 5400 7200 7500 6500 0037 4d00  T.o.T.r.u.e..7M.
00028a40: 7500 6c00 7400 6900 4200 6f00 6f00 6c00  u.l.t.i.B.o.o.l.
00028a50: 6500 6100 6e00 5400 6f00 5400 7200 7500  e.a.n.T.o.T.r.u.
00028a60: 6500 4300 6f00 6e00 7600 6500 7200 7400  e.C.o.n.v.e.r.t.
00028a70: 6500 7200 001f 4200 6100 6300 6b00 6700  e.r...B.a.c.k.g.
00028a80: 7200 6f00 7500 6e00 6400 4300 6f00 6c00  r.o.u.n.d.C.o.l.
00028a90: 6f00 7200 004b 6800 7400 7400 7000 3a00  o.r..Kh.t.t.p.:.
00028aa0: 2f00 2f00 7800 6100 6d00 6100 7200 6900  /./.x.a.m.a.r.i.
00028ab0: 6e00 2e00 6300 6f00 6d00 2f00 7300 6300  n...c.o.m./.s.c.
00028ac0: 6800 6500 6d00 6100 7300 2f00 3200 3000  h.e.m.a.s./.2.0.
00028ad0: 3100 3400 2f00 6600 6f00 7200 6d00 7300  1.4./.f.o.r.m.s.
00028ae0: 0003 7800 0059 6800 7400 7400 7000 3a00  ..x..Yh.t.t.p.:.
00028af0: 2f00 2f00 7300 6300 6800 6500 6d00 6100  /./.s.c.h.e.m.a.
00028b00: 7300 2e00 6d00 6900 6300 7200 6f00 7300  s...m.i.c.r.o.s.
00028b10: 6f00 6600 7400 2e00 6300 6f00 6d00 2f00  o.f.t...c.o.m./.
00028b20: 7700 6900 6e00 6600 7800 2f00 3200 3000  w.i.n.f.x./.2.0.
00028b30: 3000 3900 2f00 7800 6100 6d00 6c00 0015  0.9./.x.a.m.l...
00028b40: 6300 6f00 6e00 7600 6500 7200 7400 6500  c.o.n.v.e.r.t.e.
00028b50: 7200 7300 0075 6300 6c00 7200 2d00 6e00  r.s..uc.l.r.-.n.
00028b60: 6100 6d00 6500 7300 7000 6100 6300 6500  a.m.e.s.p.a.c.e.
00028b70: 3a00 4300 6100 7200 5300 6300 6100 6e00  :.C.a.r.S.c.a.n.
00028b80: 6e00 6500 7200 5800 6100 6d00 6100 7200  n.e.r.X.a.m.a.r.
00028b90: 6900 6e00 4600 6f00 7200 6d00 7300 2e00  i.n.F.o.r.m.s...
00028ba0: 4300 6f00 6d00 6d00 6f00 6e00 2e00 5800  C.o.m.m.o.n...X.
00028bb0: 4100 4d00 4c00 4300 6f00 6e00 7600 6500  A.M.L.C.o.n.v.e.
00028bc0: 7200 7400 6500 7200 7300 0007 6900 6f00  r.t.e.r.s...i.o.
00028bd0: 7300 0080 b363 006c 0072 002d 006e 0061  s....c.l.r.-.n.a
00028be0: 006d 0065 0073 0070 0061 0063 0065 003a  .m.e.s.p.a.c.e.:
00028bf0: 0058 0061 006d 0061 0072 0069 006e 002e  .X.a.m.a.r.i.n..
00028c00: 0046 006f 0072 006d 0073 002e 0050 006c  .F.o.r.m.s...P.l
00028c10: 0061 0074 0066 006f 0072 006d 0043 006f  .a.t.f.o.r.m.C.o
00028c20: 006e 0066 0069 0067 0075 0072 0061 0074  .n.f.i.g.u.r.a.t
00028c30: 0069 006f 006e 002e 0069 004f 0053 0053  .i.o.n...i.O.S.S
00028c40: 0070 0065 0063 0069 0066 0069 0063 003b  .p.e.c.i.f.i.c.;
00028c50: 0061 0073 0073 0065 006d 0062 006c 0079  .a.s.s.e.m.b.l.y
00028c60: 003d 0058 0061 006d 0061 0072 0069 006e  .=.X.a.m.a.r.i.n
00028c70: 002e 0046 006f 0072 006d 0073 002e 0043  ...F.o.r.m.s...C
00028c80: 006f 0072 0065 0000 0b6c 006f 0063 0061  .o.r.e...l.o.c.a
00028c90: 006c 0000 4963 006c 0072 002d 006e 0061  .l..Ic.l.r.-.n.a
00028ca0: 006d 0065 0073 0070 0061 0063 0065 003a  .m.e.s.p.a.c.e.:
00028cb0: 0043 0061 0072 0053 0063 0061 006e 006e  .C.a.r.S.c.a.n.n
00028cc0: 0065 0072 0058 0061 006d 0061 0072 0069  .e.r.X.a.m.a.r.i
00028cd0: 006e 0046 006f 0072 006d 0073 0000 096f  .n.F.o.r.m.s...o
00028ce0: 0062 0064 0032 0000 5363 006c 0072 002d  .b.d.2..Sc.l.r.-
00028cf0: 006e 0061 006d 0065 0073 0070 0061 0063  .n.a.m.e.s.p.a.c
00028d00: 0065 003a 0043 0061 0072 0053 0063 0061  .e.:.C.a.r.S.c.a
00028d10: 006e 006e 0065 0072 0058 0061 006d 0061  .n.n.e.r.X.a.m.a
00028d20: 0072 0069 006e 0046 006f 0072 006d 0073  .r.i.n.F.o.r.m.s
00028d30: 002e 004f 0042 0044 0032 0000 1173 0065  ...O.B.D.2...s.e
00028d40: 0074 0074 0069 006e 0067 0073 0000 5b63  .t.t.i.n.g.s..[c
00028d50: 006c 0072 002d 006e 0061 006d 0065 0073  .l.r.-.n.a.m.e.s
00028d60: 0070 0061 0063 0065 003a 0043 0061 0072  .p.a.c.e.:.C.a.r
00028d70: 0053 0063 0061 006e 006e 0065 0072 0058  .S.c.a.n.n.e.r.X
00028d80: 0061 006d 0061 0072 0069 006e 0046 006f  .a.m.a.r.i.n.F.o
00028d90: 0072 006d 0073 002e 0053 0065 0074 0074  .r.m.s...S.e.t.t
00028da0: 0069 006e 0067 0073 0000 0575 0063 0000  .i.n.g.s...u.c..
00028db0: 6363 006c 0072 002d 006e 0061 006d 0065  cc.l.r.-.n.a.m.e
00028dc0: 0073 0070 0061 0063 0065 003a 0043 0061  .s.p.a.c.e.:.C.a
00028dd0: 0072 0053 0063 0061 006e 006e 0065 0072  .r.S.c.a.n.n.e.r
00028de0: 0058 0061 006d 0061 0072 0069 006e 0046  .X.a.m.a.r.i.n.F
00028df0: 006f 0072 006d 0073 002e 0055 0073 0065  .o.r.m.s...U.s.e
00028e00: 0072 0043 006f 006e 0074 0072 006f 006c  .r.C.o.n.t.r.o.l
00028e10: 0073 0000 0576 006d 0000 5f63 006c 0072  .s...v.m.._c.l.r
00028e20: 002d 006e 0061 006d 0065 0073 0070 0061  .-.n.a.m.e.s.p.a
00028e30: 0063 0065 003a 0043 0061 0072 0053 0063  .c.e.:.C.a.r.S.c
00028e40: 0061 006e 006e 0065 0072 0058 0061 006d  .a.n.n.e.r.X.a.m
00028e50: 0061 0072 0069 006e 0046 006f 0072 006d  .a.r.i.n.F.o.r.m
00028e60: 0073 002e 0056 0069 0065 0077 004d 006f  .s...V.i.e.w.M.o
00028e70: 0064 0065 006c 0073 0000 032a 0000 0961  .d.e.l.s...*...a
00028e80: 0075 0074 006f 0000 1d42 0061 0073 0065  .u.t.o...B.a.s.e
00028e90: 0046 006f 006e 0074 0053 0069 007a 0065  .F.o.n.t.S.i.z.e
00028ea0: 002b 002b 0000 0d43 0065 006e 0074 0065  .+.+...C.e.n.t.e
00028eb0: 0072 0000 0b46 0061 006c 0073 0065 0000  .r...F.a.l.s.e..
00028ec0: 316d 0061 0069 006e 005f 004e 0065 0077  1m.a.i.n._.N.e.w
00028ed0: 0056 0065 0072 0073 0069 006f 006e 0041  .V.e.r.s.i.o.n.A
00028ee0: 0076 0061 0069 006c 0061 0062 006c 0065  .v.a.i.l.a.b.l.e
00028ef0: 0000 1355 006e 0064 0065 0072 006c 0069  ...U.n.d.e.r.l.i
00028f00: 006e 0065 0000 2545 0043 0055 0053 0065  .n.e..%E.C.U.S.e
00028f10: 006c 0065 0063 0074 006f 0072 0056 0069  .l.e.c.t.o.r.V.i
00028f20: 0073 0069 0062 006c 0065 0000 1946 0072  .s.i.b.l.e...F.r
00028f30: 0069 0065 006e 0064 006c 0079 004e 0061  .i.e.n.d.l.y.N.a
00028f40: 006d 0065 0000 1545 0043 0055 0048 0065  .m.e...E.C.U.H.e
00028f50: 0061 0064 0065 0072 0073 0000 1753 0065  .a.d.e.r.s...S.e
00028f60: 006c 0065 0063 0074 0065 0064 0045 0043  .l.e.c.t.e.d.E.C
00028f70: 0055 0000 1354 0065 0078 0074 0043 006f  .U...T.e.x.t.C.o
00028f80: 006c 006f 0072 0000 0942 006f 006c 0064  .l.o.r...B.o.l.d
00028f90: 0000 0b66 0061 006c 0073 0065 0000 354d  ...f.a.l.s.e..5M
00028fa0: 0061 0069 006e 0050 0061 0067 0065 005f  .a.i.n.P.a.g.e._
00028fb0: 0074 0062 0050 006c 0065 0061 0073 0065  .t.b.P.l.e.a.s.e
00028fc0: 0057 0061 0069 0074 002e 0054 0065 0078  .W.a.i.t...T.e.x
00028fd0: 0074 0000 1942 0061 0073 0065 0046 006f  .t...B.a.s.e.F.o
00028fe0: 006e 0074 0053 0069 007a 0065 0000 0b53  .n.t.S.i.z.e...S
00028ff0: 0074 0061 0072 0074 0000 3d43 0061 0072  .t.a.r.t..=C.a.r
00029000: 0049 006e 0066 006f 0050 0061 0067 0065  .I.n.f.o.P.a.g.e
00029010: 005f 0074 0062 004f 0042 0044 0050 0072  ._.t.b.O.B.D.P.r
00029020: 006f 0074 006f 0063 006f 006c 002e 0054  .o.t.o.c.o.l...T
00029030: 0065 0078 0074 0000 0745 006e 0064 0000  .e.x.t...E.n.d..
00029040: 174f 0042 0044 0050 0072 006f 0074 006f  .O.B.D.P.r.o.t.o
00029050: 0063 006f 006c 0000 1d49 0073 0056 0049  .c.o.l...I.s.V.I
00029060: 004e 0041 0076 0061 0069 006c 0061 0062  .N.A.v.a.i.l.a.b
00029070: 006c 0065 0000 0956 0049 004e 003a 0000  .l.e...V.I.N.:..
00029080: 0756 0049 004e 0000 2549 0073 0045 0043  .V.I.N..%I.s.E.C
00029090: 0055 004e 0061 006d 0065 0041 0076 0061  .U.N.a.m.e.A.v.a
000290a0: 0069 006c 0061 0062 006c 0065 0000 3543  .i.l.a.b.l.e..5C
000290b0: 0061 0072 0049 006e 0066 006f 0050 0061  .a.r.I.n.f.o.P.a
000290c0: 0067 0065 005f 0074 0062 0045 0043 0055  .g.e._.t.b.E.C.U
000290d0: 004e 0061 006d 0065 002e 0054 0065 0078  .N.a.m.e...T.e.x
000290e0: 0074 0000 0f45 0043 0055 004e 0061 006d  .t...E.C.U.N.a.m
000290f0: 0065 0000 3149 0073 0043 0061 006c 0069  .e..1I.s.C.a.l.i
00029100: 0062 0072 0061 0074 0069 006f 006e 0049  .b.r.a.t.i.o.n.I
00029110: 0064 0041 0076 0061 0069 006c 0061 0062  .d.A.v.a.i.l.a.b
00029120: 006c 0065 0000 4143 0061 0072 0049 006e  .l.e..AC.a.r.I.n
00029130: 0066 006f 0050 0061 0067 0065 005f 0074  .f.o.P.a.g.e._.t
00029140: 0062 0043 0061 006c 0069 0062 0072 0061  .b.C.a.l.i.b.r.a
00029150: 0074 0069 006f 006e 0049 0064 002e 0054  .t.i.o.n.I.d...T
00029160: 0065 0078 0074 0000 1b43 0061 006c 0069  .e.x.t...C.a.l.i
00029170: 0062 0072 0061 0074 0069 006f 006e 0049  .b.r.a.t.i.o.n.I
00029180: 0064 0000 394d 0061 0069 006e 0050 0061  .d..9M.a.i.n.P.a
00029190: 0067 0065 005f 0045 004c 004d 005f 0043  .g.e._.E.L.M._.C
000291a0: 006f 006e 006e 0065 0063 0074 0069 006f  .o.n.n.e.c.t.i.o
000291b0: 006e 002e 0054 0065 0078 0074 0000 394d  .n...T.e.x.t..9M
000291c0: 0061 0069 006e 0050 0061 0067 0065 005f  .a.i.n.P.a.g.e._
000291d0: 0045 0043 0055 005f 0043 006f 006e 006e  .E.C.U._.C.o.n.n
000291e0: 0065 0063 0074 0069 006f 006e 002e 0054  .e.c.t.i.o.n...T
000291f0: 0065 0078 0074 0000 1b74 0062 0042 0061  .e.x.t...t.b.B.a
00029200: 0064 0045 004c 004d 002e 0054 0065 0078  .d.E.L.M...T.e.x
00029210: 0074 0000 1343 006f 006e 0076 0065 0072  .t...C.o.n.v.e.r
00029220: 0074 0065 0072 0000 2353 0068 006f 0077  .t.e.r..#S.h.o.w
00029230: 0042 0061 0064 0045 004c 004d 0057 0061  .B.a.d.E.L.M.W.a
00029240: 0072 006e 0069 006e 0067 0000 0d42 0061  .r.n.i.n.g...B.a
00029250: 0064 0045 004c 004d 0000 0930 002e 0037  .d.E.L.M...0...7
00029260: 002a 0000 0930 002e 0033 002a 0000 2142  .*...0...3.*..!B
00029270: 0075 0074 0074 006f 006e 0047 0072 0065  .u.t.t.o.n.G.r.e
00029280: 0065 006e 0043 006f 006c 006f 0072 0000  .e.n.C.o.l.o.r..
00029290: 0974 0072 0075 0065 0000 334d 0061 0069  .t.r.u.e..3M.a.i
000292a0: 006e 0050 0061 0067 0065 005f 0054 0069  .n.P.a.g.e._.T.i
000292b0: 006c 0065 0043 006f 006e 006e 0065 0063  .l.e.C.o.n.n.e.c
000292c0: 0074 002e 0054 0065 0078 0074 0000 3369  .t...T.e.x.t..3i
000292d0: 006f 0073 005f 0043 006f 006e 006e 0065  .o.s._.C.o.n.n.e
000292e0: 0063 0074 0050 0061 0067 0065 005f 0053  .c.t.P.a.g.e._.S
000292f0: 0074 0061 0072 0074 0044 0065 006d 006f  .t.a.r.t.D.e.m.o
00029300: 0000 1d42 0075 0074 0074 006f 006e 0052  ...B.u.t.t.o.n.R
00029310: 0065 0064 0043 006f 006c 006f 0072 0000  .e.d.C.o.l.o.r..
00029320: 394d 0061 0069 006e 0050 0061 0067 0065  9M.a.i.n.P.a.g.e
00029330: 005f 0054 0069 006c 0065 0044 0069 0073  ._.T.i.l.e.D.i.s
00029340: 0063 006f 006e 006e 0065 0063 0074 002e  .c.o.n.n.e.c.t..
00029350: 0054 0065 0078 0074 0000 3169 006f 0073  .T.e.x.t..1i.o.s
00029360: 005f 0043 006f 006e 006e 0065 0063 0074  ._.C.o.n.n.e.c.t
00029370: 0050 0061 0067 0065 005f 0053 0074 006f  .P.a.g.e._.S.t.o
00029380: 0070 0044 0065 006d 006f 0000 0954 0072  .p.D.e.m.o...T.r
00029390: 0075 0065 0000 0d31 002e 0039 0035 002e  .u.e...1...9.5..
000293a0: 0031 0000 4f4d 0061 0069 006e 0050 0061  .1..OM.a.i.n.P.a
000293b0: 0067 0065 005f 0043 006f 006e 006e 0065  .g.e._.C.o.n.n.e
000293c0: 0063 0074 0069 006f 006e 0054 0072 006f  .c.t.i.o.n.T.r.o
000293d0: 0075 0062 006c 0065 0073 0068 006f 006f  .u.b.l.e.s.h.o.o
000293e0: 0074 0069 006e 0067 0054 0069 0074 006c  .t.i.n.g.T.i.t.l
000293f0: 0065 0000 574d 0061 0069 006e 0050 0061  .e..WM.a.i.n.P.a
00029400: 0067 0065 005f 0043 006f 006e 006e 0065  .g.e._.C.o.n.n.e
00029410: 0063 0074 0069 006f 006e 0054 0072 006f  .c.t.i.o.n.T.r.o
00029420: 0075 0062 006c 0065 0073 0068 006f 006f  .u.b.l.e.s.h.o.o
00029430: 0074 0069 006e 0067 0054 0065 0078 0074  .t.i.n.g.T.e.x.t
00029440: 004e 006f 0045 0043 0055 0000 2362 0074  .N.o.E.C.U..#b.t
00029450: 006e 0043 0061 006e 0063 0065 006c 002e  .n.C.a.n.c.e.l..
00029460: 0043 006f 006e 0074 0065 006e 0074 0000  .C.o.n.t.e.n.t..
00029470: 574d 0061 0069 006e 0050 0061 0067 0065  WM.a.i.n.P.a.g.e
00029480: 005f 0043 006f 006e 006e 0065 0063 0074  ._.C.o.n.n.e.c.t
00029490: 0069 006f 006e 0054 0072 006f 0075 0062  .i.o.n.T.r.o.u.b
000294a0: 006c 0065 0073 0068 006f 006f 0074 0069  .l.e.s.h.o.o.t.i
000294b0: 006e 0067 0054 0065 0078 0074 004e 006f  .n.g.T.e.x.t.N.o
000294c0: 0045 004c 004d 0000 1969 006f 0073 0031  .E.L.M...i.o.s.1
000294d0: 0034 0057 0061 0072 006e 0069 006e 0067  .4.W.a.r.n.i.n.g
000294e0: 0000 030a 0000 2169 006f 0073 0031 0034  ......!i.o.s.1.4
000294f0: 0057 0061 0072 006e 0069 006e 0067 0057  .W.a.r.n.i.n.g.W
00029500: 0069 0046 0069 0000 2b69 006f 0073 0031  .i.F.i..+i.o.s.1
00029510: 0034 0057 0061 0072 006e 0069 006e 0067  .4.W.a.r.n.i.n.g
00029520: 0042 006c 0075 0065 0074 006f 006f 0074  .B.l.u.e.t.o.o.t
00029530: 0068 0000 2f69 006f 0073 005f 0057 0069  .h../i.o.s._.W.i
00029540: 0046 0069 0054 0072 006f 0075 0062 006c  .F.i.T.r.o.u.b.l
00029550: 0065 0073 0068 006f 006f 0074 0069 006e  .e.s.h.o.o.t.i.n
00029560: 0067 0000 6b68 0074 0074 0070 0073 003a  .g..kh.t.t.p.s.:
00029570: 002f 002f 0077 0077 0077 002e 0063 0061  ././.w.w.w...c.a
00029580: 0072 0073 0063 0061 006e 006e 0065 0072  .r.s.c.a.n.n.e.r
00029590: 002e 0069 006e 0066 006f 002f 0069 006f  ...i.n.f.o./.i.o
000295a0: 0073 002d 0077 0069 0066 0069 002d 0074  .s.-.w.i.f.i.-.t
000295b0: 0072 006f 0075 0062 006c 0065 0073 0068  .r.o.u.b.l.e.s.h
000295c0: 006f 006f 0074 0069 006e 0067 002f 0000  .o.o.t.i.n.g./..
000295d0: 6d68 0074 0074 0070 0073 003a 002f 002f  mh.t.t.p.s.:././
000295e0: 0077 0077 0077 002e 0063 0061 0072 0073  .w.w.w...c.a.r.s
000295f0: 0063 0061 006e 006e 0065 0072 002e 0069  .c.a.n.n.e.r...i
00029600: 006e 0066 006f 002f 0062 006c 0075 0065  .n.f.o./.b.l.u.e
00029610: 0074 006f 006f 0074 0068 002d 0074 0072  .t.o.o.t.h.-.t.r
00029620: 006f 0075 0062 006c 0065 0073 0068 006f  .o.u.b.l.e.s.h.o
00029630: 006f 0074 0069 006e 0067 002f 0000 0d4e  .o.t.i.n.g./...N
00029640: 0069 0073 0073 0061 006e 0000 1149 006e  .i.s.s.a.n...I.n
00029650: 0066 0069 006e 0069 0074 0069 0000 234e  .f.i.n.i.t.i..#N
00029660: 0069 0073 0073 0061 006e 0020 0043 006f  .i.s.s.a.n. .C.o
00029670: 006e 0073 0075 006c 0074 0020 0049 0049  .n.s.u.l.t. .I.I
00029680: 0000 2f4d 0061 0069 006e 0050 0061 0067  ../M.a.i.n.P.a.g
00029690: 0065 005f 004e 0069 0073 0073 0061 006e  .e._.N.i.s.s.a.n
000296a0: 0044 0065 0074 0065 0063 0074 0065 0064  .D.e.t.e.c.t.e.d
000296b0: 0000 0743 0041 004e 0000 3144 0074 0063  ...C.A.N..1D.t.c
000296c0: 0050 0061 0067 0065 005f 0043 006c 0065  .P.a.g.e._.C.l.e
000296d0: 0061 006e 0043 006f 0064 0065 0073 005f  .a.n.C.o.d.e.s._
000296e0: 0054 0069 0074 006c 0065 0000 2569 006f  .T.i.t.l.e..%i.o
000296f0: 0073 005f 0043 0061 006e 0057 0061 0072  .s._.C.a.n.W.a.r
00029700: 006e 0069 006e 0067 0054 0065 0078 0074  .n.i.n.g.T.e.x.t
00029710: 0000 3169 006f 0073 005f 0043 0041 004e  ..1i.o.s._.C.A.N
00029720: 004f 0070 0074 0069 006d 0069 007a 0061  .O.p.t.i.m.i.z.a
00029730: 0074 0069 006f 006e 0054 0069 0074 006c  .t.i.o.n.T.i.t.l
00029740: 0065 0000 2f69 006f 0073 005f 0043 0041  .e../i.o.s._.C.A
00029750: 004e 004f 0070 0074 0069 006d 0069 007a  .N.O.p.t.i.m.i.z
00029760: 0061 0074 0069 006f 006e 0054 0065 0078  .a.t.i.o.n.T.e.x
00029770: 0074 0000 0f69 006f 0073 005f 0059 0065  .t...i.o.s._.Y.e
00029780: 0073 0000 0d69 006f 0073 005f 004e 006f  .s...i.o.s._.N.o
00029790: 0000 2f69 006f 0073 005f 0052 0050 004d  ../i.o.s._.R.P.M
000297a0: 0046 0069 0078 0057 0061 0072 006e 0069  .F.i.x.W.a.r.n.i
000297b0: 006e 0067 005f 0054 0069 0074 006c 0065  .n.g._.T.i.t.l.e
000297c0: 0000 2d69 006f 0073 005f 0052 0050 004d  ..-i.o.s._.R.P.M
000297d0: 0046 0069 0078 0057 0061 0072 006e 0069  .F.i.x.W.a.r.n.i
000297e0: 006e 0067 005f 0054 0065 0078 0074 0000  .n.g._.T.e.x.t..
000297f0: 2769 006f 0073 005f 0043 006f 006e 006e  'i.o.s._.C.o.n.n
00029800: 0065 0063 0074 0069 006e 0067 0054 006f  .e.c.t.i.n.g.T.o
00029810: 0045 004c 004d 0000 050d 000a 0000 1569  .E.L.M.........i
00029820: 006f 0073 005f 004e 006f 0057 0069 0046  .o.s._.N.o.W.i.F
00029830: 0069 0000 110d 000a 0057 0069 0046 0069  .i.......W.i.F.i
00029840: 003a 0020 0000 2f64 0072 006f 0069 0064  .:. ../d.r.o.i.d
00029850: 005f 0044 0069 0073 0061 0062 006c 0065  ._.D.i.s.a.b.l.e
00029860: 004d 006f 0062 0069 006c 0065 0044 0061  .M.o.b.i.l.e.D.a
00029870: 0074 0061 0000 1b0d 000a 0042 006c 0075  .t.a.......B.l.u
00029880: 0065 0074 006f 006f 0074 0068 003a 0020  .e.t.o.o.t.h.:. 
00029890: 0000 0320 0000 0325 0000 1564 0072 006f  ... ...%...d.r.o
000298a0: 0069 0064 005f 0045 0078 0069 0074 0000  .i.d._.E.x.i.t..
000298b0: 2d69 006f 0073 005f 0041 0073 006b 0046  -i.o.s._.A.s.k.F
000298c0: 006f 0072 0052 0061 0074 0069 006e 0067  .o.r.R.a.t.i.n.g
000298d0: 005f 0054 0069 0074 006c 0065 0000 2169  ._.T.i.t.l.e..!i
000298e0: 006f 0073 005f 0041 0062 006f 0075 0074  .o.s._.A.b.o.u.t
000298f0: 0052 0061 0074 0069 006e 0067 0073 0000  .R.a.t.i.n.g.s..
00029900: 1369 006f 0073 005f 004c 0061 0074 0065  .i.o.s._.L.a.t.e
00029910: 0072 0000 2f69 006f 0073 005f 004e 006f  .r../i.o.s._.N.o
00029920: 0057 0069 0046 0069 0057 0061 0072 006e  .W.i.F.i.W.a.r.n
00029930: 0069 006e 0067 005f 0054 0069 0074 006c  .i.n.g._.T.i.t.l
00029940: 0065 0000 2d69 006f 0073 005f 004e 006f  .e..-i.o.s._.N.o
00029950: 0057 0069 0046 0069 0057 0061 0072 006e  .W.i.F.i.W.a.r.n
00029960: 0069 006e 0067 005f 0054 0065 0078 0074  .i.n.g._.T.e.x.t
00029970: 0000 3769 006f 0073 005f 0043 006f 006e  ..7i.o.s._.C.o.n
00029980: 006e 0065 0063 0074 0069 006e 0067 0054  .n.e.c.t.i.n.g.T
00029990: 006f 0057 0069 0046 0069 004e 0065 0074  .o.W.i.F.i.N.e.t
000299a0: 0077 006f 0072 006b 0000 1d3c 0075 006e  .w.o.r.k...<.u.n
000299b0: 006b 006e 006f 0077 006e 0020 0073 0073  .k.n.o.w.n. .s.s
000299c0: 0069 0064 003e 0000 2d69 006f 0073 005f  .i.d.>..-i.o.s._
000299d0: 0043 0068 0061 006e 0067 0065 0057 0069  .C.h.a.n.g.e.W.i
000299e0: 0046 0069 0051 0075 0065 0073 0074 0069  .F.i.Q.u.e.s.t.i
000299f0: 006f 006e 0000 2369 006f 0073 005f 0043  .o.n..#i.o.s._.C
00029a00: 0068 0061 006e 0067 0065 0057 0069 0046  .h.a.n.g.e.W.i.F
00029a10: 0069 0059 0065 0073 0000 2169 006f 0073  .i.Y.e.s..!i.o.s
00029a20: 005f 0043 0068 0061 006e 0067 0065 0057  ._.C.h.a.n.g.e.W
00029a30: 0069 0046 0069 004e 006f 0000 076f 0062  .i.F.i.N.o...o.b
00029a40: 0064 0000 0b76 006c 0069 006e 006b 0000  .d...v.l.i.n.k..
00029a50: 0b76 0067 0061 0074 0065 0000 0d76 002d  .v.g.a.t.e...v.-
00029a60: 006c 0069 006e 006b 0000 0f6b 006f 006e  .l.i.n.k...k.o.n
00029a70: 006e 0077 0065 0069 0000 0f6e 0065 0078  .n.w.e.i...n.e.x
00029a80: 0070 0065 0061 006b 0000 1173 0063 0061  .p.e.a.k...s.c.a
00029a90: 006e 0074 006f 006f 006c 0000 0765 006c  .n.t.o.o.l...e.l
00029aa0: 006d 0000 0d76 0069 0065 0063 0061 0072  .m...v.i.e.c.a.r
00029ab0: 0000 0b63 0061 0072 006c 0079 0000 116f  ...c.a.r.l.y...o
00029ac0: 0062 0064 0063 006c 0069 0063 006b 0000  .b.d.c.l.i.c.k..
00029ad0: 096b 0069 0077 0069 0000 0b61 006e 0063  .k.i.w.i...a.n.c
00029ae0: 0065 006c 0000 2169 006f 0073 005f 0057  .e.l..!i.o.s._.W
00029af0: 0072 006f 006e 0067 004e 0065 0074 0077  .r.o.n.g.N.e.t.w
00029b00: 006f 0072 006b 0000 1557 0069 0046 0069  .o.r.k...W.i.F.i
00029b10: 005f 004f 0042 0044 0049 0049 0000 3d69  ._.O.B.D.I.I..=i
00029b20: 006f 0073 005f 004e 006f 0042 0054 004c  .o.s._.N.o.B.T.L
00029b30: 0045 005f 0044 0065 0076 0069 0063 0065  .E._.D.e.v.i.c.e
00029b40: 0053 0065 006c 0065 0063 0074 0065 0064  .S.e.l.e.c.t.e.d
00029b50: 0054 0069 0074 006c 0065 0000 3b69 006f  .T.i.t.l.e..;i.o
00029b60: 0073 005f 004e 006f 0042 0054 004c 0045  .s._.N.o.B.T.L.E
00029b70: 005f 0044 0065 0076 0069 0063 0065 0053  ._.D.e.v.i.c.e.S
00029b80: 0065 006c 0065 0063 0074 0065 0064 0054  .e.l.e.c.t.e.d.T
00029b90: 0065 0078 0074 0000 3969 006f 0073 005f  .e.x.t..9i.o.s._
00029ba0: 004e 006f 0042 0054 005f 0044 0065 0076  .N.o.B.T._.D.e.v
00029bb0: 0069 0063 0065 0053 0065 006c 0065 0063  .i.c.e.S.e.l.e.c
00029bc0: 0074 0065 0064 0054 0069 0074 006c 0065  .t.e.d.T.i.t.l.e
00029bd0: 0000 3769 006f 0073 005f 004e 006f 0042  ..7i.o.s._.N.o.B
00029be0: 0054 005f 0044 0065 0076 0069 0063 0065  .T._.D.e.v.i.c.e
00029bf0: 0053 0065 006c 0065 0063 0074 0065 0064  .S.e.l.e.c.t.e.d
00029c00: 0054 0065 0078 0074 0000 3d69 006f 0073  .T.e.x.t..=i.o.s
00029c10: 005f 004e 006f 0042 006c 0075 0065 0074  ._.N.o.B.l.u.e.t
00029c20: 006f 006f 0074 0068 0050 0065 0072 006d  .o.o.t.h.P.e.r.m
00029c30: 0069 0073 0073 0069 006f 006e 0054 0069  .i.s.s.i.o.n.T.i
00029c40: 0074 006c 0065 0000 3b69 006f 0073 005f  .t.l.e..;i.o.s._
00029c50: 004e 006f 0042 006c 0075 0065 0074 006f  .N.o.B.l.u.e.t.o
00029c60: 006f 0074 0068 0050 0065 0072 006d 0069  .o.t.h.P.e.r.m.i
00029c70: 0073 0073 0069 006f 006e 0054 0065 0078  .s.s.i.o.n.T.e.x
00029c80: 0074 0000 3164 0072 006f 0069 0064 005f  .t..1d.r.o.i.d._
00029c90: 0054 0075 0072 006e 0069 006e 0067 004f  .T.u.r.n.i.n.g.O
00029ca0: 006e 0042 006c 0075 0065 0074 006f 006f  .n.B.l.u.e.t.o.o
00029cb0: 0074 0068 0000 033a 0000 2769 006f 0073  .t.h...:..'i.o.s
00029cc0: 005f 0043 006f 006e 006e 0065 0063 0074  ._.C.o.n.n.e.c.t
00029cd0: 0069 006e 0067 0054 006f 0045 0043 0055  .i.n.g.T.o.E.C.U
00029ce0: 0000 3b70 0072 006f 0066 0069 006c 0065  ..;p.r.o.f.i.l.e
00029cf0: 005f 0043 0068 0065 0063 006b 0069 006e  ._.C.h.e.c.k.i.n
00029d00: 0067 0053 0075 0070 0070 006f 0072 0074  .g.S.u.p.p.o.r.t
00029d10: 0065 0064 0050 0069 0064 0073 0000 1169  .e.d.P.i.d.s...i
00029d20: 006f 0073 005f 0053 006b 0069 0070 0000  .o.s._.S.k.i.p..
00029d30: 4970 0072 006f 0066 0069 006c 0065 005f  Ip.r.o.f.i.l.e._
00029d40: 0050 0069 0064 0044 0065 0074 0065 0063  .P.i.d.D.e.t.e.c
00029d50: 0074 0069 006f 006e 0049 006e 0074 0065  .t.i.o.n.I.n.t.e
00029d60: 0072 0072 0075 0070 0074 0065 0064 0054  .r.r.u.p.t.e.d.T
00029d70: 0069 0074 006c 0065 0000 0742 0059 0044  .i.t.l.e...B.Y.D
00029d80: 0000 4f4d 0061 0069 006e 0050 0061 0067  ..OM.a.i.n.P.a.g
00029d90: 0065 002d 003e 0053 0074 0061 0072 0074  .e.-.>.S.t.a.r.t
00029da0: 0043 006f 006e 006e 0065 0063 0074 0069  .C.o.n.n.e.c.t.i
00029db0: 006f 006e 002f 0049 006e 0069 0074 0045  .o.n./.I.n.i.t.E
00029dc0: 0043 0055 0046 0061 0069 006c 0065 0064  .C.U.F.a.i.l.e.d
00029dd0: 0000 3963 006f 0064 0069 006e 0067 005f  ..9c.o.d.i.n.g._
00029de0: 004d 006f 0064 0065 004e 006f 0074 0053  .M.o.d.e.N.o.t.S
00029df0: 0075 0070 0070 006f 0072 0074 0065 0064  .u.p.p.o.r.t.e.d
00029e00: 0054 0069 0074 006c 0065 0000 3763 006f  .T.i.t.l.e..7c.o
00029e10: 0064 0069 006e 0067 005f 004d 006f 0064  .d.i.n.g._.M.o.d
00029e20: 0065 004e 006f 0074 0053 0075 0070 0070  .e.N.o.t.S.u.p.p
00029e30: 006f 0072 0074 0065 0064 0054 0065 0078  .o.r.t.e.d.T.e.x
00029e40: 0074 0000 3363 0061 0072 0050 006c 0061  .t..3c.a.r.P.l.a
00029e50: 0079 005f 004e 006f 0074 0041 0076 0061  .y._.N.o.t.A.v.a
00029e60: 0069 006c 0061 0062 006c 0065 0049 006e  .i.l.a.b.l.e.I.n
00029e70: 0044 0054 0043 0000 2d55 0073 0065 0072  .D.T.C..-U.s.e.r
00029e80: 0043 006c 0069 0063 006b 0062 0074 006e  .C.l.i.c.k.b.t.n
00029e90: 0044 0069 0073 0063 006f 006e 006e 0065  .D.i.s.c.o.n.n.e
00029ea0: 0063 0074 0000 3f69 006f 0073 005f 0050  .c.t..?i.o.s._.P
00029eb0: 006c 0065 0061 0073 0065 0044 0069 0073  .l.e.a.s.e.D.i.s
00029ec0: 0063 006f 006e 006e 0065 0063 0074 0046  .c.o.n.n.e.c.t.F
00029ed0: 0069 0072 0073 0074 005f 0054 0069 0074  .i.r.s.t._.T.i.t
00029ee0: 006c 0065 0000 3d69 006f 0073 005f 0050  .l.e..=i.o.s._.P
00029ef0: 006c 0065 0061 0073 0065 0044 0069 0073  .l.e.a.s.e.D.i.s
00029f00: 0063 006f 006e 006e 0065 0063 0074 0046  .c.o.n.n.e.c.t.F
00029f10: 0069 0072 0073 0074 005f 0054 0065 0078  .i.r.s.t._.T.e.x
00029f20: 0074 0000 2169 006f 0073 005f 004c 0069  .t..!i.o.s._.L.i
00029f30: 0076 0065 0044 0061 0074 0061 004d 006f  .v.e.D.a.t.a.M.o
00029f40: 0064 0065 0000 2b69 006f 0073 005f 004c  .d.e..+i.o.s._.L
00029f50: 0069 0076 0065 0044 0061 0074 0061 004d  .i.v.e.D.a.t.a.M
00029f60: 006f 0064 0065 005f 0054 0065 0078 0074  .o.d.e._.T.e.x.t
00029f70: 0000 3369 006f 0073 005f 004c 0069 0076  ..3i.o.s._.L.i.v
00029f80: 0065 0044 0061 0074 0061 004d 006f 0064  .e.D.a.t.a.M.o.d
00029f90: 0065 005f 0043 006f 006d 0062 0069 006e  .e._.C.o.m.b.i.n
00029fa0: 0065 0064 0000 3369 006f 0073 005f 004c  .e.d..3i.o.s._.L
00029fb0: 0069 0076 0065 0044 0061 0074 0061 004d  .i.v.e.D.a.t.a.M
00029fc0: 006f 0064 0065 005f 0053 0065 0070 0061  .o.d.e._.S.e.p.a
00029fd0: 0072 0061 0074 0065 0000 3369 006f 0073  .r.a.t.e..3i.o.s
00029fe0: 005f 0044 0065 006d 006f 004d 006f 0064  ._.D.e.m.o.M.o.d
00029ff0: 0065 0053 0065 006c 0065 0063 0074 006f  .e.S.e.l.e.c.t.o
0002a000: 0072 0054 0069 0074 006c 0065 0000 3169  .r.T.i.t.l.e..1i
0002a010: 006f 0073 005f 0044 0065 006d 006f 004d  .o.s._.D.e.m.o.M
0002a020: 006f 0064 0065 0053 0065 006c 0065 0063  .o.d.e.S.e.l.e.c
0002a030: 0074 006f 0072 0054 0065 0078 0074 0000  .t.o.r.T.e.x.t..
0002a040: 2769 006f 0073 005f 0044 0065 006d 006f  'i.o.s._.D.e.m.o
0002a050: 004d 006f 0064 0065 004c 0061 0073 0074  .M.o.d.e.L.a.s.t
0002a060: 0043 0061 0072 0000 2d69 006f 0073 005f  .C.a.r..-i.o.s._
0002a070: 0044 0065 006d 006f 004d 006f 0064 0065  .D.e.m.o.M.o.d.e
0002a080: 0041 006c 006c 0053 0065 006e 0073 006f  .A.l.l.S.e.n.s.o
0002a090: 0072 0073 0000 3369 006f 0073 005f 0043  .r.s..3i.o.s._.C
0002a0a0: 006f 006e 006e 0065 0063 0074 0054 006f  .o.n.n.e.c.t.T.o
0002a0b0: 0045 004c 004d 004f 006e 006c 0079 0054  .E.L.M.O.n.l.y.T
0002a0c0: 0069 0074 006c 0065 0000 3169 006f 0073  .i.t.l.e..1i.o.s
0002a0d0: 005f 0043 006f 006e 006e 0065 0063 0074  ._.C.o.n.n.e.c.t
0002a0e0: 0054 006f 0045 004c 004d 004f 006e 006c  .T.o.E.L.M.O.n.l
0002a0f0: 0079 0054 0065 0078 0074 0000 1170 0072  .y.T.e.x.t...p.r
0002a100: 006f 0070 004e 0061 006d 0065 0000 4d50  .o.p.N.a.m.e..MP
0002a110: 0072 006f 0070 0065 0072 0074 0079 0020  .r.o.p.e.r.t.y. 
0002a120: 007b 0030 007d 0020 0077 0061 0073 0020  .{.0.}. .w.a.s. 
0002a130: 006e 006f 0074 0020 0066 006f 0075 006e  .n.o.t. .f.o.u.n
0002a140: 0064 0020 0069 006e 0020 0054 0079 0070  .d. .i.n. .T.y.p
0002a150: 0065 0020 007b 0031 007d 0000 154e 0061  .e. .{.1.}...N.a
0002a160: 0076 0069 0067 0061 0074 0069 006f 006e  .v.i.g.a.t.i.o.n
0002a170: 0000 1141 0070 0070 002e 0078 0061 006d  ...A.p.p...x.a.m
0002a180: 006c 0000 153b 0061 0073 0073 0065 006d  .l...;.a.s.s.e.m
0002a190: 0062 006c 0079 003d 0000 0f43 0061 0072  .b.l.y.=...C.a.r
0002a1a0: 0044 0065 006d 006f 0000 1943 006f 006d  .D.e.m.o...C.o.m
0002a1b0: 006d 006f 006e 0053 0074 0061 0074 0065  .m.o.n.S.t.a.t.e
0002a1c0: 0073 0000 0d4e 006f 0072 006d 0061 006c  .s...N.o.r.m.a.l
0002a1d0: 0000 1144 0069 0073 0061 0062 006c 0065  ...D.i.s.a.b.l.e
0002a1e0: 0064 0000 1b42 0061 0073 0065 0046 006f  .d...B.a.s.e.F.o
0002a1f0: 006e 0074 0053 0069 007a 0065 002b 0000  .n.t.S.i.z.e.+..
0002a200: 1f42 0061 0073 0065 0046 006f 006e 0074  .B.a.s.e.F.o.n.t
0002a210: 0053 0069 007a 0065 002b 002b 002b 0000  .S.i.z.e.+.+.+..
0002a220: 2142 0061 0073 0065 0046 006f 006e 0074  !B.a.s.e.F.o.n.t
0002a230: 0053 0069 007a 0065 002b 002b 002b 002b  .S.i.z.e.+.+.+.+
0002a240: 0000 1b42 0061 0073 0065 0046 006f 006e  ...B.a.s.e.F.o.n
0002a250: 0074 0053 0069 007a 0065 002d 0000 1d42  .t.S.i.z.e.-...B
0002a260: 0061 0073 0065 0046 006f 006e 0074 0053  .a.s.e.F.o.n.t.S
0002a270: 0069 007a 0065 002d 002d 0000 1f42 0061  .i.z.e.-.-...B.a
0002a280: 0073 0065 0046 006f 006e 0074 0053 0069  .s.e.F.o.n.t.S.i
0002a290: 007a 0065 002d 002d 002d 0000 0f50 0072  .z.e.-.-.-...P.r
0002a2a0: 0069 006d 0061 0072 0079 0000 1354 0072  .i.m.a.r.y...T.r
0002a2b0: 0075 0065 0056 0061 006c 0075 0065 0000  .u.e.V.a.l.u.e..
0002a2c0: 1546 0061 006c 0073 0065 0056 0061 006c  .F.a.l.s.e.V.a.l
0002a2d0: 0075 0065 0000 0b57 0068 0069 0074 0065  .u.e...W.h.i.t.e
0002a2e0: 0000 0b56 0061 006c 0075 0065 0000 1323  ...V.a.l.u.e...#
0002a2f0: 0033 0033 0032 0031 0039 0036 0046 0033  .3.3.2.1.9.6.F.3
0002a300: 0000 1f64 0069 0073 0074 002f 0069 006e  ...d.i.s.t./.i.n
0002a310: 0064 0065 0078 002e 0068 0074 006d 006c  .d.e.x...h.t.m.l
0002a320: 0000 0f41 006e 0064 0072 006f 0069 0064  ...A.n.d.r.o.i.d
0002a330: 0000 0769 004f 0053 0000 0755 0057 0050  ...i.O.S...U.W.P
0002a340: 0000 2d66 0069 006c 0065 003a 002f 002f  ..-f.i.l.e.:././
0002a350: 002f 0061 006e 0064 0072 006f 0069 0064  ./.a.n.d.r.o.i.d
0002a360: 005f 0061 0073 0073 0065 0074 002f 0000  ._.a.s.s.e.t./..
0002a370: 137e 002f 0041 0073 0073 0065 0074 0073  .~./.A.s.s.e.t.s
0002a380: 002f 0000 2d6d 0073 002d 0061 0070 0070  ./..-m.s.-.a.p.p
0002a390: 0078 002d 0077 0065 0062 003a 002f 002f  .x.-.w.e.b.:././
0002a3a0: 002f 0041 0073 0073 0065 0074 0073 002f  ./.A.s.s.e.t.s./
0002a3b0: 0000 1b4d 0061 0069 006e 0050 0061 0067  ...M.a.i.n.P.a.g
0002a3c0: 0065 002e 0078 0061 006d 006c 0000 0f57  .e...x.a.m.l...W
0002a3d0: 0065 0062 0056 0069 0065 0077 0000 1f43  .e.b.V.i.e.w...C
0002a3e0: 0061 0072 0044 0065 006d 006f 0020 0057  .a.r.D.e.m.o. .W
0002a3f0: 0065 0062 0056 0069 0065 0077 0000 0532  .e.b.V.i.e.w...2
0002a400: 0034 0000 0363 0000 3d63 006c 0072 002d  .4...c..=c.l.r.-
0002a410: 006e 0061 006d 0065 0073 0070 0061 0063  .n.a.m.e.s.p.a.c
0002a420: 0065 003a 0043 0061 0072 0044 0065 006d  .e.:.C.a.r.D.e.m
0002a430: 006f 002e 0043 006f 006e 0074 0072 006f  .o...C.o.n.t.r.o
0002a440: 006c 0073 0000 0b41 0073 0079 006e 0063  .l.s...A.s.y.n.c
0002a450: 0000 096e 0061 006d 0065 0000 1173 0065  ...n.a.m.e...s.e
0002a460: 006c 0065 0063 0074 0065 0064 0000 1170  .l.e.c.t.e.d...p
0002a470: 0072 006f 0074 006f 0063 006f 006c 0000  .r.o.t.o.c.o.l..
0002a480: 2b6f 0070 0065 006e 005f 0073 0065 0073  +o.p.e.n._.s.e.s
0002a490: 0073 0069 006f 006e 005f 0063 006f 006d  .s.i.o.n._.c.o.m
0002a4a0: 006d 0061 006e 0064 0073 0000 0974 0079  .m.a.n.d.s...t.y
0002a4b0: 0070 0065 0000 0f74 0069 006d 0065 006f  .p.e...t.i.m.e.o
0002a4c0: 0075 0074 0000 1564 0069 0073 0063 006f  .u.t...d.i.s.c.o
0002a4d0: 0076 0065 0072 0065 0064 0000 0f61 0064  .v.e.r.e.d...a.d
0002a4e0: 0064 0072 0065 0073 0073 0000 0972 0073  .d.r.e.s.s...r.s
0002a4f0: 0073 0069 0000 0b73 0074 0061 0074 0065  .s.i...s.t.a.t.e
0002a500: 0000 0f63 0068 0061 006e 0067 0065 0064  ...c.h.a.n.g.e.d
0002a510: 0000 0b76 0061 006c 0069 0064 0000 0d70  ...v.a.l.i.d...p
0002a520: 0061 0069 0072 0065 0064 0000 1166 0069  .a.i.r.e.d...f.i
0002a530: 006e 0069 0073 0068 0065 0064 0000 0f70  .n.i.s.h.e.d...p
0002a540: 006f 0077 0065 0072 006f 006e 0000 056f  .o.w.e.r.o.n...o
0002a550: 006e 0000 1153 0075 0063 0063 0065 0073  .n...S.u.c.c.e.s
0002a560: 0073 0028 0000 0529 003b 0000 1346 0069  .s.(...).;...F.i
0002a570: 006e 0069 0073 0068 0028 0029 003b 0000  .n.i.s.h.(.).;..
0002a580: 314d 0065 0074 0068 006f 0064 0020 006e  1M.e.t.h.o.d. .n
0002a590: 006f 0074 0020 0069 006d 0070 006c 0065  .o.t. .i.m.p.l.e
0002a5a0: 006d 0065 006e 0074 0065 0064 003a 0020  .m.e.n.t.e.d.:. 
0002a5b0: 0000 0b65 0072 0072 006f 0072 0000 0f6d  ...e.r.r.o.r...m
0002a5c0: 0065 0073 0073 0061 0067 0065 0000 1573  .e.s.s.a.g.e...s
0002a5d0: 0074 0061 0063 006b 0054 0072 0061 0063  .t.a.c.k.T.r.a.c
0002a5e0: 0065 0000 216f 006e 007b 0030 007d 0045  .e..!o.n.{.0.}.E
0002a5f0: 0072 0072 006f 0072 0028 007b 0031 007d  .r.r.o.r.(.{.1.}
0002a600: 0029 003b 0000 217b 0030 007d 000a 007b  .).;..!{.0.}...{
0002a610: 0031 007d 0020 007b 0032 007d 000a 007b  .1.}. .{.2.}...{
0002a620: 0033 007d 0025 0000 256f 006e 0050 0049  .3.}.%..%o.n.P.I
0002a630: 0044 0056 0061 006c 0075 0065 0043 0068  .D.V.a.l.u.e.C.h
0002a640: 0061 006e 0067 0065 0064 0028 0000 0329  .a.n.g.e.d.(...)
0002a650: 0000 276f 006e 0042 004c 0045 0053 0063  ..'o.n.B.L.E.S.c
0002a660: 0061 006e 0045 0076 0065 006e 0074 0028  .a.n.E.v.e.n.t.(
0002a670: 007b 0030 007d 0029 0000 256f 006e 0042  .{.0.}.)..%o.n.B
0002a680: 0054 0053 0063 0061 006e 0045 0076 0065  .T.S.c.a.n.E.v.e
0002a690: 006e 0074 0028 007b 0030 007d 0029 0000  .n.t.(.{.0.}.)..
0002a6a0: 256f 006e 004f 0042 0044 0053 0074 0061  %o.n.O.B.D.S.t.a
0002a6b0: 0074 0075 0073 0043 0068 0061 006e 0067  .t.u.s.C.h.a.n.g
0002a6c0: 0065 0064 0000 0928 002e 002e 002e 0000  .e.d...(........
0002a6d0: 1b63 0068 0065 0063 006b 0050 0072 006f  .c.h.e.c.k.P.r.o
0002a6e0: 006d 0069 0073 0065 0028 0000 0529 0029  .m.i.s.e.(...).)
0002a6f0: 0000 0f70 0072 006f 006d 0069 0073 0065  ...p.r.o.m.i.s.e
0002a700: 0000 0b76 0061 006c 0075 0065 0000 2743  ...v.a.l.u.e..'C
0002a710: 0068 0065 0063 006b 0057 0069 0046 0069  .h.e.c.k.W.i.F.i
0002a720: 0043 006f 006e 006e 0065 0063 0074 0069  .C.o.n.n.e.c.t.i
0002a730: 006f 006e 0000 1143 006c 0065 0061 0072  .o.n...C.l.e.a.r
0002a740: 0044 0054 0043 0000 2b48 0061 006e 0064  .D.T.C..+H.a.n.d
0002a750: 006c 0069 006e 0067 0020 0043 006f 006e  .l.i.n.g. .C.o.n
0002a760: 006e 0065 0063 0074 0041 0073 0079 006e  .n.e.c.t.A.s.y.n
0002a770: 0063 0000 2341 006c 0072 0065 0061 0064  .c..#A.l.r.e.a.d
0002a780: 0079 0020 0063 006f 006e 006e 0065 0063  .y. .c.o.n.n.e.c
0002a790: 0074 0065 0064 0000 0562 0074 0000 0762  .t.e.d...b.t...b
0002a7a0: 006c 0065 0000 0977 0069 0066 0069 0000  .l.e...w.i.f.i..
0002a7b0: 0775 0073 0062 0000 0b33 0035 0030 0030  .u.s.b...3.5.0.0
0002a7c0: 0030 0000 394c 0061 0063 006b 0069 006e  .0..9L.a.c.k.i.n
0002a7d0: 0067 0020 0062 006c 0075 0065 0074 006f  .g. .b.l.u.e.t.o
0002a7e0: 006f 0074 0068 0020 0070 0065 0072 006d  .o.t.h. .p.e.r.m
0002a7f0: 0069 0073 0073 0069 006f 006e 0000 2743  .i.s.s.i.o.n..'C
0002a800: 006f 006e 006e 0065 0063 0074 0069 006f  .o.n.n.e.c.t.i.o
0002a810: 006e 0020 0070 0072 006f 0067 0072 0065  .n. .p.r.o.g.r.e
0002a820: 0073 0073 0000 0948 0069 0064 0065 0000  .s.s...H.i.d.e..
0002a830: 092b 002b 002b 0020 0000 152b 002b 002b  .+.+.+. ...+.+.+
0002a840: 0020 0057 0069 0046 0069 003a 0020 0000  . .W.i.F.i.:. ..
0002a850: 1f2b 002b 002b 0020 0042 006c 0075 0065  .+.+.+. .B.l.u.e
0002a860: 0074 006f 006f 0074 0068 003a 0020 0000  .t.o.o.t.h.:. ..
0002a870: 232b 002b 002b 0020 0042 006c 0075 0065  #+.+.+. .B.l.u.e
0002a880: 0074 006f 006f 0074 0068 004c 0045 003a  .t.o.o.t.h.L.E.:
0002a890: 0020 0000 194f 0042 0044 0020 0063 006f  . ...O.B.D. .c.o
0002a8a0: 006e 006e 0065 0063 0074 003a 0000 2f52  .n.n.e.c.t.:../R
0002a8b0: 0065 0074 0072 0079 0020 0042 0054 004c  .e.t.r.y. .B.T.L
0002a8c0: 0045 0020 004f 0042 0044 0020 0063 006f  .E. .O.B.D. .c.o
0002a8d0: 006e 006e 0065 0063 0074 003a 0000 1f7b  .n.n.e.c.t.:...{
0002a8e0: 0030 007d 0020 0064 0065 0076 0069 0063  .0.}. .d.e.v.i.c
0002a8f0: 0065 005f 0069 0064 003a 0020 0000 0b3c  .e._.i.d.:. ...<
0002a900: 006f 0066 0066 003e 0000 2d4f 0042 0044  .o.f.f.>..-O.B.D
0002a910: 0052 0065 0061 0064 0065 0072 0020 0069  .R.e.a.d.e.r. .i
0002a920: 006e 0069 0074 0052 0065 0073 0075 006c  .n.i.t.R.e.s.u.l
0002a930: 0074 003a 0020 0000 133c 0063 0061 006e  .t.:. ...<.c.a.n
0002a940: 0063 0065 006c 003e 0020 0000 2944 0069  .c.e.l.>. ..)D.i
0002a950: 0073 0061 0062 006c 0065 0020 004d 0061  .s.a.b.l.e. .M.a
0002a960: 0069 006e 0020 0042 0075 0074 0074 006f  .i.n. .B.u.t.t.o
0002a970: 006e 0073 0000 2745 006e 0061 0062 006c  .n.s..'E.n.a.b.l
0002a980: 0065 0020 004d 0061 0069 006e 0020 0042  .e. .M.a.i.n. .B
0002a990: 0075 0074 0074 006f 006e 0073 0000 0f61  .u.t.t.o.n.s...a
0002a9a0: 006c 0065 0072 0074 003a 0020 0000 2d69  .l.e.r.t.:. ..-i
0002a9b0: 006f 0073 005f 004c 006f 0061 0064 0069  .o.s._.L.o.a.d.i
0002a9c0: 006e 0067 0053 0065 006e 0073 006f 0072  .n.g.S.e.n.s.o.r
0002a9d0: 0073 004c 0069 0073 0074 0000 1545 0078  .s.L.i.s.t...E.x
0002a9e0: 0063 0065 0070 0074 0069 006f 006e 0020  .c.e.p.t.i.o.n. 
0002a9f0: 0000 2746 0069 006e 0064 0020 007b 0030  ..'F.i.n.d. .{.0
0002aa00: 007d 0020 0070 0069 0064 0020 006d 006f  .}. .p.i.d. .m.o
0002aa10: 0064 0065 006c 0073 0000 0974 0065 0073  .d.e.l.s...t.e.s
0002aa20: 0074 0000 1949 006e 0069 0074 0069 0061  .t...I.n.i.t.i.a
0002aa30: 006c 0069 007a 0069 006e 0067 0000 1d41  .l.i.z.i.n.g...A
0002aa40: 0070 0070 004d 0061 0072 006b 0065 0074  .p.p.M.a.r.k.e.t
0002aa50: 003a 0020 007b 0030 007d 0000 1d53 0068  .:. .{.0.}...S.h
0002aa60: 0061 0072 0065 0064 0053 0065 0074 0074  .a.r.e.d.S.e.t.t
0002aa70: 0069 006e 0067 0073 0000 5d44 0069 0073  .i.n.g.s..]D.i.s
0002aa80: 0061 0062 006c 0065 0020 0062 0075 0074  .a.b.l.e. .b.u.t
0002aa90: 0074 006f 006e 0073 003a 0020 0073 0069  .t.o.n.s.:. .s.i
0002aaa0: 006d 0075 006c 0061 0074 0069 006f 006e  .m.u.l.a.t.i.o.n
0002aab0: 002c 0020 0063 006f 006e 006e 0065 0063  .,. .c.o.n.n.e.c
0002aac0: 0074 002c 0020 0073 0065 0074 0074 0069  .t.,. .s.e.t.t.i
0002aad0: 006e 0067 0073 0000 5b45 006e 0061 0062  .n.g.s..[E.n.a.b
0002aae0: 006c 0065 0020 0062 0075 0074 0074 006f  .l.e. .b.u.t.t.o
0002aaf0: 006e 0073 003a 0020 0073 0069 006d 0075  .n.s.:. .s.i.m.u
0002ab00: 006c 0061 0074 0069 006f 006e 002c 0020  .l.a.t.i.o.n.,. 
0002ab10: 0063 006f 006e 006e 0065 0063 0074 002c  .c.o.n.n.e.c.t.,
0002ab20: 0020 0073 0065 0074 0074 0069 006e 0067  . .s.e.t.t.i.n.g
0002ab30: 0073 0000 214c 006f 0061 0064 0069 006e  .s..!L.o.a.d.i.n
0002ab40: 0067 0020 0070 0072 006f 0066 0069 006c  .g. .p.r.o.f.i.l
0002ab50: 0065 0073 0000 2f49 006e 0069 0074 0069  .e.s../I.n.i.t.i
0002ab60: 0061 006c 0069 007a 0061 0074 0069 006f  .a.l.i.z.a.t.i.o
0002ab70: 006e 0020 0066 0069 006e 0069 0073 0068  .n. .f.i.n.i.s.h
0002ab80: 0065 0064 0000 0f52 0065 0061 0064 0044  .e.d...R.e.a.d.D
0002ab90: 0054 0043 0000 1752 0065 0061 0064 0045  .T.C...R.e.a.d.E
0002aba0: 0043 0055 0049 006e 0066 006f 0000 1570  .C.U.I.n.f.o...p
0002abb0: 0072 006f 0067 0072 0065 0073 0073 003a  .r.o.g.r.e.s.s.:
0002abc0: 0020 0000 3970 0072 006f 006d 0069 0073  . ..9p.r.o.m.i.s
0002abd0: 0065 004d 0061 0070 0020 0068 0061 0073  .e.M.a.p. .h.a.s
0002abe0: 0020 006e 006f 0020 0065 006e 0074 0072  . .n.o. .e.n.t.r
0002abf0: 0079 0020 0066 006f 0072 0020 0000 2363  .y. .f.o.r. ..#c
0002ac00: 006f 006e 0073 006f 006c 0065 002e 0065  .o.n.s.o.l.e...e
0002ac10: 0072 0072 006f 0072 0028 002e 002e 002e  .r.r.o.r.(......
0002ac20: 0000 1f63 006f 006e 0073 006f 006c 0065  ...c.o.n.s.o.l.e
0002ac30: 002e 006c 006f 0067 0028 002e 002e 002e  ...l.o.g.(......
0002ac40: 0000 2163 006f 006e 0073 006f 006c 0065  ..!c.o.n.s.o.l.e
0002ac50: 002e 0077 0061 0072 006e 0028 002e 002e  ...w.a.r.n.(....
0002ac60: 002e 0000 077b 0030 007d 0000 1c4d 98ac  .....{.0.}...M..
0002ac70: c36a 4145 9759 522d bcd5 f48f 0008 cc7b  .jAE.YR-.......{
0002ac80: 13ff cd2d dd51 0830 ad4f e6b2 a6ae ed03  ...-.Q.0.O......
0002ac90: 2000 0104 0100 0000 0206 0804 2001 0108   ........... ...
0002aca0: 0520 0101 1111 2601 0002 0000 0002 0054  . ....&........T
0002acb0: 020d 416c 6c6f 774d 756c 7469 706c 6500  ..AllowMultiple.
0002acc0: 5402 0949 6e68 6572 6974 6564 0003 0612  T..Inherited....
0002acd0: 1903 0612 1505 2002 010e 0e2c 0100 1f58  ...... ....,...X
0002ace0: 616d 6172 696e 2e46 6f72 6d73 2e42 7569  amarin.Forms.Bui
0002acf0: 6c64 2e54 6173 6b73 2e58 616d 6c47 0732  ld.Tasks.XamlG.2
0002ad00: 2e30 2e30 2e30 0000 0306 1221 0306 1225  .0.0.0.....!...%
0002ad10: 0306 1229 0306 122d 0306 1231 0306 1235  ...)...-...1...5
0002ad20: 0306 1239 0306 1210 0520 0101 1141 0801  ...9..... ...A..
0002ad30: 0000 0000 0000 0005 2002 011c 180a 2005  ........ ..... .
0002ad40: 010e 0e12 4511 4908 0400 0012 4d04 2000  ....E.I.....M. .
0002ad50: 1255 0420 011c 0e04 0000 1210 0500 0101  .U. ............
0002ad60: 1210 0507 0112 80d8 0400 0011 5d07 3001  ............].0.
0002ad70: 0101 101e 0005 0a01 1280 d806 2002 011c  ............ ...
0002ad80: 1261 0520 0101 1269 2e01 0029 5369 6d70  .a. ...i...)Simp
0002ad90: 6c65 4d61 696e 5061 6765 2b3c 6274 6e53  leMainPage+<btnS
0002ada0: 6574 7469 6e67 735f 436c 6963 6b65 643e  ettings_Clicked>
0002adb0: 645f 5f33 3000 0005 0701 1280 bc05 0a01  d__30...........
0002adc0: 1280 bc34 0100 2f53 696d 706c 654d 6169  ...4../SimpleMai
0002add0: 6e50 6167 652b 3c62 746e 4675 656c 5374  nPage+<btnFuelSt
0002ade0: 6174 6973 7469 6373 5f43 6c69 636b 6564  atistics_Clicked
0002adf0: 3e64 5f5f 3331 0000 0507 0112 80d0 050a  >d__31..........
0002ae00: 0112 80d0 2e01 0029 5369 6d70 6c65 4d61  .......)SimpleMa
0002ae10: 696e 5061 6765 2b3c 6274 6e50 7572 6368  inPage+<btnPurch
0002ae20: 6173 655f 436c 6963 6b65 643e 645f 5f33  ase_Clicked>d__3
0002ae30: 3200 0005 0701 1280 c005 0a01 1280 c02c  2..............,
0002ae40: 0100 2753 696d 706c 654d 6169 6e50 6167  ..'SimpleMainPag
0002ae50: 652b 3c62 746e 4761 7261 6765 5f43 6c69  e+<btnGarage_Cli
0002ae60: 636b 6564 3e64 5f5f 3333 0000 0507 0112  cked>d__33......
0002ae70: 8080 050a 0112 8080 2501 0020 5369 6d70  ........%.. Simp
0002ae80: 6c65 4d61 696e 5061 6765 2b3c 496e 6974  leMainPage+<Init
0002ae90: 6961 6c69 7a65 3e64 5f5f 3334 0000 0407  ialize>d__34....
0002aea0: 0112 7404 0000 1171 040a 0112 7404 2000  ..t....q....t. .
0002aeb0: 1275 2d01 0028 5369 6d70 6c65 4d61 696e  .u-..(SimpleMain
0002aec0: 5061 6765 2b3c 4368 6563 6b46 6f72 4e65  Page+<CheckForNe
0002aed0: 7756 6572 7369 6f6e 3e64 5f5f 3335 0000  wVersion>d__35..
0002aee0: 0807 0311 7911 7912 7d04 0000 1179 0720  ....y.y.}....y. 
0002aef0: 0201 0e11 8089 0600 0101 1280 8504 2001  .............. .
0002af00: 010e 0507 0112 80e8 050a 0112 80e8 2e01  ................
0002af10: 0029 5369 6d70 6c65 4d61 696e 5061 6765  .)SimpleMainPage
0002af20: 2b3c 6274 6e56 6572 7369 6f6e 735f 436c  +<btnVersions_Cl
0002af30: 6963 6b65 643e 645f 5f33 3700 0005 0701  icked>d__37.....
0002af40: 1280 a005 0a01 1280 a02c 0100 2753 696d  .........,..'Sim
0002af50: 706c 654d 6169 6e50 6167 652b 3c62 746e  pleMainPage+<btn
0002af60: 436f 6469 6e67 5f43 6c69 636b 6564 3e64  Coding_Clicked>d
0002af70: 5f5f 3338 0000 0307 0102 0500 0012 8091  __38............
0002af80: 0320 0002 0420 0101 0205 0001 0112 4505  . ... ........E.
0002af90: 0701 1280 8805 0a01 1280 8824 0100 1f53  ...........$...S
0002afa0: 696d 706c 654d 6169 6e50 6167 652b 3c52  impleMainPage+<R
0002afb0: 656d 6f76 6543 5356 3e64 5f5f 3430 0000  emoveCSV>d__40..
0002afc0: 0407 0202 0203 0000 0204 0701 126c 040a  .............l..
0002afd0: 0112 6c25 0100 2053 696d 706c 654d 6169  ..l%.. SimpleMai
0002afe0: 6e50 6167 652b 3c41 736b 466f 7245 7869  nPage+<AskForExi
0002aff0: 743e 645f 5f34 3200 0004 0701 127c 040a  t>d__42......|..
0002b000: 0112 7c2a 0100 2553 696d 706c 654d 6169  ..|*..%SimpleMai
0002b010: 6e50 6167 652b 3c43 6f6e 6e65 6374 4f6e  nPage+<ConnectOn
0002b020: 4c61 756e 6368 3e64 5f5f 3433 0000 0507  Launch>d__43....
0002b030: 0112 8094 050a 0112 8094 2b01 0026 5369  ..........+..&Si
0002b040: 6d70 6c65 4d61 696e 5061 6765 2b3c 5368  mpleMainPage+<Sh
0002b050: 6f77 5765 6c63 6f6d 6550 6167 6532 3e64  owWelcomePage2>d
0002b060: 5f5f 3434 0000 0b07 0511 8099 0211 8099  __44............
0002b070: 0202 0500 0011 8099 0520 0011 80a1 0520  ......... ..... 
0002b080: 0012 80a5 0815 1280 a901 1280 ad03 2000  .............. .
0002b090: 0805 0000 1180 b106 2001 0111 80b1 0520  ........ ...... 
0002b0a0: 0101 1300 0700 0201 1280 b508 0507 0112  ................
0002b0b0: 8084 050a 0112 8084 2601 0021 5369 6d70  ........&..!Simp
0002b0c0: 6c65 4d61 696e 5061 6765 2b3c 5265 6672  leMainPage+<Refr
0002b0d0: 6573 6850 4944 733e 645f 5f34 3600 0016  eshPIDs>d__46...
0002b0e0: 0709 0211 80b9 0202 0202 1512 80bd 0112  ................
0002b0f0: 80c1 1280 c102 0406 1280 c904 0611 80d1  ................
0002b100: 0400 0012 5104 0611 80b9 0520 0201 0e1c  ....Q...... ....
0002b110: 0406 1280 d506 2001 0111 80d9 0810 0101  ...... .........
0002b120: 1e00 1180 e105 0a01 1280 e509 2000 1512  ............ ...
0002b130: 80ed 0112 1907 1512 80f1 0112 1905 2001  .............. .
0002b140: 0213 0005 0a01 1280 f503 0000 0e05 2000  .............. .
0002b150: 1180 f905 2000 1280 fd0a 2000 1512 8101  .... ..... .....
0002b160: 0112 8105 0815 1281 0101 1281 050a 2001  .............. .
0002b170: 0115 1281 0901 1300 0915 1281 0d02 1281  ................
0002b180: 0502 1910 0102 1512 8109 011e 0015 1281  ................
0002b190: 0901 1e00 1512 810d 021e 0002 050a 0112  ................
0002b1a0: 8105 0b15 1281 0d02 1281 0512 80c1 1a10  ................
0002b1b0: 0202 1512 8109 011e 0115 1281 0901 1e00  ................
0002b1c0: 1512 810d 021e 001e 0108 0a02 1281 0512  ................
0002b1d0: 80c1 0815 1281 0901 1280 c109 2000 1512  ............ ...
0002b1e0: 80bd 0113 0008 1512 80bd 0112 80c1 0420  ............... 
0002b1f0: 0013 0005 0000 1281 1d05 0000 1281 2103  ..............!.
0002b200: 0000 0106 2001 0111 80f9 0507 0112 80a4  .... ...........
0002b210: 050a 0112 80a4 2d01 0028 5369 6d70 6c65  ......-..(Simple
0002b220: 4d61 696e 5061 6765 2b3c 6274 6e43 6f6e  MainPage+<btnCon
0002b230: 6e65 6374 5f43 6c69 636b 6564 3e64 5f5f  nect_Clicked>d__
0002b240: 3532 0000 0507 0112 80b0 050a 0112 80b0  52..............
0002b250: 3001 002b 5369 6d70 6c65 4d61 696e 5061  0..+SimpleMainPa
0002b260: 6765 2b3c 6274 6e44 6973 636f 6e6e 6563  ge+<btnDisconnec
0002b270: 745f 436c 6963 6b65 643e 645f 5f35 3300  t_Clicked>d__53.
0002b280: 0005 0701 1280 e005 0a01 1280 e035 0100  .............5..
0002b290: 3053 696d 706c 654d 6169 6e50 6167 652b  0SimpleMainPage+
0002b2a0: 3c62 746e 5374 6172 7453 696d 756c 6174  <btnStartSimulat
0002b2b0: 696f 6e5f 436c 6963 6b65 643e 645f 5f35  ion_Clicked>d__5
0002b2c0: 3400 0005 0000 1281 2909 0615 1281 3101  4.......).....1.
0002b2d0: 1281 0508 1512 8135 0112 8105 0e07 0702  .......5........
0002b2e0: 1180 f911 80f9 0202 0212 7d06 2001 0111  ..........}. ...
0002b2f0: 80b9 0400 010e 0e0a 2000 1512 8141 0112  ........ ....A..
0002b300: 8145 0915 1281 0d02 1281 4502 1310 0102  .E........E.....
0002b310: 0215 1281 0901 1e00 1512 810d 021e 0002  ................
0002b320: 050a 0112 8145 0400 0102 0204 0701 122c  .....E.........,
0002b330: 0400 0101 0e05 0701 1280 9805 0a01 1280  ................
0002b340: 9805 2001 1275 0201 012a 0100 2553 696d  .. ..u...*..%Sim
0002b350: 706c 654d 6169 6e50 6167 652b 3c53 7461  pleMainPage+<Sta
0002b360: 7274 436f 6e6e 6563 7469 6f6e 3e64 5f5f  rtConnection>d__
0002b370: 3630 0000 0407 0112 7806 1511 8151 010e  60......x....Q..
0002b380: 0900 0015 1181 5101 1300 040a 0112 7809  ......Q.......x.
0002b390: 2000 1512 8155 0113 000b 2001 1512 8155   ....U.... ....U
0002b3a0: 010e 1281 592e 0100 2953 696d 706c 654d  ....Y...)SimpleM
0002b3b0: 6169 6e50 6167 652b 3c43 6865 636b 5769  ainPage+<CheckWi
0002b3c0: 4669 436f 6e6e 6563 7469 6f6e 3e64 5f5f  FiConnection>d__
0002b3d0: 3631 0000 0407 0112 6405 2002 011c 0e04  61......d. .....
0002b3e0: 0701 1270 040a 0112 7027 0100 2253 696d  ...p....p'.."Sim
0002b3f0: 706c 654d 6169 6e50 6167 652b 3c41 736b  pleMainPage+<Ask
0002b400: 466f 7252 6576 6965 773e 645f 5f36 3300  ForReview>d__63.
0002b410: 0005 0701 1280 9c06 1511 8151 0102 050a  ...........Q....
0002b420: 0112 809c 0820 0015 1281 5501 0228 0100  ..... ....U..(..
0002b430: 2353 696d 706c 654d 6169 6e50 6167 652b  #SimpleMainPage+
0002b440: 3c55 7064 6174 6556 494e 496e 666f 3e64  <UpdateVINInfo>d
0002b450: 5f5f 3634 0000 0707 0502 0202 0202 0720  __64........... 
0002b460: 0312 750e 0e0e 0420 0102 0201 0005 0701  ..u.... ........
0002b470: 1280 e405 0a01 1280 e42e 0100 2953 696d  ............)Sim
0002b480: 706c 654d 6169 6e50 6167 652b 3c62 746e  pleMainPage+<btn
0002b490: 5465 726d 696e 616c 5f43 6c69 636b 6564  Terminal_Clicked
0002b4a0: 3e64 5f5f 3636 0000 0507 0112 80c8 050a  >d__66..........
0002b4b0: 0112 80c8 2e01 0029 5369 6d70 6c65 4d61  .......)SimpleMa
0002b4c0: 696e 5061 6765 2b3c 6274 6e4c 6976 6544  inPage+<btnLiveD
0002b4d0: 6174 615f 436c 6963 6b65 643e 645f 5f36  ata_Clicked>d__6
0002b4e0: 3700 0005 0701 1280 9005 0a01 1280 902d  7..............-
0002b4f0: 0100 2853 696d 706c 654d 6169 6e50 6167  ..(SimpleMainPag
0002b500: 652b 3c53 686f 7753 6570 6172 6174 6543  e+<ShowSeparateC
0002b510: 6861 7274 733e 645f 5f36 3800 0005 0701  harts>d__68.....
0002b520: 1280 8c05 0a01 1280 8c2c 0100 2753 696d  .........,..'Sim
0002b530: 706c 654d 6169 6e50 6167 652b 3c53 686f  pleMainPage+<Sho
0002b540: 7743 6f6d 6269 6e65 6443 6861 7274 3e64  wCombinedChart>d
0002b550: 5f5f 3639 0000 0507 0112 80c4 050a 0112  __69............
0002b560: 80c4 3301 002e 5369 6d70 6c65 4d61 696e  ..3...SimpleMain
0002b570: 5061 6765 2b3c 6274 6e4c 6976 6544 6174  Page+<btnLiveDat
0002b580: 6154 6162 6c65 5f43 6c69 636b 6564 3e64  aTable_Clicked>d
0002b590: 5f5f 3730 0000 0507 0112 80a8 050a 0112  __70............
0002b5a0: 80a8 2901 0024 5369 6d70 6c65 4d61 696e  ..)..$SimpleMain
0002b5b0: 5061 6765 2b3c 6274 6e44 5443 5f43 6c69  Page+<btnDTC_Cli
0002b5c0: 636b 6564 3e64 5f5f 3731 0000 0507 0112  cked>d__71......
0002b5d0: 80cc 050a 0112 80cc 2c01 0027 5369 6d70  ........,..'Simp
0002b5e0: 6c65 4d61 696e 5061 6765 2b3c 6274 6e4d  leMainPage+<btnM
0002b5f0: 6f64 6530 365f 436c 6963 6b65 643e 645f  ode06_Clicked>d_
0002b600: 5f37 3200 0005 0701 1280 ac05 0a01 1280  _72.............
0002b610: ac2f 0100 2a53 696d 706c 654d 6169 6e50  ./..*SimpleMainP
0002b620: 6167 652b 3c62 746e 4461 7368 626f 6172  age+<btnDashboar
0002b630: 645f 436c 6963 6b65 643e 645f 5f37 3300  d_Clicked>d__73.
0002b640: 0005 0701 1280 b805 0a01 1280 b831 0100  .............1..
0002b650: 2c53 696d 706c 654d 6169 6e50 6167 652b  ,SimpleMainPage+
0002b660: 3c62 746e 4672 6565 7a65 4672 616d 655f  <btnFreezeFrame_
0002b670: 436c 6963 6b65 643e 645f 5f37 3400 0005  Clicked>d__74...
0002b680: 0701 1280 dc05 0a01 1280 dc2f 0100 2a53  .........../..*S
0002b690: 696d 706c 654d 6169 6e50 6167 652b 3c62  impleMainPage+<b
0002b6a0: 746e 5370 6565 6454 6573 745f 436c 6963  tnSpeedTest_Clic
0002b6b0: 6b65 643e 645f 5f37 3500 0005 0701 1280  ked>d__75.......
0002b6c0: d405 0a01 1280 d42d 0100 2853 696d 706c  .......-..(Simpl
0002b6d0: 654d 6169 6e50 6167 652b 3c62 746e 5265  eMainPage+<btnRe
0002b6e0: 636f 7264 735f 436c 6963 6b65 643e 645f  cords_Clicked>d_
0002b6f0: 5f37 3600 0005 0701 1280 b405 0a01 1280  _76.............
0002b700: b432 0100 2d53 696d 706c 654d 6169 6e50  .2..-SimpleMainP
0002b710: 6167 652b 3c62 746e 456d 6973 7369 6f6e  age+<btnEmission
0002b720: 5465 7374 735f 5461 7070 6564 3e64 5f5f  Tests_Tapped>d__
0002b730: 3737 0000 2d07 1c02 1281 5d15 1281 0101  77..-.....].....
0002b740: 1281 6108 0802 0202 0202 1281 6102 0202  ..a.........a...
0002b750: 0208 0208 0808 1281 6512 7d02 0202 0202  ........e.}.....
0002b760: 127d 0815 1280 f101 1281 450a 2000 1512  .}........E. ...
0002b770: 8131 0112 8161 0915 1281 0d02 1281 6102  .1...a........a.
0002b780: 050a 0112 8161 1110 0101 1512 8101 011e  .....a..........
0002b790: 0015 1281 0901 1e00 0620 0101 1181 6908  ......... ....i.
0002b7a0: 1512 8101 0112 8161 0715 1280 ed01 1219  .......a........
0002b7b0: 0620 0201 0813 0014 1001 021e 0015 1281  . ..............
0002b7c0: 0901 1e00 1512 810d 021e 0002 0520 0012  ............. ..
0002b7d0: 816d 0815 1280 a901 1281 7105 2001 1300  .m........q. ...
0002b7e0: 0805 2000 1181 6908 0001 1281 6511 8169  .. ...i.....e..i
0002b7f0: 0d07 0215 1280 bd01 1281 4512 8095 0815  ..........E.....
0002b800: 1281 0901 1281 4508 1512 80bd 0112 8145  ......E........E
0002b810: 85c3 0782 5702 0212 8179 0212 817d 1281  ....W....y...}..
0002b820: 8112 8185 1281 8912 818d 1281 9112 5515  ..............U.
0002b830: 1281 9501 1181 9912 819d 1281 7112 8171  ............q..q
0002b840: 1281 7112 8171 1281 7112 8171 1281 7112  ..q..q..q..q..q.
0002b850: 8171 1281 7112 817d 1281 7d12 813d 1281  .q..q..}..}..=..
0002b860: a112 2512 80d5 1281 a512 81a5 1281 a512  ..%.............
0002b870: 81a5 1281 7d12 2912 813d 1281 7d12 2512  ....}.)..=..}.%.
0002b880: 2112 2112 2d12 2d12 81a9 1280 ad12 80ad  !.!.-.-.........
0002b890: 1280 ad12 817d 1281 3d12 2512 817d 1281  .....}..=.%..}..
0002b8a0: a512 2512 2112 81a5 1280 ad12 80ad 1280  ..%.!...........
0002b8b0: ad12 817d 1225 1281 7d12 81a5 1225 1221  ...}.%..}....%.!
0002b8c0: 1281 a512 80ad 1280 ad12 80ad 1281 7d12  ..............}.
0002b8d0: 813d 1281 7d12 2512 817d 1281 a512 817d  .=..}.%..}.....}
0002b8e0: 1225 1221 1281 a512 80ad 1280 ad12 80ad  .%.!............
0002b8f0: 1281 7d12 813d 1281 7d12 2512 817d 1281  ..}..=..}.%..}..
0002b900: a512 817d 1225 1221 1231 1221 1281 ad12  ...}.%.!.1.!....
0002b910: 8171 1281 7112 8171 1281 7112 80ad 1281  .q..q..q..q.....
0002b920: 7112 8171 1281 7112 80ad 1280 ad12 813d  q..q..q........=
0002b930: 1281 7d12 2512 813d 1281 7d12 2512 813d  ..}.%..=..}.%..=
0002b940: 1281 7d12 2512 813d 1281 7d12 2512 813d  ..}.%..=..}.%..=
0002b950: 1281 7d12 81b1 1280 9112 81a5 1280 d512  ..}.............
0002b960: 81a5 1281 b512 2512 2112 80ad 1280 ad12  ......%.!.......
0002b970: 817d 1281 3d12 3512 817d 1281 3d12 3512  .}..=.5..}..=.5.
0002b980: 2112 817d 1281 3d12 3512 817d 1281 3d12  !..}..=.5..}..=.
0002b990: 3512 3112 3912 2112 2112 1012 81b9 1281  5.1.9.!.!.......
0002b9a0: 7d12 81bd 1269 1d1c 1281 c11c 1269 1281  }....i.......i..
0002b9b0: c512 81c9 1281 cd12 819d 1281 bd12 691d  ..............i.
0002b9c0: 1c12 81c1 1c12 6912 81c5 1281 c91c 1281  ......i.........
0002b9d0: 7d12 81bd 1269 1d1c 1281 c11c 1269 1281  }....i.......i..
0002b9e0: c512 81c9 1281 cd12 817d 1281 bd12 691d  .........}....i.
0002b9f0: 1c12 81c1 1c12 6912 81c5 1281 c912 81cd  ......i.........
0002ba00: 1281 3d12 81bd 1269 1d1c 1281 c11c 1269  ..=....i.......i
0002ba10: 1281 c512 81c9 1c12 81d1 1281 d112 81d1  ................
0002ba20: 1281 d112 817d 1281 bd12 691d 1c12 81c1  .....}....i.....
0002ba30: 1c12 6912 81c5 1281 c912 81cd 1281 3d12  ..i...........=.
0002ba40: 81bd 1269 1d1c 1281 c11c 1269 1281 c512  ...i.......i....
0002ba50: 81c9 1c12 817d 1281 bd12 691d 1c12 81c1  .....}....i.....
0002ba60: 1c12 6912 81c5 1281 c912 81cd 1281 7d12  ..i...........}.
0002ba70: 81bd 1269 1d1c 1281 c11c 1269 1281 c512  ...i.......i....
0002ba80: 81c9 1281 cd12 813d 1281 bd12 691d 1c12  .......=....i...
0002ba90: 81c1 1c12 6912 81c5 1281 c91c 1281 7d12  ....i.........}.
0002baa0: 81bd 1269 1d1c 1281 c11c 1269 1281 c512  ...i.......i....
0002bab0: 81c9 1281 cd12 81d1 1281 d112 817d 1281  .............}..
0002bac0: bd12 691d 1c12 81c1 1c12 6912 81c5 1281  ..i.......i.....
0002bad0: c912 81cd 1281 7d12 81bd 1269 1d1c 1281  ......}....i....
0002bae0: c11c 1269 1281 c512 81c9 1281 cd12 81d1  ...i............
0002baf0: 1281 d112 817d 1281 bd12 691d 1c12 81c1  .....}....i.....
0002bb00: 1c12 6912 81c5 1281 c912 81cd 1281 3d12  ..i...........=.
0002bb10: 81bd 1269 1d1c 1281 c11c 1269 1281 c512  ...i.......i....
0002bb20: 81c9 1c12 817d 1281 bd12 691d 1c12 81c1  .....}....i.....
0002bb30: 1c12 6912 81c5 1281 c912 81cd 1281 7d12  ..i...........}.
0002bb40: 81bd 1269 1d1c 1281 c11c 1269 1281 c512  ...i.......i....
0002bb50: 81c9 1281 cd12 81d1 1281 7d12 81bd 1269  ..........}....i
0002bb60: 1d1c 1281 c11c 1269 1281 c512 81c9 1281  .......i........
0002bb70: cd12 81d1 1281 7d12 81bd 1269 1d1c 1281  ......}....i....
0002bb80: c11c 1269 1281 c512 81c9 1281 cd12 813d  ...i...........=
0002bb90: 1281 bd12 691d 1c12 81c1 1c12 6912 81c5  ....i.......i...
0002bba0: 1281 c91c 1281 7d12 81bd 1269 1d1c 1281  ......}....i....
0002bbb0: c11c 1269 1281 c512 81c9 1281 cd12 817d  ...i...........}
0002bbc0: 1281 bd12 691d 1c12 81c1 1c12 6912 81c5  ....i.......i...
0002bbd0: 1281 c912 81cd 1281 d112 817d 1281 bd12  ...........}....
0002bbe0: 691d 1c12 81c1 1c12 6912 81c5 1281 c912  i.......i.......
0002bbf0: 81cd 1281 3d12 81bd 1269 1d1c 1281 c11c  ....=....i......
0002bc00: 1269 1281 c512 81c9 1c12 817d 1281 bd12  .i.........}....
0002bc10: 691d 1c12 81c1 1c12 6912 81c5 1281 c912  i.......i.......
0002bc20: 81cd 1281 3d12 81bd 1269 1d1c 1281 c11c  ....=....i......
0002bc30: 1269 1281 c512 81c9 1c12 817d 1281 bd12  .i.........}....
0002bc40: 691d 1c12 81c1 1c12 6912 81c5 1281 c912  i.......i.......
0002bc50: 81cd 1281 3d12 81bd 1269 1d1c 1281 c11c  ....=....i......
0002bc60: 1269 1281 c512 81c9 1c12 817d 1281 bd12  .i.........}....
0002bc70: 691d 1c12 81c1 1c12 6912 81c5 1281 c912  i.......i.......
0002bc80: 81cd 1281 3d12 81bd 1269 1d1c 1281 c11c  ....=....i......
0002bc90: 1269 1281 c512 81c9 1c12 817d 1281 bd12  .i.........}....
0002bca0: 691d 1c12 81c1 1c12 6912 81c5 1281 c912  i.......i.......
0002bcb0: 81cd 1281 3d12 81bd 1269 1d1c 1281 c11c  ....=....i......
0002bcc0: 1269 1281 c512 81c9 1c12 817d 1281 bd12  .i.........}....
0002bcd0: 691d 1c12 81c1 1c12 6912 81c5 1281 c912  i.......i.......
0002bce0: 81cd 1281 b112 81bd 1269 1d1c 1281 c11c  .........i......
0002bcf0: 1269 1281 c512 81c9 1c12 81d1 1281 d112  .i..............
0002bd00: 817d 1281 bd12 691d 1c12 81c1 1c12 6912  .}....i.......i.
0002bd10: 81c5 1281 c912 81cd 1281 3d12 81bd 1269  ..........=....i
0002bd20: 1d1c 1281 c11c 1269 1281 c512 81c9 1c12  .......i........
0002bd30: 817d 1281 bd12 691d 1c12 81c1 1c12 6912  .}....i.......i.
0002bd40: 81c5 1281 c912 81cd 1281 3d12 81bd 1269  ..........=....i
0002bd50: 1d1c 1281 c11c 1269 1281 c512 81c9 1c12  .......i........
0002bd60: 817d 1281 bd12 691d 1c12 81c1 1c12 6912  .}....i.......i.
0002bd70: 81c5 1281 c912 81cd 1281 3d12 81bd 1269  ..........=....i
0002bd80: 1d1c 1281 c11c 1269 1281 c512 81c9 1c12  .......i........
0002bd90: 817d 1281 bd12 691d 1c12 81c1 1c12 6912  .}....i.......i.
0002bda0: 81c5 1281 c912 81cd 1281 3d12 81bd 1269  ..........=....i
0002bdb0: 1d1c 1281 c11c 1269 1281 c512 81c9 1c02  .......i........
0002bdc0: 0202 0202 0202 0202 0202 0202 0202 0202  ................
0002bdd0: 0202 0202 0207 0001 1269 1181 d507 0001  .........i......
0002bde0: 1281 dd12 6905 2000 1281 e105 2000 1281  ....i. ..... ...
0002bdf0: e506 2001 0112 81e5 0420 0101 1c06 0001  .. ...... ......
0002be00: 0212 8179 0a00 0015 1281 0d02 1269 0e04  ...y.........i..
0002be10: 2000 1269 0815 1281 0d02 1269 0e06 2001   ..i.......i.. .
0002be20: 1301 1300 0900 0401 1c12 8085 0808 0815  ................
0002be30: 1281 9501 1181 9905 0000 1281 a908 0001  ................
0002be40: 1281 f512 80b5 0900 0201 1280 b512 81f5  ................
0002be50: 0320 000e 0520 0101 1255 0406 1282 0107  . ... ...U......
0002be60: 2002 0112 8201 1c06 2001 0112 820d 0920   ....... ...... 
0002be70: 0301 1d1c 1c12 81f5 0620 0201 1269 1c09  ......... ...i..
0002be80: 2002 0112 821d 1281 e105 2002 0108 0806   ......... .....
0002be90: 2001 0112 822d 0815 1282 3101 1281 cd07   ....-....1.....
0002bea0: 2001 1300 1282 3507 2002 0112 8201 0e07   .....5. .......
0002beb0: 2004 010d 0d0d 0d05 2002 010d 0d06 2001   ....... ..... .
0002bec0: 1c12 8235 0620 011c 1282 0104 0611 8255  ...5. .........U
0002bed0: 0a20 0015 1280 ed01 1282 6508 1512 80f1  . ........e.....
0002bee0: 0112 8265 0620 0101 1182 690f 1512 810d  ...e. ....i.....
0002bef0: 0212 80d5 1511 826d 0202 020f 1512 8271  .......m.......q
0002bf00: 0215 1281 0d02 1280 d51c 0e09 1512 810d  ................
0002bf10: 0212 80d5 1c07 2002 0113 0013 0109 1512  ...... .........
0002bf20: 8275 0212 80d5 022a 2003 0115 1281 0d02  .u.....* .......
0002bf30: 1300 1511 826d 0213 0102 1512 8279 0213  .....m.......y..
0002bf40: 0013 011d 1512 8271 0215 1281 0d02 1300  .......q........
0002bf50: 1c0e 0620 0101 1282 7d08 1512 8231 0112  ... ....}....1..
0002bf60: 81d1 0920 0201 1282 0112 81d1 0620 0101  ... ......... ..
0002bf70: 1281 d116 1512 810d 0212 80d5 1511 826d  ...............m
0002bf80: 0215 1281 3101 1282 8102 1015 1282 7502  ....1.........u.
0002bf90: 1280 d515 1281 3101 1282 810f 1512 810d  ......1.........
0002bfa0: 0212 80d5 1511 826d 0208 0209 1512 8279  .......m.......y
0002bfb0: 0212 80d5 0809 1512 8275 0212 80d5 080f  .........u......
0002bfc0: 1512 810d 0212 81a9 1511 826d 020e 020f  ...........m....
0002bfd0: 1512 8271 0215 1281 0d02 1281 a91c 0e09  ...q............
0002bfe0: 1512 810d 0212 81a9 1c09 1512 8275 0212  .............u..
0002bff0: 81a9 0e08 1512 8291 0112 8145 0920 0015  ...........E. ..
0002c000: 1280 ed01 1300 0f15 1281 0d02 1281 a915  ................
0002c010: 1182 6d02 0202 0915 1282 7502 1281 a902  ..m.......u.....
0002c020: 0620 0101 1281 4508 0002 1282 9d12 690e  . ....E.......i.
0002c030: 0620 0101 1282 a10a 2000 1512 80ed 0112  . ...... .......
0002c040: 81d1 0815 1280 f101 1281 d109 1001 021e  ................
0002c050: 001e 0012 6904 0a01 1210 0910 0102 1e00  ....i...........
0002c060: 1281 f90e 040a 0112 1504 0a01 1221 040a  .............!..
0002c070: 0112 2504 0a01 1229 040a 0112 2d04 0a01  ..%....)....-...
0002c080: 1231 040a 0112 3504 0a01 1239 0306 1261  .1....5....9...a
0002c090: 0407 0112 1404 0a01 1214 2d01 0028 5369  ..........-..(Si
0002c0a0: 6d70 6c65 4d61 696e 5061 6765 2b3c 3c41  mpleMainPage+<<A
0002c0b0: 6473 496e 6974 6961 6c69 7a65 3e62 5f5f  dsInitialize>b__
0002c0c0: 3339 5f30 3e64 0000 0407 0112 1804 0a01  39_0>d..........
0002c0d0: 1218 3501 0030 5369 6d70 6c65 4d61 696e  ..5..0SimpleMain
0002c0e0: 5061 6765 2b3c 3c47 6574 5069 6473 466f  Page+<<GetPidsFo
0002c0f0: 7245 6375 5365 6c65 6374 6564 3e62 5f5f  rEcuSelected>b__
0002c100: 3531 5f30 3e64 0000 0408 0012 101e 0100  51_0>d..........
0002c110: 1950 6167 6573 5c53 696d 706c 654d 6169  .Pages\SimpleMai
0002c120: 6e50 6167 652e 7861 6d6c 0000 0306 115d  nPage.xaml.....]
0002c130: 0507 0208 127d 0520 0101 127d 0620 0101  .....}. ...}. ..
0002c140: 1282 b102 0602 0406 1182 b907 0615 1182  ................
0002c150: bd01 0210 0705 0811 82b9 1218 1511 82bd  ................
0002c160: 0102 127d 0520 0011 82b9 0a30 0202 0110  ...}. .....0....
0002c170: 1e00 101e 0107 0a02 1182 b912 1806 1512  ................
0002c180: 8155 0102 0920 0015 1182 bd01 1300 0615  .U... ..........
0002c190: 1182 bd01 020a 0a02 1511 82bd 0102 1218  ................
0002c1a0: 0306 121c 0a06 1512 810d 0212 8161 0203  .............a..
0002c1b0: 0612 450a 0615 1281 0d02 1281 0502 0c06  ..E.............
0002c1c0: 1512 810d 0212 8105 1280 c10a 0615 1281  ................
0002c1d0: 0d02 1281 4502 1006 1512 810d 0212 80d5  ....E...........
0002c1e0: 1511 826d 0202 020a 0615 1281 0d02 1280  ...m............
0002c1f0: d51c 1706 1512 810d 0212 80d5 1511 826d  ...............m
0002c200: 0215 1281 3101 1282 8102 1006 1512 810d  ....1...........
0002c210: 0212 80d5 1511 826d 0208 020a 0615 1282  .......m........
0002c220: 7902 1280 d508 1006 1512 810d 0212 81a9  y...............
0002c230: 1511 826d 020e 020a 0615 1281 0d02 1281  ...m............
0002c240: a91c 1006 1512 810d 0212 81a9 1511 826d  ...............m
0002c250: 0202 0206 2001 0212 8161 0620 0102 1281  .... ....a. ....
0002c260: 0508 2001 1280 c112 8105 0620 0102 1281  .. ........ ....
0002c270: 450c 0702 1280 d515 1182 6d02 0202 0715  E.........m.....
0002c280: 1182 6d02 0202 0c20 0115 1182 6d02 0202  ..m.... ....m...
0002c290: 1280 d506 2001 1c12 80d5 1307 0212 80d5  .... ...........
0002c2a0: 1511 826d 0215 1281 3101 1282 8102 0e15  ...m....1.......
0002c2b0: 1182 6d02 1512 8131 0112 8281 020a 2000  ..m....1...... .
0002c2c0: 1512 8131 0112 8281 1320 0115 1182 6d02  ...1..... ....m.
0002c2d0: 1512 8131 0112 8281 0212 80d5 0c07 0212  ...1............
0002c2e0: 80d5 1511 826d 0208 0207 1511 826d 0208  .....m.......m..
0002c2f0: 020c 2001 1511 826d 0208 0212 80d5 0607  .. ....m........
0002c300: 0212 80d5 0207 2002 0112 80d5 080c 0702  ...... .........
0002c310: 1281 a915 1182 6d02 0e02 0715 1182 6d02  ......m.......m.
0002c320: 0e02 0c20 0115 1182 6d02 0e02 1281 a906  ... ....m.......
0002c330: 2001 1c12 81a9 0c07 0212 81a9 1511 826d   ..............m
0002c340: 0202 020c 2001 1511 826d 0202 0212 81a9  .... ....m......
0002c350: 0c07 0608 127d 0202 1281 5d12 4505 0001  .....}....].E...
0002c360: 1275 0805 0002 020e 0e04 0701 1224 040a  .u...........$..
0002c370: 0112 243d 0100 3853 696d 706c 654d 6169  ..$=..8SimpleMai
0002c380: 6e50 6167 652b 3c3e 635f 5f44 6973 706c  nPage+<>c__Displ
0002c390: 6179 436c 6173 7333 345f 302b 3c3c 496e  ayClass34_0+<<In
0002c3a0: 6974 6961 6c69 7a65 3e62 5f5f 323e 6400  itialize>b__2>d.
0002c3b0: 0003 0611 7103 0612 2011 0707 0811 82b9  ....q... .......
0002c3c0: 1224 1182 b902 1182 b912 7d07 0a02 1182  .$........}.....
0002c3d0: b912 2404 0000 1275 0206 0e04 0701 1238  ..$....u.......8
0002c3e0: 040a 0112 3842 0100 3d53 696d 706c 654d  ....8B..=SimpleM
0002c3f0: 6169 6e50 6167 652b 3c3e 635f 5f44 6973  ainPage+<>c__Dis
0002c400: 706c 6179 436c 6173 7336 305f 302b 3c3c  playClass60_0+<<
0002c410: 5374 6172 7443 6f6e 6e65 6374 696f 6e3e  StartConnection>
0002c420: 625f 5f36 3e64 0000 0407 0112 3c04 0a01  b__6>d......<...
0002c430: 123c 4201 003d 5369 6d70 6c65 4d61 696e  .<B..=SimpleMain
0002c440: 5061 6765 2b3c 3e63 5f5f 4469 7370 6c61  Page+<>c__Displa
0002c450: 7943 6c61 7373 3630 5f30 2b3c 3c53 7461  yClass60_0+<<Sta
0002c460: 7274 436f 6e6e 6563 7469 6f6e 3e62 5f5f  rtConnection>b__
0002c470: 373e 6400 0004 0701 1234 040a 0112 3442  7>d......4....4B
0002c480: 0100 3d53 696d 706c 654d 6169 6e50 6167  ..=SimpleMainPag
0002c490: 652b 3c3e 635f 5f44 6973 706c 6179 436c  e+<>c__DisplayCl
0002c4a0: 6173 7336 305f 302b 3c3c 5374 6172 7443  ass60_0+<<StartC
0002c4b0: 6f6e 6e65 6374 696f 6e3e 625f 5f34 3e64  onnection>b__4>d
0002c4c0: 0000 0306 1230 2207 1008 0215 1182 bd01  .....0".........
0002c4d0: 0212 3402 0202 0202 1511 82bd 0102 0202  ..4.............
0002c4e0: 1182 b902 1182 b912 7d05 061f 82e1 020c  ........}.......
0002c4f0: 2004 1512 8155 0102 0e0e 0e0e 0a0a 0215   ....U..........
0002c500: 1182 bd01 0212 3405 2000 1182 e505 0002  ......4. .......
0002c510: 0208 0805 0002 0e0e 1c05 0001 0e1d 0e09  ................
0002c520: 0001 1512 8155 0102 0e13 1001 0208 1512  .....U..........
0002c530: 8109 011e 0015 1281 0d02 1e00 0207 0a02  ................
0002c540: 1182 b912 3404 0611 82f5 0420 0102 0e08  ....4...... ....
0002c550: 0000 1512 8101 010e 0615 1281 0101 0e0e  ................
0002c560: 0705 0802 1511 82bd 0102 1238 127d 0a0a  ...........8.}..
0002c570: 0215 1182 bd01 0212 380a 0704 0811 82b9  ........8.......
0002c580: 123c 127d 070a 0211 82b9 123c 0406 1281  .<.}.......<....
0002c590: 5903 0612 4009 0707 0202 0202 0202 0204  Y...@...........
0002c5a0: 0001 020e 0600 030e 0e0e 0e04 0701 1248  ...............H
0002c5b0: 040a 0112 4842 0100 3d53 696d 706c 654d  ....HB..=SimpleM
0002c5c0: 6169 6e50 6167 652b 3c3e 635f 5f44 6973  ainPage+<>c__Dis
0002c5d0: 706c 6179 436c 6173 7336 305f 322b 3c3c  playClass60_2+<<
0002c5e0: 5374 6172 7443 6f6e 6e65 6374 696f 6e3e  StartConnection>
0002c5f0: 625f 5f32 3e64 0000 0407 0112 4c04 0a01  b__2>d......L...
0002c600: 124c 4201 003d 5369 6d70 6c65 4d61 696e  .LB..=SimpleMain
0002c610: 5061 6765 2b3c 3e63 5f5f 4469 7370 6c61  Page+<>c__Displa
0002c620: 7943 6c61 7373 3630 5f32 2b3c 3c53 7461  yClass60_2+<<Sta
0002c630: 7274 436f 6e6e 6563 7469 6f6e 3e62 5f5f  rtConnection>b__
0002c640: 333e 6400 0003 0612 440d 0704 0815 1182  3>d.....D.......
0002c650: bd01 0212 4812 7d09 2001 1512 8155 0102  ....H.}. ....U..
0002c660: 020a 0a02 1511 82bd 0102 1248 0d07 0408  ...........H....
0002c670: 1511 82bd 0102 124c 127d 0a0a 0215 1182  .......L.}......
0002c680: bd01 0212 4c07 0615 1282 fd01 0e04 0701  ....L...........
0002c690: 1254 040a 0112 5442 0100 3d53 696d 706c  .T....TB..=Simpl
0002c6a0: 654d 6169 6e50 6167 652b 3c3e 635f 5f44  eMainPage+<>c__D
0002c6b0: 6973 706c 6179 436c 6173 7336 305f 332b  isplayClass60_3+
0002c6c0: 3c3c 5374 6172 7443 6f6e 6e65 6374 696f  <<StartConnectio
0002c6d0: 6e3e 625f 5f35 3e64 0000 0306 1250 0d07  n>b__5>d.....P..
0002c6e0: 0408 1511 82bd 0102 1254 127d 1220 0315  .........T.}. ..
0002c6f0: 1281 5501 0208 1183 0115 1283 0501 0e0a  ..U.............
0002c700: 0a02 1511 82bd 0102 1254 0406 1283 0904  .........T......
0002c710: 0701 125c 040a 0112 5c42 0100 3d53 696d  ...\....\B..=Sim
0002c720: 706c 654d 6169 6e50 6167 652b 3c3e 635f  pleMainPage+<>c_
0002c730: 5f44 6973 706c 6179 436c 6173 7336 305f  _DisplayClass60_
0002c740: 342b 3c3c 5374 6172 7443 6f6e 6e65 6374  4+<<StartConnect
0002c750: 696f 6e3e 625f 5f38 3e64 0000 0407 0112  ion>b__8>d......
0002c760: 6002 061c 0306 1258 0b20 0101 1512 8109  `......X. ......
0002c770: 0112 830d 1307 0808 0202 1511 82bd 0102  ................
0002c780: 126c 0211 82b9 127d 0a0a 0215 1182 bd01  .l.....}........
0002c790: 0212 6c06 0001 1275 1245 070a 0211 82b9  ..l....u.E......
0002c7a0: 126c 0306 127d 0f07 0608 0202 1511 82bd  .l...}..........
0002c7b0: 0102 1270 127d 0a0a 0215 1182 bd01 0212  ...p.}..........
0002c7c0: 7005 0a01 1283 1103 0612 280a 0704 0811  p.........(.....
0002c7d0: 82b9 1274 127d 070a 0211 82b9 1274 0706  ...t.}.......t..
0002c7e0: 1511 8151 010e 3507 1408 0e02 0202 1182  ...Q..5.........
0002c7f0: b912 7802 0215 1182 bd01 0211 82b9 0202  ..x.............
0002c800: 1511 82bd 0102 1511 82bd 0102 0202 1511  ................
0002c810: 82bd 0102 1511 82bd 0102 127d 070a 0211  ...........}....
0002c820: 82b9 1278 0920 0115 1281 5501 020e 0a0a  ...x. ....U.....
0002c830: 0215 1182 bd01 0212 7806 0003 0e0e 1c1c  ........x.......
0002c840: 0720 0202 0e11 8315 0f07 0708 0211 82b9  . ..............
0002c850: 127c 0212 7d11 82b9 070a 0211 82b9 127c  .|..}..........|
0002c860: 0c07 0508 1182 b912 8080 0212 7d06 2001  ............}. .
0002c870: 0112 8319 080a 0211 82b9 1280 8007 1512  ................
0002c880: 8321 0112 750b 0001 1275 1512 8321 0112  .!..u....u...!..
0002c890: 7507 0704 0802 0212 7d06 0001 0112 80d5  u.......}.......
0002c8a0: 0b07 0408 1182 b912 8088 127d 0600 0111  ...........}....
0002c8b0: 8325 0d07 0001 1275 1183 2508 0a02 1182  .%.....u..%.....
0002c8c0: b912 8088 0e07 0508 1182 b912 808c 1182  ................
0002c8d0: b912 7d08 0a02 1182 b912 808c 0520 0012  ..}.......... ..
0002c8e0: 832d 0720 0112 7512 80e9 0e07 0508 1182  .-. ..u.........
0002c8f0: b912 8090 1182 b912 7d08 0a02 1182 b912  ........}.......
0002c900: 8090 0406 1283 3904 0612 833d 0f07 0608  ......9....=....
0002c910: 0211 82b9 1280 9411 82b9 127d 0820 0212  ...........}. ..
0002c920: 7512 80e9 0208 0a02 1182 b912 8094 0406  u...............
0002c930: 1183 4104 0612 8345 0406 1182 e504 0612  ..A....E........
0002c940: 820d 0706 1512 82fd 0108 0406 1183 4909  ..............I.
0002c950: 0615 1182 bd01 1183 4107 0615 1182 bd01  ........A.......
0002c960: 0e04 0611 8351 8093 0748 0802 0202 0202  .....Q...H......
0002c970: 0202 1511 82bd 0102 1280 9802 0215 1182  ................
0002c980: bd01 1183 4111 82b9 0211 82b9 0211 82b9  ....A...........
0002c990: 0211 82b9 0211 82b9 0202 0211 82b9 127d  ...............}
0002c9a0: 0202 0202 1182 b902 1511 82bd 010e 0211  ................
0002c9b0: 82b9 1182 b902 0211 8351 1183 4d02 0215  .........Q..M...
0002c9c0: 1182 bd01 0211 8351 1182 e511 82e5 0202  .......Q........
0002c9d0: 0202 0202 0211 8351 0208 0202 0202 1511  .......Q........
0002c9e0: 82bd 0102 0215 1182 bd01 0e02 1182 b902  ................
0002c9f0: 0211 82b9 0211 82b9 1182 b905 2000 1283  ............ ...
0002ca00: 550a 2000 1512 8155 0111 8341 0815 1281  U. ....U...A....
0002ca10: 5501 1183 4108 1511 82bd 0111 8341 0d0a  U...A........A..
0002ca20: 0215 1182 bd01 1183 4112 8098 0520 0201  ........A.... ..
0002ca30: 0202 080a 0211 82b9 1280 9805 0000 1280  ................
0002ca40: e905 0000 1283 6505 0a01 1283 6905 0a01  ......e.....i...
0002ca50: 1281 5906 1512 8155 010e 0615 1182 bd01  ..Y....U........
0002ca60: 0e0b 0a02 1511 82bd 010e 1280 9805 0000  ................
0002ca70: 1283 6d0a 2000 1512 8131 0112 8371 0815  ..m. ....1...q..
0002ca80: 1281 3501 1283 7105 2000 1283 4505 0000  ..5...q. ...E...
0002ca90: 1283 7506 0001 0112 8375 0620 0111 834d  ..u......u. ...M
0002caa0: 0205 2000 1183 5108 0a02 1183 5112 8098  .. ...Q.....Q...
0002cab0: 0800 0015 1281 5501 020b 0a02 1511 82bd  ......U.........
0002cac0: 0102 1280 9805 0001 1275 0e06 1512 82fd  .........u......
0002cad0: 010e 0615 1283 8501 0e0a 2001 0115 1283  .......... .....
0002cae0: 8501 1300 0b00 0212 8389 1283 8912 8389  ................
0002caf0: 0615 1283 8d01 0806 1512 82fd 0108 0a20  ............... 
0002cb00: 0101 1512 838d 0113 0005 2000 1183 4911  .......... ...I.
0002cb10: 0002 1512 8155 010e 1512 8305 0108 1183  .....U..........
0002cb20: 4905 2000 1283 9106 2001 0112 8391 0706  I. ..... .......
0002cb30: 1511 8151 0102 0306 1268 0e07 0708 0202  ...Q.....h......
0002cb40: 0211 82b9 1280 9c12 7d08 0a02 1182 b912  ........}.......
0002cb50: 809c 0406 1280 e912 0709 0802 0211 82b9  ................
0002cb60: 1280 a002 0211 82b9 127d 080a 0211 82b9  .........}......
0002cb70: 1280 a00f 0706 0802 1182 b912 80a4 1182  ................
0002cb80: b912 7d08 0a02 1182 b912 80a4 0406 1283  ..}.............
0002cb90: 9d04 0612 83a1 1b07 0c08 0202 0202 1182  ................
0002cba0: b912 80a8 1182 b911 82b9 1182 b911 82b9  ................
0002cbb0: 127d 0520 0011 83a5 080a 0211 82b9 1280  .}. ............
0002cbc0: a804 0612 83b1 0c07 0508 0211 82b9 1280  ................
0002cbd0: ac12 7d08 0a02 1182 b912 80ac 0c07 0508  ..}.............
0002cbe0: 0211 82b9 1280 b012 7d05 2001 1275 0e08  ........}. ..u..
0002cbf0: 0a02 1182 b912 80b0 0600 0101 1180 f90c  ................
0002cc00: 0705 0802 1182 b912 80b4 127d 080a 0211  ...........}....
0002cc10: 82b9 1280 b404 0612 83bd 0c07 0508 0211  ................
0002cc20: 82b9 1280 b812 7d08 0a02 1182 b912 80b8  ......}.........
0002cc30: 0406 1283 c10b 0704 0811 82b9 1280 bc12  ................
0002cc40: 7d08 0a02 1182 b912 80bc 0406 1283 c50f  }...............
0002cc50: 0706 0802 1182 b912 80c0 1182 b912 7d08  ..............}.
0002cc60: 0a02 1182 b912 80c0 0406 1283 c90c 0705  ................
0002cc70: 0802 1182 b912 80c4 127d 080a 0211 82b9  .........}......
0002cc80: 1280 c41e 070c 0802 0808 1182 b912 80c8  ................
0002cc90: 1182 b902 1511 82bd 0102 1182 b911 82b9  ................
0002cca0: 127d 080a 0211 82b9 1280 c80b 0a02 1511  .}..............
0002ccb0: 82bd 0102 1280 c804 0612 8145 1a07 0908  ...........E....
0002ccc0: 0202 1511 82bd 0102 1280 cc11 82b9 0215  ................
0002ccd0: 1182 bd01 0212 7d10 0004 1512 8155 0102  ......}......U..
0002cce0: 1280 950d 0912 83d1 0b0a 0215 1182 bd01  ................
0002ccf0: 0212 80cc 080a 0211 82b9 1280 cc0b 0704  ................
0002cd00: 0811 82b9 1280 d012 7d08 0a02 1182 b912  ........}.......
0002cd10: 80d0 0406 1283 dd0b 0704 0811 82b9 1280  ................
0002cd20: d412 7d08 0a02 1182 b912 80d4 0406 1283  ..}.............
0002cd30: e10b 0704 0811 82b9 1280 d812 7d08 0a02  ............}...
0002cd40: 1182 b912 80d8 0406 1283 e50c 0705 0802  ................
0002cd50: 1182 b912 80dc 127d 080a 0211 82b9 1280  .......}........
0002cd60: dc03 0612 7508 0615 1182 bd01 1275 2007  ....u........u .
0002cd70: 0a08 0215 1182 bd01 0212 80e0 0202 1511  ................
0002cd80: 82bd 0112 7502 1511 82bd 0112 7512 7d0b  ....u.......u.}.
0002cd90: 0a02 1511 82bd 0102 1280 e00c 0001 1512  ................
0002cda0: 8155 0112 751d 1275 0715 1281 5501 1275  .U..u..u....U..u
0002cdb0: 0715 1182 bd01 1275 0c0a 0215 1182 bd01  .......u........
0002cdc0: 1275 1280 e004 0612 83e9 0906 1511 82bd  .u..............
0002cdd0: 0112 80e9 1f07 0a08 0211 82b9 1280 e402  ................
0002cde0: 1511 82bd 0102 1182 b902 1511 82bd 0112  ................
0002cdf0: 80e9 127d 080a 0211 82b9 1280 e40b 0a02  ...}............
0002ce00: 1511 82bd 0102 1280 e40a 2000 1512 8155  .......... ....U
0002ce10: 0112 80e9 0815 1281 5501 1280 e908 1511  ........U.......
0002ce20: 82bd 0112 80e9 0d0a 0215 1182 bd01 1280  ................
0002ce30: e912 80e4 0c07 0508 0211 82b9 1280 e812  ................
0002ce40: 7d08 0a02 1182 b912 80e8 0507 0212 6902  }.............i.
0002ce50: 0920 0212 829d 0e11 83f5 0900 0202 1282  . ..............
0002ce60: 9d12 829d 021e 000d 2005 1c0e 1183 f512  ........ .......
0002ce70: 83fd 1c1d 1c08 1001 0301 1c0e 1e00 0b07  ................
0002ce80: 0312 5515 1280 bd01 0e0e 0820 0015 1280  ..U........ ....
0002ce90: f101 0e06 1512 8109 010e 0615 1280 bd01  ................
0002cea0: 0e06 2001 0112 80e9 0520 0012 8401 0520  .. ...... ..... 
0002ceb0: 0012 80e9 050a 0112 832d 4307 1f0d 0d0d  .........-C.....
0002cec0: 0d0d 0d0d 0d11 80b9 0202 1284 0512 81b1  ................
0002ced0: 1284 0512 8409 1284 0512 8409 1284 0d12  ................
0002cee0: 8411 1284 0512 8415 1255 1280 f012 81b9  .........U......
0002cef0: 1281 b912 81b9 1281 b908 1d1c 1c1c 0620  ............... 
0002cf00: 0101 1284 190b 0000 1512 841d 0212 8421  ...............!
0002cf10: 0e09 0004 011c 1284 2508 0806 2001 0112  ........%... ...
0002cf20: 8421 0620 0101 1282 010a 2000 1512 8429  .!. ...... ....)
0002cf30: 0112 8405 0815 1280 f101 1284 0507 2002  .............. .
0002cf40: 0112 8421 1c09 2002 0112 8431 1284 3506  ...!.. ....1..5.
0002cf50: 2001 0112 8439 0620 011c 1284 3d0a 2000   ....9. ....=. .
0002cf60: 1512 8429 0112 8409 0815 1280 f101 1284  ...)............
0002cf70: 0906 2001 0112 840d 0620 0101 1284 1505  .. ...... ......
0002cf80: 0a01 1280 f00d 0100 0841 7070 2e78 616d  .........App.xam
0002cf90: 6c00 0004 0612 80f8 0a07 040e 1280 f812  l...............
0002cfa0: 8441 0e05 0002 0e0e 0e06 2001 0112 8449  .A........ ....I
0002cfb0: 1307 0712 2512 844d 1280 f812 3112 80f4  ....%..M....1...
0002cfc0: 1281 b91c 0420 0101 0d07 2002 1c0e 1284  ..... .... .....
0002cfd0: 3d09 2000 1512 8429 0113 0005 0a01 1280  =. ....)........
0002cfe0: f405 0a01 1280 f812 0100 0d4d 6169 6e50  ...........MainP
0002cff0: 6167 652e 7861 6d6c 0000 1106 1512 8469  age.xaml.......i
0002d000: 0212 846d 1512 8471 0112 846d 0406 1282  ...m...q...m....
0002d010: dd04 0612 8475 0406 1283 6910 1512 8469  .....u....i....i
0002d020: 0212 846d 1512 8471 0112 846d 0815 1281  ...m...q...m....
0002d030: 3101 1281 0508 1512 8385 0112 8479 0b20  1............y. 
0002d040: 0101 1512 8385 0112 8479 0720 0201 1c12  .........y. ....
0002d050: 8479 0507 0112 81dc 050a 0112 81dc 3201  .y............2.
0002d060: 002d 4361 7244 656d 6f2e 436f 6e74 726f  .-CarDemo.Contro
0002d070: 6c73 2e4d 6169 6e57 6562 5669 6577 2b3c  ls.MainWebView+<
0002d080: 496e 6974 6961 6c69 7a65 3e64 5f5f 3300  Initialize>d__3.
0002d090: 0005 0701 1281 cc05 0a01 1281 cc3a 0100  .............:..
0002d0a0: 3543 6172 4465 6d6f 2e43 6f6e 7472 6f6c  5CarDemo.Control
0002d0b0: 732e 4d61 696e 5765 6256 6965 772b 3c43  s.MainWebView+<C
0002d0c0: 6f6e 6e65 6374 696f 6e6f 6e4c 6175 6e63  onnectiononLaunc
0002d0d0: 683e 645f 5f34 0000 0507 0112 81a8 0507  h>d__4..........
0002d0e0: 0112 81fc 050a 0112 81fc 0620 0112 751d  ........... ..u.
0002d0f0: 1c33 0100 2e43 6172 4465 6d6f 2e43 6f6e  .3...CarDemo.Con
0002d100: 7472 6f6c 732e 4d61 696e 5765 6256 6965  trols.MainWebVie
0002d110: 772b 3c63 6f6e 736f 6c65 5f6c 6f67 3e64  w+<console_log>d
0002d120: 5f5f 3600 0005 0701 1282 0005 0a01 1282  __6.............
0002d130: 0034 0100 2f43 6172 4465 6d6f 2e43 6f6e  .4../CarDemo.Con
0002d140: 7472 6f6c 732e 4d61 696e 5765 6256 6965  trols.MainWebVie
0002d150: 772b 3c63 6f6e 736f 6c65 5f77 6172 6e3e  w+<console_warn>
0002d160: 645f 5f37 0000 0507 0112 81f8 050a 0112  d__7............
0002d170: 81f8 3501 0030 4361 7244 656d 6f2e 436f  ..5..0CarDemo.Co
0002d180: 6e74 726f 6c73 2e4d 6169 6e57 6562 5669  ntrols.MainWebVi
0002d190: 6577 2b3c 636f 6e73 6f6c 655f 6572 726f  ew+<console_erro
0002d1a0: 723e 645f 5f38 0000 0507 0112 81f0 050a  r>d__8..........
0002d1b0: 0112 81f0 0920 0312 750a 0212 846d 3901  ..... ..u....m9.
0002d1c0: 0034 4361 7244 656d 6f2e 436f 6e74 726f  .4CarDemo.Contro
0002d1d0: 6c73 2e4d 6169 6e57 6562 5669 6577 2b3c  ls.MainWebView+<
0002d1e0: 5365 7450 726f 6d69 7365 5265 7375 6c74  SetPromiseResult
0002d1f0: 3e64 5f5f 3130 0000 0507 0112 81b8 050a  >d__10..........
0002d200: 0112 81b8 0720 0212 750e 1d1c 2d01 0028  ..... ..u...-..(
0002d210: 4361 7244 656d 6f2e 436f 6e74 726f 6c73  CarDemo.Controls
0002d220: 2e4d 6169 6e57 6562 5669 6577 2b3c 4361  .MainWebView+<Ca
0002d230: 6c6c 3e64 5f5f 3131 0000 0907 0115 1281  ll>d__11........
0002d240: bc01 1e00 0715 1281 bc01 1e00 0715 1181  ................
0002d250: 5101 1e00 0806 1511 8151 0113 0003 061d  Q........Q......
0002d260: 1c09 0a01 1512 81bc 011e 000d 3001 0215  ............0...
0002d270: 1281 5501 1e00 0e1d 1c33 0100 2e43 6172  ..U......3...Car
0002d280: 4465 6d6f 2e43 6f6e 7472 6f6c 732e 4d61  Demo.Controls.Ma
0002d290: 696e 5765 6256 6965 772b 3c43 616c 6c46  inWebView+<CallF
0002d2a0: 756e 633e 645f 5f31 3260 3100 0009 0701  unc>d__12`1.....
0002d2b0: 1512 8138 011e 0007 1512 8138 011e 000d  ...8.......8....
0002d2c0: 0615 1283 2101 1512 8155 0113 0011 3001  ....!....U....0.
0002d2d0: 0201 1512 8321 0115 1281 5501 1e00 0e09  .....!....U.....
0002d2e0: 0701 1512 8140 011e 0007 1512 8140 011e  .....@.......@..
0002d2f0: 0006 2001 1284 810e 0406 1284 810c 1512  .. .............
0002d300: 8321 0115 1281 5501 1e00 040a 011e 0007  .!....U.........
0002d310: 3001 0201 0e1d 1c05 0701 1281 c805 0a01  0...............
0002d320: 1281 c80b 2003 1512 8155 0102 0e0e 0235  .... ....U.....5
0002d330: 0100 3043 6172 4465 6d6f 2e43 6f6e 7472  ..0CarDemo.Contr
0002d340: 6f6c 732e 4d61 696e 5765 6256 6965 772b  ols.MainWebView+
0002d350: 3c43 6f6e 6e65 6374 4173 796e 633e 645f  <ConnectAsync>d_
0002d360: 5f31 3500 0005 0701 1281 f405 0a01 1281  _15.............
0002d370: f436 0100 3143 6172 4465 6d6f 2e43 6f6e  .6..1CarDemo.Con
0002d380: 7472 6f6c 732e 4d61 696e 5765 6256 6965  trols.MainWebVie
0002d390: 772b 3c55 7064 6174 6556 494e 496e 666f  w+<UpdateVINInfo
0002d3a0: 3e64 5f5f 3136 0000 0507 0112 81c0 050a  >d__16..........
0002d3b0: 0112 81c0 3c01 0037 4361 7244 656d 6f2e  ....<..7CarDemo.
0002d3c0: 436f 6e74 726f 6c73 2e4d 6169 6e57 6562  Controls.MainWeb
0002d3d0: 5669 6577 2b3c 4368 6563 6b57 6946 6943  View+<CheckWiFiC
0002d3e0: 6f6e 6e65 6374 696f 6e3e 645f 5f31 3700  onnection>d__17.
0002d3f0: 0005 0701 1281 ec05 0a01 1281 ec38 0100  .............8..
0002d400: 3343 6172 4465 6d6f 2e43 6f6e 7472 6f6c  3CarDemo.Control
0002d410: 732e 4d61 696e 5765 6256 6965 772b 3c53  s.MainWebView+<S
0002d420: 6574 5072 6f67 7265 7373 5465 7874 3e64  etProgressText>d
0002d430: 5f5f 3138 0000 0507 0112 81d4 050a 0112  __18............
0002d440: 81d4 0400 0000 0035 0100 3043 6172 4465  .......5..0CarDe
0002d450: 6d6f 2e43 6f6e 7472 6f6c 732e 4d61 696e  mo.Controls.Main
0002d460: 5765 6256 6965 772b 3c44 6973 706c 6179  WebView+<Display
0002d470: 416c 6572 743e 645f 5f31 3900 0005 0701  Alert>d__19.....
0002d480: 1281 d005 0a01 1281 d038 0100 3343 6172  .........8..3Car
0002d490: 4465 6d6f 2e43 6f6e 7472 6f6c 732e 4d61  Demo.Controls.Ma
0002d4a0: 696e 5765 6256 6965 772b 3c44 6973 636f  inWebView+<Disco
0002d4b0: 6e6e 6563 7441 7379 6e63 3e64 5f5f 3230  nnectAsync>d__20
0002d4c0: 0000 0307 010e 0400 010e 1c15 0706 1284  ................
0002d4d0: 8915 1280 bd01 1284 6d12 846d 1281 0502  ........m..m....
0002d4e0: 0206 0001 1284 890e 0a20 0015 1280 bd01  ......... ......
0002d4f0: 1284 6d08 1512 80bd 0112 846d 0600 0108  ..m........m....
0002d500: 1284 6d05 0000 1281 0508 1512 8385 0112  ..m.............
0002d510: 8105 0b20 0101 1512 8385 0112 8105 0d07  ... ............
0002d520: 0215 1280 bd01 1281 0512 8105 0815 1280  ................
0002d530: bd01 1281 0505 0701 1281 7407 2002 011c  ..........t. ...
0002d540: 1281 0505 0701 1281 d805 0a01 1281 d808  ................
0002d550: 2000 1512 8155 010e 3b01 0036 4361 7244   ....U..;..6CarD
0002d560: 656d 6f2e 436f 6e74 726f 6c73 2e4d 6169  emo.Controls.Mai
0002d570: 6e57 6562 5669 6577 2b3c 4765 7441 6c6c  nWebView+<GetAll
0002d580: 5365 6e73 6f72 7341 7379 6e63 3e64 5f5f  SensorsAsync>d__
0002d590: 3339 0000 0507 0112 81e4 050a 0112 81e4  39..............
0002d5a0: 0920 0115 1281 5501 0e0e 3901 0034 4361  . ....U...9..4Ca
0002d5b0: 7244 656d 6f2e 436f 6e74 726f 6c73 2e4d  rDemo.Controls.M
0002d5c0: 6169 6e57 6562 5669 6577 2b3c 5265 6164  ainWebView+<Read
0002d5d0: 4543 5549 6e66 6f41 7379 6e63 3e64 5f5f  ECUInfoAsync>d__
0002d5e0: 3430 0000 1407 0512 83a9 1284 8915 1280  40..............
0002d5f0: bd01 1284 8d12 848d 0e0a 2000 1512 8131  .......... ....1
0002d600: 0112 848d 0815 1281 3501 1284 8d08 1512  ........5.......
0002d610: 80bd 0112 848d 0600 0112 846d 0e07 2002  ...........m.. .
0002d620: 010e 1284 6d06 0001 1284 6d02 0600 0112  ....m.....m.....
0002d630: 846d 0808 2000 1512 8101 010e 0620 0101  .m.. ........ ..
0002d640: 1284 6d08 2000 1512 8131 010e 0607 0212  ..m. ....1......
0002d650: 8495 0e07 2002 1284 950e 0e04 2001 0e0e  .... ....... ...
0002d660: 0807 0212 8495 1284 9908 1512 8135 0112  .............5..
0002d670: 8499 0520 0201 0e08 0807 0212 83a9 1284  ... ............
0002d680: 8d07 2001 1275 1284 8d05 0701 1281 c405  .. ..u..........
0002d690: 0a01 1281 c436 0100 3143 6172 4465 6d6f  .....6..1CarDemo
0002d6a0: 2e43 6f6e 7472 6f6c 732e 4d61 696e 5765  .Controls.MainWe
0002d6b0: 6256 6965 772b 3c43 6c65 6172 4454 4341  bView+<ClearDTCA
0002d6c0: 7379 6e63 3e64 5f5f 3437 0000 0507 0112  sync>d__47......
0002d6d0: 81e0 050a 0112 81e0 3501 0030 4361 7244  ........5..0CarD
0002d6e0: 656d 6f2e 436f 6e74 726f 6c73 2e4d 6169  emo.Controls.Mai
0002d6f0: 6e57 6562 5669 6577 2b3c 5265 6164 4454  nWebView+<ReadDT
0002d700: 4341 7379 6e63 3e64 5f5f 3438 0000 0507  CAsync>d__48....
0002d710: 0112 81e8 050a 0112 81e8 0920 0115 1281  ........... ....
0002d720: 5501 0e08 3d01 0038 4361 7244 656d 6f2e  U...=..8CarDemo.
0002d730: 436f 6e74 726f 6c73 2e4d 6169 6e57 6562  Controls.MainWeb
0002d740: 5669 6577 2b3c 5265 6164 4672 6565 7a65  View+<ReadFreeze
0002d750: 4672 616d 6541 7379 6e63 3e64 5f5f 3439  FrameAsync>d__49
0002d760: 0000 0707 0302 0211 8349 0500 0012 8475  .........I.....u
0002d770: 0815 1283 8501 1284 a10b 2001 0115 1283  .......... .....
0002d780: 8501 1284 a105 2000 1284 a508 1512 8385  ...... .........
0002d790: 0112 84a9 0b20 0101 1512 8385 0112 84a9  ..... ..........
0002d7a0: 1420 0412 7512 84ad 1512 810d 0212 84b1  . ..u...........
0002d7b0: 0202 1183 4905 0701 1281 8008 0702 1281  ....I...........
0002d7c0: 8811 84b5 0406 1284 b105 2000 1184 b908  .......... .....
0002d7d0: 0001 1284 6d11 84b9 0520 0011 84b5 0720  ....m.... ..... 
0002d7e0: 0201 1c12 84a9 0807 0212 8190 1184 bd05  ................
0002d7f0: 2000 1184 bd07 2002 011c 1284 a105 0703   ..... .........
0002d800: 0202 0205 0000 1284 c105 2000 1283 6906  .......... ...i.
0002d810: 2001 0112 84c5 0620 0101 1284 c906 2001   ...... ...... .
0002d820: 0112 84cd 0507 0112 8198 0920 0201 1283  ........... ....
0002d830: 6912 84d1 0507 0112 81a0 0620 0101 1283  i.......... ....
0002d840: 6905 0701 1281 b005 0701 1281 0405 0a01  i...............
0002d850: 1281 043f 0100 3a43 6172 4465 6d6f 2e43  ...?..:CarDemo.C
0002d860: 6f6e 7472 6f6c 732e 4d61 696e 5765 6256  ontrols.MainWebV
0002d870: 6965 772b 3c3c 5465 7374 4461 7368 626f  iew+<<TestDashbo
0002d880: 6172 6450 6167 653e 625f 5f32 315f 303e  ardPage>b__21_0>
0002d890: 6400 0005 0701 1281 1c05 0a01 1281 1c3e  d..............>
0002d8a0: 0100 3943 6172 4465 6d6f 2e43 6f6e 7472  ..9CarDemo.Contr
0002d8b0: 6f6c 732e 4d61 696e 5765 6256 6965 772b  ols.MainWebView+
0002d8c0: 3c3c 5465 7374 4c69 7665 4461 7461 5061  <<TestLiveDataPa
0002d8d0: 6765 3e62 5f5f 3232 5f30 3e64 0000 0507  ge>b__22_0>d....
0002d8e0: 0112 8128 050a 0112 8128 3d01 0038 4361  ...(.....(=..8Ca
0002d8f0: 7244 656d 6f2e 436f 6e74 726f 6c73 2e4d  rDemo.Controls.M
0002d900: 6169 6e57 6562 5669 6577 2b3c 3c54 6573  ainWebView+<<Tes
0002d910: 7453 656e 736f 7273 5061 6765 3e62 5f5f  tSensorsPage>b__
0002d920: 3233 5f30 3e64 0000 0507 0112 80fc 050a  23_0>d..........
0002d930: 0112 80fc 3901 0034 4361 7244 656d 6f2e  ....9..4CarDemo.
0002d940: 436f 6e74 726f 6c73 2e4d 6169 6e57 6562  Controls.MainWeb
0002d950: 5669 6577 2b3c 3c54 6573 7444 5443 5061  View+<<TestDTCPa
0002d960: 6765 3e62 5f5f 3234 5f30 3e64 0000 0507  ge>b__24_0>d....
0002d970: 0112 8100 050a 0112 8100 3901 0034 4361  ..........9..4Ca
0002d980: 7244 656d 6f2e 436f 6e74 726f 6c73 2e4d  rDemo.Controls.M
0002d990: 6169 6e57 6562 5669 6577 2b3c 3c54 6573  ainWebView+<<Tes
0002d9a0: 7444 5443 5061 6765 3e62 5f5f 3234 5f31  tDTCPage>b__24_1
0002d9b0: 3e64 0000 0507 0112 8110 050a 0112 8110  >d..............
0002d9c0: 4101 003c 4361 7244 656d 6f2e 436f 6e74  A..<CarDemo.Cont
0002d9d0: 726f 6c73 2e4d 6169 6e57 6562 5669 6577  rols.MainWebView
0002d9e0: 2b3c 3c54 6573 7446 7265 657a 6546 7261  +<<TestFreezeFra
0002d9f0: 6d65 5061 6765 3e62 5f5f 3235 5f30 3e64  mePage>b__25_0>d
0002da00: 0000 0507 0112 8120 050a 0112 8120 3c01  ....... ..... <.
0002da10: 0037 4361 7244 656d 6f2e 436f 6e74 726f  .7CarDemo.Contro
0002da20: 6c73 2e4d 6169 6e57 6562 5669 6577 2b3c  ls.MainWebView+<
0002da30: 3c54 6573 744d 6f64 6530 3650 6167 653e  <TestMode06Page>
0002da40: 625f 5f32 365f 303e 6400 0005 0701 1281  b__26_0>d.......
0002da50: 1805 0a01 1281 183c 0100 3743 6172 4465  .......<..7CarDe
0002da60: 6d6f 2e43 6f6e 7472 6f6c 732e 4d61 696e  mo.Controls.Main
0002da70: 5765 6256 6965 772b 3c3c 5465 7374 4761  WebView+<<TestGa
0002da80: 7261 6765 5061 6765 3e62 5f5f 3237 5f30  ragePage>b__27_0
0002da90: 3e64 0000 0507 0112 812c 050a 0112 812c  >d.......,.....,
0002daa0: 3e01 0039 4361 7244 656d 6f2e 436f 6e74  >..9CarDemo.Cont
0002dab0: 726f 6c73 2e4d 6169 6e57 6562 5669 6577  rols.MainWebView
0002dac0: 2b3c 3c54 6573 7453 6574 7469 6e67 7350  +<<TestSettingsP
0002dad0: 6167 653e 625f 5f32 385f 303e 6400 0005  age>b__28_0>d...
0002dae0: 0701 1281 0805 0a01 1281 083d 0100 3843  ...........=..8C
0002daf0: 6172 4465 6d6f 2e43 6f6e 7472 6f6c 732e  arDemo.Controls.
0002db00: 4d61 696e 5765 6256 6965 772b 3c3c 5465  MainWebView+<<Te
0002db10: 7374 4543 5549 6e66 6f50 6167 653e 625f  stECUInfoPage>b_
0002db20: 5f32 395f 303e 6400 0005 0701 1281 2405  _29_0>d.......$.
0002db30: 0a01 1281 243d 0100 3843 6172 4465 6d6f  ....$=..8CarDemo
0002db40: 2e43 6f6e 7472 6f6c 732e 4d61 696e 5765  .Controls.MainWe
0002db50: 6256 6965 772b 3c3c 5465 7374 5265 636f  bView+<<TestReco
0002db60: 7264 7350 6167 653e 625f 5f33 305f 303e  rdsPage>b__30_0>
0002db70: 6400 0005 0701 1281 3005 0a01 1281 303b  d.......0.....0;
0002db80: 0100 3643 6172 4465 6d6f 2e43 6f6e 7472  ..6CarDemo.Contr
0002db90: 6f6c 732e 4d61 696e 5765 6256 6965 772b  ols.MainWebView+
0002dba0: 3c3c 5465 7374 5370 6565 6450 6167 653e  <<TestSpeedPage>
0002dbb0: 625f 5f33 315f 303e 6400 0005 0701 1281  b__31_0>d.......
0002dbc0: 1405 0a01 1281 143f 0100 3a43 6172 4465  .......?..:CarDe
0002dbd0: 6d6f 2e43 6f6e 7472 6f6c 732e 4d61 696e  mo.Controls.Main
0002dbe0: 5765 6256 6965 772b 3c3c 5465 7374 4675  WebView+<<TestFu
0002dbf0: 656c 5374 6174 7350 6167 653e 625f 5f33  elStatsPage>b__3
0002dc00: 325f 303e 6400 0005 0701 1281 0c05 0a01  2_0>d...........
0002dc10: 1281 0c3e 0100 3943 6172 4465 6d6f 2e43  ...>..9CarDemo.C
0002dc20: 6f6e 7472 6f6c 732e 4d61 696e 5765 6256  ontrols.MainWebV
0002dc30: 6965 772b 3c3c 5465 7374 456d 6973 7369  iew+<<TestEmissi
0002dc40: 6f6e 5061 6765 3e62 5f5f 3333 5f30 3e64  onPage>b__33_0>d
0002dc50: 0000 1000 0401 1284 d515 1281 0101 1283  ................
0002dc60: 0d0e 0e0b 2001 0115 1281 0101 1283 0d0e  .... ...........
0002dc70: 0705 0811 82b9 1280 fc11 82b9 127d 080a  .............}..
0002dc80: 0211 82b9 1280 fc0b 0704 0811 82b9 1281  ................
0002dc90: 0012 7d08 0a02 1182 b912 8100 0b07 0408  ..}.............
0002dca0: 1182 b912 8104 127d 080a 0211 82b9 1281  .......}........
0002dcb0: 040b 0704 0811 82b9 1281 0812 7d08 0a02  ............}...
0002dcc0: 1182 b912 8108 0b07 0408 1182 b912 810c  ................
0002dcd0: 127d 080a 0211 82b9 1281 0c0b 0704 0811  .}..............
0002dce0: 82b9 1281 1012 7d08 0a02 1182 b912 8110  ......}.........
0002dcf0: 0b07 0408 1182 b912 8114 127d 080a 0211  ...........}....
0002dd00: 82b9 1281 140b 0704 0811 82b9 1281 1812  ................
0002dd10: 7d08 0a02 1182 b912 8118 0b07 0408 1182  }...............
0002dd20: b912 811c 127d 080a 0211 82b9 1281 1c0b  .....}..........
0002dd30: 0704 0811 82b9 1281 2012 7d08 0a02 1182  ........ .}.....
0002dd40: b912 8120 0b07 0408 1182 b912 8124 127d  ... .........$.}
0002dd50: 080a 0211 82b9 1281 240b 0704 0811 82b9  ........$.......
0002dd60: 1281 2812 7d08 0a02 1182 b912 8128 0b07  ..(.}........(..
0002dd70: 0408 1182 b912 812c 127d 080a 0211 82b9  .......,.}......
0002dd80: 1281 2c0b 0704 0811 82b9 1281 3012 7d08  ..,.........0.}.
0002dd90: 0a02 1182 b912 8130 0406 1281 3409 0701  .......0....4...
0002dda0: 1512 813c 0113 0007 1512 813c 0113 0008  ...<.......<....
0002ddb0: 0615 1281 3801 1300 090a 0115 1281 3c01  ....8.........<.
0002ddc0: 1300 4e01 0049 4361 7244 656d 6f2e 436f  ..N..ICarDemo.Co
0002ddd0: 6e74 726f 6c73 2e4d 6169 6e57 6562 5669  ntrols.MainWebVi
0002dde0: 6577 2b3c 3e63 5f5f 4469 7370 6c61 7943  ew+<>c__DisplayC
0002ddf0: 6c61 7373 3133 5f30 6031 2b3c 3c49 6e76  lass13_0`1+<<Inv
0002de00: 6f6b 6541 7379 6e63 3e62 5f5f 303e 6400  okeAsync>b__0>d.
0002de10: 0003 0613 0004 0612 84d9 0406 1284 9108  ................
0002de20: 0615 1182 bd01 1300 3407 0c08 1511 82bd  ........4.......
0002de30: 0113 0015 1281 3c01 1300 1511 82bd 010e  ......<.........
0002de40: 1511 82bd 010e 1284 d912 7d08 1182 b915  ..........}.....
0002de50: 1182 bd01 0e15 1182 bd01 0e12 7d07 1512  ............}...
0002de60: 8138 0113 000c 1512 8321 0115 1281 5501  .8.......!....U.
0002de70: 1300 0715 1281 5501 1300 0715 1182 bd01  ......U.........
0002de80: 1300 100a 0215 1182 bd01 1300 1512 813c  ...............<
0002de90: 0113 0002 1300 0f0a 0215 1182 bd01 0e15  ................
0002dea0: 1281 3c01 1300 0c0a 0211 82b9 1512 813c  ..<............<
0002deb0: 0113 0009 0701 1512 8144 0113 0007 1512  .........D......
0002dec0: 8144 0113 0007 1511 8151 0113 0008 0615  .D.......Q......
0002ded0: 1281 4001 1300 090a 0115 1281 4401 1300  ..@.........D...
0002dee0: 4e01 0049 4361 7244 656d 6f2e 436f 6e74  N..ICarDemo.Cont
0002def0: 726f 6c73 2e4d 6169 6e57 6562 5669 6577  rols.MainWebView
0002df00: 2b3c 3e63 5f5f 4469 7370 6c61 7943 6c61  +<>c__DisplayCla
0002df10: 7373 3134 5f30 6031 2b3c 3c49 6e76 6f6b  ss14_0`1+<<Invok
0002df20: 6541 7379 6e63 3e62 5f5f 303e 6400 0016  eAsync>b__0>d...
0002df30: 0706 0813 0002 1511 82bd 0113 0015 1281  ................
0002df40: 4401 1300 127d 0715 1281 4001 1300 0900  D....}....@.....
0002df50: 0202 1284 8112 8481 0620 021c 1c1d 1c10  ......... ......
0002df60: 0a02 1511 82bd 0113 0015 1281 4401 1300  ............D...
0002df70: 0507 0112 814c 050a 0112 814c 4d01 0048  .....L.....LM..H
0002df80: 4361 7244 656d 6f2e 436f 6e74 726f 6c73  CarDemo.Controls
0002df90: 2e4d 6169 6e57 6562 5669 6577 2b3c 3e63  .MainWebView+<>c
0002dfa0: 5f5f 4469 7370 6c61 7943 6c61 7373 3135  __DisplayClass15
0002dfb0: 5f30 2b3c 3c43 6f6e 6e65 6374 4173 796e  _0+<<ConnectAsyn
0002dfc0: 633e 625f 5f30 3e64 0000 0507 0112 8150  c>b__0>d.......P
0002dfd0: 050a 0112 8150 4d01 0048 4361 7244 656d  .....PM..HCarDem
0002dfe0: 6f2e 436f 6e74 726f 6c73 2e4d 6169 6e57  o.Controls.MainW
0002dff0: 6562 5669 6577 2b3c 3e63 5f5f 4469 7370  ebView+<>c__Disp
0002e000: 6c61 7943 6c61 7373 3135 5f30 2b3c 3c43  layClass15_0+<<C
0002e010: 6f6e 6e65 6374 4173 796e 633e 625f 5f31  onnectAsync>b__1
0002e020: 3e64 0000 0507 0112 8160 0507 0112 8154  >d.......`.....T
0002e030: 050a 0112 8154 4d01 0048 4361 7244 656d  .....TM..HCarDem
0002e040: 6f2e 436f 6e74 726f 6c73 2e4d 6169 6e57  o.Controls.MainW
0002e050: 6562 5669 6577 2b3c 3e63 5f5f 4469 7370  ebView+<>c__Disp
0002e060: 6c61 7943 6c61 7373 3135 5f30 2b3c 3c43  layClass15_0+<<C
0002e070: 6f6e 6e65 6374 4173 796e 633e 625f 5f35  onnectAsync>b__5
0002e080: 3e64 0000 0406 1281 4810 0706 0802 1511  >d......H.......
0002e090: 82bd 0102 1281 4c02 127d 0b0a 0215 1182  ......L..}......
0002e0a0: bd01 0212 814c 1007 0608 0215 1182 bd01  .....L..........
0002e0b0: 0212 8150 0212 7d0b 0a02 1511 82bd 0102  ...P..}.........
0002e0c0: 1281 500f 0705 0802 1511 82bd 0102 1281  ..P.............
0002e0d0: 5412 7d0b 0a02 1511 82bd 0102 1281 5405  T.}...........T.
0002e0e0: 0701 1281 5c05 0a01 1281 5c4d 0100 4843  ....\.....\M..HC
0002e0f0: 6172 4465 6d6f 2e43 6f6e 7472 6f6c 732e  arDemo.Controls.
0002e100: 4d61 696e 5765 6256 6965 772b 3c3e 635f  MainWebView+<>c_
0002e110: 5f44 6973 706c 6179 436c 6173 7331 355f  _DisplayClass15_
0002e120: 312b 3c3c 436f 6e6e 6563 7441 7379 6e63  1+<<ConnectAsync
0002e130: 3e62 5f5f 333e 6400 0004 0612 8158 0e07  >b__3>d......X..
0002e140: 0408 1511 82bd 0102 1281 5c12 7d0b 0a02  ..........\.}...
0002e150: 1511 82bd 0102 1281 5c05 0701 1281 6405  ........\.....d.
0002e160: 0a01 1281 644d 0100 4843 6172 4465 6d6f  ....dM..HCarDemo
0002e170: 2e43 6f6e 7472 6f6c 732e 4d61 696e 5765  .Controls.MainWe
0002e180: 6256 6965 772b 3c3e 635f 5f44 6973 706c  bView+<>c__Displ
0002e190: 6179 436c 6173 7331 355f 322b 3c3c 436f  ayClass15_2+<<Co
0002e1a0: 6e6e 6563 7441 7379 6e63 3e62 5f5f 343e  nnectAsync>b__4>
0002e1b0: 6400 0004 0612 8160 0b07 0408 1182 b912  d......`........
0002e1c0: 8164 127d 080a 0211 82b9 1281 6406 1001  .d.}........d...
0002e1d0: 001d 1e00 050a 0112 830d 0507 0112 816c  ...............l
0002e1e0: 0406 1281 6805 0701 1281 7005 0a01 1281  ....h.....p.....
0002e1f0: 704d 0100 4843 6172 4465 6d6f 2e43 6f6e  pM..HCarDemo.Con
0002e200: 7472 6f6c 732e 4d61 696e 5765 6256 6965  trols.MainWebVie
0002e210: 772b 3c3e 635f 5f44 6973 706c 6179 436c  w+<>c__DisplayCl
0002e220: 6173 7331 355f 342b 3c3c 436f 6e6e 6563  ass15_4+<<Connec
0002e230: 7441 7379 6e63 3e62 5f5f 383e 6400 0004  tAsync>b__8>d...
0002e240: 0612 816c 0b07 0408 1182 b912 8170 127d  ...l.........p.}
0002e250: 0600 020e 0e1d 1c08 0a02 1182 b912 8170  ...............p
0002e260: 0406 1281 0505 0701 1281 7805 0a01 1281  ..........x.....
0002e270: 7851 0100 4c43 6172 4465 6d6f 2e43 6f6e  xQ..LCarDemo.Con
0002e280: 7472 6f6c 732e 4d61 696e 5765 6256 6965  trols.MainWebVie
0002e290: 772b 3c3e 635f 5f44 6973 706c 6179 436c  w+<>c__DisplayCl
0002e2a0: 6173 7333 385f 302b 3c3c 5069 645f 5661  ass38_0+<<Pid_Va
0002e2b0: 6c75 6543 6861 6e67 6564 3e62 5f5f 303e  lueChanged>b__0>
0002e2c0: 6400 0004 0612 8174 0e07 0408 1511 82bd  d......t........
0002e2d0: 010e 1281 7812 7d0b 0a02 1511 82bd 010e  ....x.}.........
0002e2e0: 1281 7809 0615 1281 3101 1281 2d15 0703  ..x.....1...-...
0002e2f0: 1512 8131 0112 812d 1512 80bd 0112 812d  ...1...-.......-
0002e300: 1281 2d08 1512 8135 0112 812d 0815 1280  ..-....5...-....
0002e310: bd01 1281 2d05 2000 1284 d505 0701 1281  ....-. .........
0002e320: 8405 0a01 1281 845b 0100 5643 6172 4465  .......[..VCarDe
0002e330: 6d6f 2e43 6f6e 7472 6f6c 732e 4d61 696e  mo.Controls.Main
0002e340: 5765 6256 6965 772b 3c3e 635f 5f44 6973  WebView+<>c__Dis
0002e350: 706c 6179 436c 6173 7335 325f 302b 3c3c  playClass52_0+<<
0002e360: 4164 6170 7465 725f 5363 616e 5469 6d65  Adapter_ScanTime
0002e370: 6f75 7445 6c61 7073 6564 3e62 5f5f 303e  outElapsed>b__0>
0002e380: 6400 0004 0612 8180 0e07 0408 1511 82bd  d...............
0002e390: 010e 1281 8412 7d0b 0a02 1511 82bd 010e  ......}.........
0002e3a0: 1281 8405 0701 1281 8c05 0a01 1281 8c59  ...............Y
0002e3b0: 0100 5443 6172 4465 6d6f 2e43 6f6e 7472  ..TCarDemo.Contr
0002e3c0: 6f6c 732e 4d61 696e 5765 6256 6965 772b  ols.MainWebView+
0002e3d0: 3c3e 635f 5f44 6973 706c 6179 436c 6173  <>c__DisplayClas
0002e3e0: 7335 335f 302b 3c3c 4164 6170 7465 725f  s53_0+<<Adapter_
0002e3f0: 4465 7669 6365 4469 7363 6f76 6572 6564  DeviceDiscovered
0002e400: 3e62 5f5f 303e 6400 0004 0612 8188 0e07  >b__0>d.........
0002e410: 0408 1511 82bd 010e 1281 8c12 7d0b 0a02  ............}...
0002e420: 1511 82bd 010e 1281 8c05 0701 1281 9405  ................
0002e430: 0a01 1281 9451 0100 4c43 6172 4465 6d6f  .....Q..LCarDemo
0002e440: 2e43 6f6e 7472 6f6c 732e 4d61 696e 5765  .Controls.MainWe
0002e450: 6256 6965 772b 3c3e 635f 5f44 6973 706c  bView+<>c__Displ
0002e460: 6179 436c 6173 7335 345f 302b 3c3c 426c  ayClass54_0+<<Bl
0002e470: 655f 5374 6174 6543 6861 6e67 6564 3e62  e_StateChanged>b
0002e480: 5f5f 303e 6400 0004 0612 8190 0e07 0408  __0>d...........
0002e490: 1511 82bd 010e 1281 9412 7d0b 0a02 1511  ..........}.....
0002e4a0: 82bd 010e 1281 9405 0701 1281 9c05 0a01  ................
0002e4b0: 1281 9c5d 0100 5843 6172 4465 6d6f 2e43  ...]..XCarDemo.C
0002e4c0: 6f6e 7472 6f6c 732e 4d61 696e 5765 6256  ontrols.MainWebV
0002e4d0: 6965 772b 3c3e 635f 5f44 6973 706c 6179  iew+<>c__Display
0002e4e0: 436c 6173 7335 385f 302b 3c3c 4274 6d61  Class58_0+<<Btma
0002e4f0: 6e61 6765 725f 4f6e 4465 7669 6365 4469  nager_OnDeviceDi
0002e500: 7363 6f76 6572 6564 3e62 5f5f 303e 6400  scovered>b__0>d.
0002e510: 0004 0612 8198 0e07 0408 1511 82bd 010e  ................
0002e520: 1281 9c12 7d0b 0a02 1511 82bd 010e 1281  ....}...........
0002e530: 9c05 0701 1281 a405 0a01 1281 a459 0100  .............Y..
0002e540: 5443 6172 4465 6d6f 2e43 6f6e 7472 6f6c  TCarDemo.Control
0002e550: 732e 4d61 696e 5765 6256 6965 772b 3c3e  s.MainWebView+<>
0002e560: 635f 5f44 6973 706c 6179 436c 6173 7335  c__DisplayClass5
0002e570: 395f 302b 3c3c 4274 6d61 6e61 6765 725f  9_0+<<Btmanager_
0002e580: 4f6e 5363 616e 4669 6e69 7368 6564 3e62  OnScanFinished>b
0002e590: 5f5f 303e 6400 0004 0612 81a0 0e07 0408  __0>d...........
0002e5a0: 1511 82bd 010e 1281 a412 7d0b 0a02 1511  ..........}.....
0002e5b0: 82bd 010e 1281 a404 0611 80f9 0507 0112  ................
0002e5c0: 81ac 050a 0112 81ac 5701 0052 4361 7244  ........W..RCarD
0002e5d0: 656d 6f2e 436f 6e74 726f 6c73 2e4d 6169  emo.Controls.Mai
0002e5e0: 6e57 6562 5669 6577 2b3c 3e63 5f5f 4469  nWebView+<>c__Di
0002e5f0: 7370 6c61 7943 6c61 7373 355f 302b 3c3c  splayClass5_0+<<
0002e600: 4f42 4452 6561 6465 725f 5374 6174 7573  OBDReader_Status
0002e610: 4368 616e 6765 643e 625f 5f30 3e64 0000  Changed>b__0>d..
0002e620: 0406 1281 a80b 0704 0811 82b9 1281 ac12  ................
0002e630: 7d08 0a02 1182 b912 81ac 0507 0112 81b4  }...............
0002e640: 050a 0112 81b4 5901 0054 4361 7244 656d  ......Y..TCarDem
0002e650: 6f2e 436f 6e74 726f 6c73 2e4d 6169 6e57  o.Controls.MainW
0002e660: 6562 5669 6577 2b3c 3e63 5f5f 4469 7370  ebView+<>c__Disp
0002e670: 6c61 7943 6c61 7373 3630 5f30 2b3c 3c42  layClass60_0+<<B
0002e680: 746d 616e 6167 6572 5f4f 6e53 7461 7465  tmanager_OnState
0002e690: 4368 616e 6765 643e 625f 5f30 3e64 0000  Changed>b__0>d..
0002e6a0: 0406 1281 b00e 0704 0815 1182 bd01 0e12  ................
0002e6b0: 81b4 127d 0b0a 0215 1182 bd01 0e12 81b4  ...}............
0002e6c0: 0e07 0408 1511 82bd 010e 1281 b812 7d07  ..............}.
0002e6d0: 0004 0e0e 0e0e 0e0b 0a02 1511 82bd 010e  ................
0002e6e0: 1281 b804 0612 846d 0906 1512 8471 0112  .......m.....q..
0002e6f0: 846d 0906 1511 82bd 0112 846d 1d07 0708  .m.........m....
0002e700: 1300 1511 82bd 010e 1512 81bc 0113 0002  ................
0002e710: 1511 82bd 0112 846d 127d 0715 1281 bc01  .......m.}......
0002e720: 1300 0f0a 0215 1182 bd01 0e15 1281 bc01  ................
0002e730: 1300 0600 0112 8491 0e06 2001 1284 6d0e  .......... ...m.
0002e740: 0815 1284 7101 1284 6d08 1512 8155 0112  ....q...m....U..
0002e750: 846d 0815 1182 bd01 1284 6d11 0a02 1511  .m........m.....
0002e760: 82bd 0112 846d 1512 81bc 0113 0048 0718  .....m.......H..
0002e770: 080e 0202 0215 1182 bd01 0212 81c0 0211  ................
0002e780: 82b9 0215 1182 bd01 0215 1182 bd01 0202  ................
0002e790: 0215 1182 bd01 0211 82b9 1511 82bd 0102  ................
0002e7a0: 0202 1511 82bd 0102 1182 b915 1182 bd01  ................
0002e7b0: 0211 82b9 127d 0b0a 0215 1182 bd01 0212  .....}..........
0002e7c0: 81c0 080a 0211 82b9 1281 c004 0612 83a9  ................
0002e7d0: 0406 1284 8909 0615 1281 0101 1284 8d09  ................
0002e7e0: 0615 1280 bd01 1284 6d0c 0705 0802 1182  ........m.......
0002e7f0: b912 81c4 127d 0815 1281 0101 1284 8d09  .....}..........
0002e800: 2002 1284 810e 1183 f508 0a02 1182 b912   ...............
0002e810: 81c4 0306 1d0e 0706 1511 84ed 0102 80f3  ................
0002e820: 0760 0802 1182 b912 81c8 020e 0e02 0215  .`..............
0002e830: 1182 bd01 1183 4111 82b9 1182 b902 0211  ......A.........
0002e840: 82b9 0211 82b9 0215 1182 bd01 0e11 82b9  ................
0002e850: 1182 b902 0202 1182 b911 82b9 0211 82b9  ................
0002e860: 0202 1182 b902 1182 b902 1511 84ed 0102  ................
0002e870: 1511 84e9 0102 1182 b902 0215 1182 bd01  ................
0002e880: 0215 1184 ed01 0211 82b9 1182 e511 82e5  ................
0002e890: 1182 b911 82b9 0202 0202 0202 1182 b902  ................
0002e8a0: 1183 5111 834d 1182 b902 0802 0202 0211  ..Q..M..........
0002e8b0: 82b9 1511 82bd 0102 0211 82b9 1182 b911  ................
0002e8c0: 82b9 1511 82bd 010e 1182 b911 82b9 0215  ................
0002e8d0: 1182 bd01 0202 0211 82b9 0215 1182 bd01  ................
0002e8e0: 0211 82b9 0215 1182 bd01 0202 0202 0202  ................
0002e8f0: 1511 82bd 0102 0215 1182 bd01 0215 1182  ................
0002e900: bd01 0202 1511 82bd 0102 0215 1182 bd01  ................
0002e910: 0212 7d08 0a02 1182 b912 81c8 0620 0101  ..}.......... ..
0002e920: 1182 e508 2002 1d0e 0e11 84f1 0d0a 0215  .... ...........
0002e930: 1182 bd01 1183 4112 81c8 0b0a 0215 1182  ......A.........
0002e940: bd01 0e12 81c8 0b15 1283 2101 1512 8155  ..........!....U
0002e950: 0102 1610 0101 1512 8155 011e 0015 1283  .........U......
0002e960: 2101 1512 8155 011e 0003 0a01 020a 2001  !....U........ .
0002e970: 1511 84e9 0113 0002 0615 1184 e901 0209  ................
0002e980: 2000 1511 84ed 0113 0006 1511 84ed 0102   ...............
0002e990: 0b0a 0215 1184 ed01 0212 81c8 0b0a 0215  ................
0002e9a0: 1182 bd01 0212 81c8 080a 0211 8351 1281  .............Q..
0002e9b0: c80c 0705 0802 1182 b912 81cc 127d 080a  .............}..
0002e9c0: 0211 82b9 1281 cc0d 0706 0802 0211 82b9  ................
0002e9d0: 1281 d012 7d08 0a02 1182 b912 81d0 1607  ....}...........
0002e9e0: 0808 0211 82b9 1281 d402 1182 b915 1182  ................
0002e9f0: bd01 0212 7d08 0a02 1182 b912 81d4 0b0a  ....}...........
0002ea00: 0215 1182 bd01 0212 81d4 0406 1281 7c04  ..............|.
0002ea10: 0611 84f5 0906 1512 8101 0112 812d 0406  .............-..
0002ea20: 1281 2d09 0615 1184 f901 1281 2d09 0615  ..-.........-...
0002ea30: 1280 bd01 1281 2d24 0710 080e 0211 82b9  ......-$........
0002ea40: 1281 d802 1182 b911 82b9 127d 0811 82b9  ...........}....
0002ea50: 0211 82b9 1182 b911 82b9 127d 080a 0211  ...........}....
0002ea60: 82b9 1281 d808 1512 8131 0112 812d 0815  .........1...-..
0002ea70: 1281 0101 1281 2d06 2001 0112 84d5 0920  ......-. ...... 
0002ea80: 0015 1184 f901 1300 0815 1184 f901 1281  ................
0002ea90: 2d34 0712 0811 82b9 1281 dc11 82b9 1182  -4..............
0002eaa0: b911 82b9 1182 b915 1182 bd01 0211 82b9  ................
0002eab0: 1182 b902 1182 b902 1182 b911 82b9 1182  ................
0002eac0: b911 82b9 127d 080a 0211 82b9 1281 dc0b  .....}..........
0002ead0: 0a02 1511 82bd 0102 1281 dc0e 0615 1281  ................
0002eae0: 0101 1512 8101 0112 84fd 0406 1284 8d09  ................
0002eaf0: 0615 1184 f901 1284 8d0c 0705 080e 1182  ................
0002eb00: b912 81e0 127d 080a 0211 82b9 1281 e00d  .....}..........
0002eb10: 1512 8101 0115 1281 0101 1284 fd08 1511  ................
0002eb20: 84f9 0112 848d 0a20 0015 1281 0101 1284  ....... ........
0002eb30: fd09 0615 1280 bd01 1285 0104 0612 8501  ................
0002eb40: 0c07 0508 0e11 82b9 1281 e412 7d08 0a02  ............}...
0002eb50: 1182 b912 81e4 0520 0012 8505 0a20 0015  ....... ..... ..
0002eb60: 1280 ed01 1285 0108 1512 8109 0112 8501  ................
0002eb70: 0815 1280 bd01 1285 0104 0612 8509 0f07  ................
0002eb80: 0508 0e15 1182 bd01 0e12 81e8 127d 0620  .............}. 
0002eb90: 0101 1280 d50b 0a02 1511 82bd 010e 1281  ................
0002eba0: e80a 2000 1512 8131 0112 850d 0b07 0408  .. ....1........
0002ebb0: 1182 b912 81ec 127d 080a 0211 82b9 1281  .......}........
0002ebc0: ec02 060a 0d07 0608 0202 1182 b912 81f0  ................
0002ebd0: 127d 0600 0112 846d 0a08 2002 0213 0010  .}.....m.. .....
0002ebe0: 1301 080a 0211 82b9 1281 f00e 0707 0802  ................
0002ebf0: 0202 1182 b912 81f4 127d 080a 0211 82b9  .........}......
0002ec00: 1281 f40e 0704 0815 1182 bd01 0e12 81f8  ................
0002ec10: 127d 0b0a 0215 1182 bd01 0e12 81f8 0e07  .}..............
0002ec20: 0408 1511 82bd 010e 1281 fc12 7d0b 0a02  ............}...
0002ec30: 1511 82bd 010e 1281 fc0e 0704 0815 1182  ................
0002ec40: bd01 0e12 8200 127d 0b0a 0215 1182 bd01  .......}........
0002ec50: 0e12 8200 0801 0008 0000 0000 001e 0100  ................
0002ec60: 0100 5402 1657 7261 704e 6f6e 4578 6365  ..T..WrapNonExce
0002ec70: 7074 696f 6e54 6872 6f77 7301 0620 0101  ptionThrows.. ..
0002ec80: 1185 2108 0100 0701 0000 0000 0620 0101  ..!.......... ..
0002ec90: 1185 2908 0100 0200 0000 0000 4701 0019  ..).........G...
0002eca0: 2e4e 4554 5374 616e 6461 7264 2c56 6572  .NETStandard,Ver
0002ecb0: 7369 6f6e 3d76 322e 3101 0054 0e14 4672  sion=v2.1..T..Fr
0002ecc0: 616d 6577 6f72 6b44 6973 706c 6179 4e61  ameworkDisplayNa
0002ecd0: 6d65 112e 4e45 5420 5374 616e 6461 7264  me..NET Standard
0002ece0: 2032 2e31 0720 0301 0e0e 1269 2a01 0010   2.1. .....i*...
0002ecf0: 4361 7244 656d 6f2e 4170 702e 7861 6d6c  CarDemo.App.xaml
0002ed00: 0841 7070 2e78 616d 6c0b 4361 7244 656d  .App.xaml.CarDem
0002ed10: 6f2e 4170 7000 0039 0100 1543 6172 4465  o.App..9...CarDe
0002ed20: 6d6f 2e4d 6169 6e50 6167 652e 7861 6d6c  mo.MainPage.xaml
0002ed30: 0d4d 6169 6e50 6167 652e 7861 6d6c 1043  .MainPage.xaml.C
0002ed40: 6172 4465 6d6f 2e4d 6169 6e50 6167 6500  arDemo.MainPage.
0002ed50: 000c 0100 0743 6172 4465 6d6f 0000 0a01  .....CarDemo....
0002ed60: 0005 4465 6275 6700 000c 0100 0731 2e30  ..Debug......1.0
0002ed70: 2e30 2e30 0000 3301 002e 312e 302e 302b  .0.0..3...1.0.0+
0002ed80: 3534 3136 3536 3832 6164 3465 3734 3566  54165682ad4e745f
0002ed90: 3766 3733 6566 3862 6234 3536 3935 6165  7f73ef8bb45695ae
0002eda0: 3131 3964 3137 3930 0000 0801 000b 0000  119d1790........
0002edb0: 0000 0000 0000 0000 912b f9c8 0001 4d50  .........+....MP
0002edc0: 0200 0000 5500 0000 ec0b 0300 eced 0200  ....U...........
0002edd0: 0000 0000 0000 0000 0000 0000 1000 0000  ................
0002ede0: 0000 0000 0000 0000 41ee 0200 5253 4453  ........A...RSDS
0002edf0: 1c4d 98ac c36a 4145 9759 522d bcd5 f48f  .M...jAE.YR-....
0002ee00: 0100 0000 433a 5c46 6172 6d5c 4361 7244  ....C:\Farm\CarD
0002ee10: 656d 6f5c 4361 7244 656d 6f5c 6f62 6a5c  emo\CarDemo\obj\
0002ee20: 4465 6275 675c 6e65 7473 7461 6e64 6172  Debug\netstandar
0002ee30: 6432 2e31 5c43 6172 4465 6d6f 2e70 6462  d2.1\CarDemo.pdb
0002ee40: 0000 0000 6c0c 0300 0000 0000 0000 0000  ....l...........
0002ee50: 8e0c 0300 0020 0000 0000 0000 0000 0000  ..... ..........
0002ee60: 0000 0000 0000 0000 0000 0000 800c 0300  ................
0002ee70: 0000 0000 0000 0000 0000 0000 0000 0000  ................
0002ee80: 0000 5f43 6f72 446c 6c4d 6169 6e00 6d73  .._CorDllMain.ms
0002ee90: 636f 7265 652e 646c 6c00 0000 0000 ff25  coree.dll......%
0002eea0: 0020 4000 0000 0000 0000 0000 0000 0000  . @.............
0002eeb0: 0000 0000 0000 0000 0000 0000 0000 0000  ................
0002eec0: 0000 0000 0000 0000 0000 0000 0000 0000  ................
0002eed0: 0000 0000 0000 0000 0000 0000 0000 0000  ................
0002eee0: 0000 0000 0000 0000 0000 0000 0000 0000  ................
0002eef0: 0000 0000 0000 0000 0000 0000 0000 0000  ................
0002ef00: 0000 0000 0000 0000 0000 0000 0000 0000  ................
0002ef10: 0000 0000 0000 0000 0000 0000 0000 0000  ................
0002ef20: 0000 0000 0000 0000 0000 0000 0000 0000  ................
0002ef30: 0000 0000 0000 0000 0000 0000 0000 0000  ................
0002ef40: 0000 0000 0000 0000 0000 0000 0000 0000  ................
0002ef50: 0000 0000 0000 0000 0000 0000 0000 0000  ................
0002ef60: 0000 0000 0000 0000 0000 0000 0000 0000  ................
0002ef70: 0000 0000 0000 0000 0000 0000 0000 0000  ................
0002ef80: 0000 0000 0000 0000 0000 0000 0000 0000  ................
0002ef90: 0000 0000 0000 0000 0000 0000 0000 0000  ................
0002efa0: 0000 0000 0000 0000 0000 0000 0000 0000  ................
0002efb0: 0000 0000 0000 0000 0000 0000 0000 0000  ................
0002efc0: 0000 0000 0000 0000 0000 0000 0000 0000  ................
0002efd0: 0000 0000 0000 0000 0000 0000 0000 0000  ................
0002efe0: 0000 0000 0000 0000 0000 0000 0000 0000  ................
0002eff0: 0000 0000 0000 0000 0000 0000 0000 0000  ................
0002f000: 0000 0000 0000 0000 0000 0000 0000 0100  ................
0002f010: 1000 0000 1800 0080 0000 0000 0000 0000  ................
0002f020: 0000 0000 0000 0100 0100 0000 3000 0080  ............0...
0002f030: 0000 0000 0000 0000 0000 0000 0000 0100  ................
0002f040: 0000 0000 4800 0000 5820 0300 0003 0000  ....H...X ......
0002f050: 0000 0000 0000 0000 0003 3400 0000 5600  ..........4...V.
0002f060: 5300 5f00 5600 4500 5200 5300 4900 4f00  S._.V.E.R.S.I.O.
0002f070: 4e00 5f00 4900 4e00 4600 4f00 0000 0000  N._.I.N.F.O.....
0002f080: bd04 effe 0000 0100 0000 0100 0000 0000  ................
0002f090: 0000 0100 0000 0000 3f00 0000 0000 0000  ........?.......
0002f0a0: 0400 0000 0200 0000 0000 0000 0000 0000  ................
0002f0b0: 0000 0000 4400 0000 0100 5600 6100 7200  ....D.....V.a.r.
0002f0c0: 4600 6900 6c00 6500 4900 6e00 6600 6f00  F.i.l.e.I.n.f.o.
0002f0d0: 0000 0000 2400 0400 0000 5400 7200 6100  ....$.....T.r.a.
0002f0e0: 6e00 7300 6c00 6100 7400 6900 6f00 6e00  n.s.l.a.t.i.o.n.
0002f0f0: 0000 0000 0000 b004 6002 0000 0100 5300  ........`.....S.
0002f100: 7400 7200 6900 6e00 6700 4600 6900 6c00  t.r.i.n.g.F.i.l.
0002f110: 6500 4900 6e00 6600 6f00 0000 3c02 0000  e.I.n.f.o...<...
0002f120: 0100 3000 3000 3000 3000 3000 3400 6200  ..0.0.0.0.0.4.b.
0002f130: 3000 0000 3000 0800 0100 4300 6f00 6d00  0...0.....C.o.m.
0002f140: 7000 6100 6e00 7900 4e00 6100 6d00 6500  p.a.n.y.N.a.m.e.
0002f150: 0000 0000 4300 6100 7200 4400 6500 6d00  ....C.a.r.D.e.m.
0002f160: 6f00 0000 3800 0800 0100 4600 6900 6c00  o...8.....F.i.l.
0002f170: 6500 4400 6500 7300 6300 7200 6900 7000  e.D.e.s.c.r.i.p.
0002f180: 7400 6900 6f00 6e00 0000 0000 4300 6100  t.i.o.n.....C.a.
0002f190: 7200 4400 6500 6d00 6f00 0000 3000 0800  r.D.e.m.o...0...
0002f1a0: 0100 4600 6900 6c00 6500 5600 6500 7200  ..F.i.l.e.V.e.r.
0002f1b0: 7300 6900 6f00 6e00 0000 0000 3100 2e00  s.i.o.n.....1...
0002f1c0: 3000 2e00 3000 2e00 3000 0000 3800 0c00  0...0...0...8...
0002f1d0: 0100 4900 6e00 7400 6500 7200 6e00 6100  ..I.n.t.e.r.n.a.
0002f1e0: 6c00 4e00 6100 6d00 6500 0000 4300 6100  l.N.a.m.e...C.a.
0002f1f0: 7200 4400 6500 6d00 6f00 2e00 6400 6c00  r.D.e.m.o...d.l.
0002f200: 6c00 0000 2800 0200 0100 4c00 6500 6700  l...(.....L.e.g.
0002f210: 6100 6c00 4300 6f00 7000 7900 7200 6900  a.l.C.o.p.y.r.i.
0002f220: 6700 6800 7400 0000 2000 0000 4000 0c00  g.h.t... ...@...
0002f230: 0100 4f00 7200 6900 6700 6900 6e00 6100  ..O.r.i.g.i.n.a.
0002f240: 6c00 4600 6900 6c00 6500 6e00 6100 6d00  l.F.i.l.e.n.a.m.
0002f250: 6500 0000 4300 6100 7200 4400 6500 6d00  e...C.a.r.D.e.m.
0002f260: 6f00 2e00 6400 6c00 6c00 0000 3000 0800  o...d.l.l...0...
0002f270: 0100 5000 7200 6f00 6400 7500 6300 7400  ..P.r.o.d.u.c.t.
0002f280: 4e00 6100 6d00 6500 0000 0000 4300 6100  N.a.m.e.....C.a.
0002f290: 7200 4400 6500 6d00 6f00 0000 8200 2f00  r.D.e.m.o...../.
0002f2a0: 0100 5000 7200 6f00 6400 7500 6300 7400  ..P.r.o.d.u.c.t.
0002f2b0: 5600 6500 7200 7300 6900 6f00 6e00 0000  V.e.r.s.i.o.n...
0002f2c0: 3100 2e00 3000 2e00 3000 2b00 3500 3400  1...0...0.+.5.4.
0002f2d0: 3100 3600 3500 3600 3800 3200 6100 6400  1.6.5.6.8.2.a.d.
0002f2e0: 3400 6500 3700 3400 3500 6600 3700 6600  4.e.7.4.5.f.7.f.
0002f2f0: 3700 3300 6500 6600 3800 6200 6200 3400  7.3.e.f.8.b.b.4.
0002f300: 3500 3600 3900 3500 6100 6500 3100 3100  5.6.9.5.a.e.1.1.
0002f310: 3900 6400 3100 3700 3900 3000 0000 0000  9.d.1.7.9.0.....
0002f320: 3800 0800 0100 4100 7300 7300 6500 6d00  8.....A.s.s.e.m.
0002f330: 6200 6c00 7900 2000 5600 6500 7200 7300  b.l.y. .V.e.r.s.
0002f340: 6900 6f00 6e00 0000 3100 2e00 3000 2e00  i.o.n...1...0...
0002f350: 3000 2e00 3000 0000 0000 0000 0000 0000  0...0...........
0002f360: 0000 0000 0000 0000 0000 0000 0000 0000  ................
0002f370: 0000 0000 0000 0000 0000 0000 0000 0000  ................
0002f380: 0000 0000 0000 0000 0000 0000 0000 0000  ................
0002f390: 0000 0000 0000 0000 0000 0000 0000 0000  ................
0002f3a0: 0000 0000 0000 0000 0000 0000 0000 0000  ................
0002f3b0: 0000 0000 0000 0000 0000 0000 0000 0000  ................
0002f3c0: 0000 0000 0000 0000 0000 0000 0000 0000  ................
0002f3d0: 0000 0000 0000 0000 0000 0000 0000 0000  ................
0002f3e0: 0000 0000 0000 0000 0000 0000 0000 0000  ................
0002f3f0: 0000 0000 0000 0000 0000 0000 0000 0000  ................
0002f400: 0000 0300 0c00 0000 a03c 0000 0000 0000  .........<......
0002f410: 0000 0000 0000 0000 0000 0000 0000 0000  ................
0002f420: 0000 0000 0000 0000 0000 0000 0000 0000  ................
0002f430: 0000 0000 0000 0000 0000 0000 0000 0000  ................
0002f440: 0000 0000 0000 0000 0000 0000 0000 0000  ................
0002f450: 0000 0000 0000 0000 0000 0000 0000 0000  ................
0002f460: 0000 0000 0000 0000 0000 0000 0000 0000  ................
0002f470: 0000 0000 0000 0000 0000 0000 0000 0000  ................
0002f480: 0000 0000 0000 0000 0000 0000 0000 0000  ................
0002f490: 0000 0000 0000 0000 0000 0000 0000 0000  ................
0002f4a0: 0000 0000 0000 0000 0000 0000 0000 0000  ................
0002f4b0: 0000 0000 0000 0000 0000 0000 0000 0000  ................
0002f4c0: 0000 0000 0000 0000 0000 0000 0000 0000  ................
0002f4d0: 0000 0000 0000 0000 0000 0000 0000 0000  ................
0002f4e0: 0000 0000 0000 0000 0000 0000 0000 0000  ................
0002f4f0: 0000 0000 0000 0000 0000 0000 0000 0000  ................
0002f500: 0000 0000 0000 0000 0000 0000 0000 0000  ................
0002f510: 0000 0000 0000 0000 0000 0000 0000 0000  ................
0002f520: 0000 0000 0000 0000 0000 0000 0000 0000  ................
0002f530: 0000 0000 0000 0000 0000 0000 0000 0000  ................
0002f540: 0000 0000 0000 0000 0000 0000 0000 0000  ................
0002f550: 0000 0000 0000 0000 0000 0000 0000 0000  ................
0002f560: 0000 0000 0000 0000 0000 0000 0000 0000  ................
0002f570: 0000 0000 0000 0000 0000 0000 0000 0000  ................
0002f580: 0000 0000 0000 0000 0000 0000 0000 0000  ................
0002f590: 0000 0000 0000 0000 0000 0000 0000 0000  ................
0002f5a0: 0000 0000 0000 0000 0000 0000 0000 0000  ................
0002f5b0: 0000 0000 0000 0000 0000 0000 0000 0000  ................
0002f5c0: 0000 0000 0000 0000 0000 0000 0000 0000  ................
0002f5d0: 0000 0000 0000 0000 0000 0000 0000 0000  ................
0002f5e0: 0000 0000 0000 0000 0000 0000 0000 0000  ................
0002f5f0: 0000 0000 0000 0000 0000 0000 0000 0000  ................
